airline,source,destination,duration,total_stops,additional_info,dep_time_hour,dep_time_min,dtoj_day,dtoj_month,dtoj_year,route_key,price
Air Asia,kolkata,banglore,150,0,no info,19,55,6,5,2019,"('kolkata', 'banglore')",4409
Jet Airways,delhi,cochin,450,1,in-flight meal not included,20,55,9,5,2019,"('delhi', 'cochin')",12373
Indigo,delhi,cochin,305,1,no info,20,25,27,5,2019,"('delhi', 'cochin')",5054
Jet Airways,banglore,new delhi,375,1,no info,9,45,12,3,2019,"('banglore', 'new delhi')",12295
Indigo,mumbai,hyderabad,90,0,no info,16,55,12,5,2019,"('mumbai', 'hyderabad')",3603
Indigo,banglore,delhi,175,0,no info,7,10,1,5,2019,"('banglore', 'delhi')",4823
Air Asia,delhi,cochin,625,1,no info,20,45,6,6,2019,"('delhi', 'cochin')",11410
Jet Airways,delhi,cochin,940,1,in-flight meal not included,20,55,24,6,2019,"('delhi', 'cochin')",10262
Jet Airways,delhi,cochin,1705,2,no info,8,10,12,6,2019,"('delhi', 'cochin')",14300
Air India,delhi,cochin,1660,1,no info,4,0,9,3,2019,"('delhi', 'cochin')",10315
Air India,delhi,cochin,1100,2,no info,13,20,6,6,2019,"('delhi', 'cochin')",12751
Jet Airways,kolkata,banglore,910,1,in-flight meal not included,18,55,24,5,2019,"('kolkata', 'banglore')",8586
Air India,delhi,cochin,1335,1,no info,21,0,27,5,2019,"('delhi', 'cochin')",8372
Vistara,delhi,cochin,190,0,no info,14,40,1,4,2019,"('delhi', 'cochin')",4851
Multiple Carriers,delhi,cochin,780,1,no info,6,0,18,5,2019,"('delhi', 'cochin')",9794
Jet Airways,banglore,new delhi,1285,1,in-flight meal not included,22,55,12,3,2019,"('banglore', 'new delhi')",11087
Indigo,delhi,cochin,415,1,no info,18,35,24,6,2019,"('delhi', 'cochin')",5883
Air India,banglore,delhi,165,0,no info,6,10,24,4,2019,"('banglore', 'delhi')",5228
Jet Airways,delhi,cochin,1425,1,no info,19,15,1,6,2019,"('delhi', 'cochin')",14714
Jet Airways,mumbai,hyderabad,90,0,no info,10,20,21,3,2019,"('mumbai', 'hyderabad')",8040
Jet Airways,mumbai,hyderabad,85,0,in-flight meal not included,7,5,18,5,2019,"('mumbai', 'hyderabad')",4050
Multiple Carriers,delhi,cochin,465,1,no info,11,30,21,5,2019,"('delhi', 'cochin')",14848
Multiple Carriers,delhi,cochin,720,1,no info,9,0,9,5,2019,"('delhi', 'cochin')",8073
Spicejet,delhi,cochin,270,1,no info,8,45,6,6,2019,"('delhi', 'cochin')",5264
Air India,mumbai,hyderabad,75,0,no info,19,30,9,5,2019,"('mumbai', 'hyderabad')",3100
Air Asia,kolkata,banglore,500,2,no info,15,10,24,5,2019,"('kolkata', 'banglore')",5192
Air India,kolkata,banglore,1440,1,no info,14,35,18,5,2019,"('kolkata', 'banglore')",6528
Air India,delhi,cochin,795,1,no info,9,45,18,5,2019,"('delhi', 'cochin')",8907
Multiple Carriers,delhi,cochin,375,1,no info,13,0,27,5,2019,"('delhi', 'cochin')",15898
Indigo,mumbai,hyderabad,85,0,no info,21,20,3,3,2019,"('mumbai', 'hyderabad')",4784
Jet Airways,banglore,new delhi,805,1,in-flight meal not included,5,45,21,3,2019,"('banglore', 'new delhi')",7832
Multiple Carriers,delhi,cochin,755,1,no info,6,40,3,6,2019,"('delhi', 'cochin')",7354
Air India,delhi,cochin,1180,2,no info,12,0,18,5,2019,"('delhi', 'cochin')",8603
Indigo,delhi,cochin,895,1,no info,10,35,9,4,2019,"('delhi', 'cochin')",6270
Spicejet,chennai,kolkata,140,0,no info,17,45,24,5,2019,"('chennai', 'kolkata')",3597
Jet Airways,banglore,delhi,175,0,in-flight meal not included,15,15,1,6,2019,"('banglore', 'delhi')",7229
Indigo,banglore,delhi,175,0,no info,7,10,18,5,2019,"('banglore', 'delhi')",4823
Jet Airways,banglore,new delhi,1420,1,in-flight meal not included,8,0,21,3,2019,"('banglore', 'new delhi')",7832
Air India,banglore,delhi,165,0,no info,17,0,12,5,2019,"('banglore', 'delhi')",5438
Jet Airways,kolkata,banglore,1685,1,no info,17,0,12,5,2019,"('kolkata', 'banglore')",12121
Indigo,kolkata,banglore,290,1,no info,15,15,24,4,2019,"('kolkata', 'banglore')",4565
Air Asia,banglore,delhi,170,0,no info,4,55,1,4,2019,"('banglore', 'delhi')",4282
Air India,banglore,new delhi,1710,2,no info,6,50,12,3,2019,"('banglore', 'new delhi')",12734
Vistara,banglore,delhi,170,0,no info,21,0,9,6,2019,"('banglore', 'delhi')",4668
Multiple Carriers,delhi,cochin,455,1,in-flight meal not included,14,55,15,6,2019,"('delhi', 'cochin')",6093
Jet Airways,kolkata,banglore,1655,1,no info,20,0,1,4,2019,"('kolkata', 'banglore')",12681
Air India,delhi,cochin,1730,2,no info,14,25,9,6,2019,"('delhi', 'cochin')",13381
Jet Airways,banglore,new delhi,365,1,in-flight meal not included,16,55,12,3,2019,"('banglore', 'new delhi')",11087
Multiple Carriers,delhi,cochin,455,1,no info,14,55,15,5,2019,"('delhi', 'cochin')",6513
Multiple Carriers,delhi,cochin,780,1,no info,8,0,1,6,2019,"('delhi', 'cochin')",13587
Spicejet,banglore,delhi,160,0,no check-in baggage included,5,55,15,5,2019,"('banglore', 'delhi')",3257
Spicejet,chennai,kolkata,135,0,no check-in baggage included,8,20,24,3,2019,"('chennai', 'kolkata')",3807
Jet Airways,delhi,cochin,1295,2,in-flight meal not included,21,25,15,6,2019,"('delhi', 'cochin')",10588
Jet Airways,banglore,delhi,175,0,no info,15,15,9,6,2019,"('banglore', 'delhi')",8016
Jet Airways,kolkata,banglore,450,1,in-flight meal not included,21,10,1,4,2019,"('kolkata', 'banglore')",8849
Jet Airways,delhi,cochin,610,1,no info,18,15,3,6,2019,"('delhi', 'cochin')",14714
Jet Airways,kolkata,banglore,1220,1,no info,8,25,24,3,2019,"('kolkata', 'banglore')",13759
Multiple Carriers,delhi,cochin,900,1,no info,6,0,6,6,2019,"('delhi', 'cochin')",7005
Jet Airways,banglore,new delhi,550,1,no info,7,0,1,3,2019,"('banglore', 'new delhi')",26890
Indigo,delhi,cochin,415,1,no info,18,35,21,5,2019,"('delhi', 'cochin')",7006
Air India,delhi,cochin,375,1,no info,13,0,27,5,2019,"('delhi', 'cochin')",9719
Air India,delhi,cochin,1275,2,no info,22,0,1,5,2019,"('delhi', 'cochin')",11281
Indigo,chennai,kolkata,140,0,no info,13,15,24,5,2019,"('chennai', 'kolkata')",3597
Air India,kolkata,banglore,150,0,no info,14,15,18,4,2019,"('kolkata', 'banglore')",5510
Jet Airways,kolkata,banglore,1480,1,in-flight meal not included,20,25,9,6,2019,"('kolkata', 'banglore')",10539
Jet Airways,delhi,cochin,540,1,in-flight meal not included,10,0,1,4,2019,"('delhi', 'cochin')",5406
Indigo,banglore,new delhi,175,0,no info,20,0,3,3,2019,"('banglore', 'new delhi')",7303
Spicejet,mumbai,hyderabad,90,0,no check-in baggage included,22,45,15,6,2019,"('mumbai', 'hyderabad')",1965
Jet Airways,delhi,cochin,440,2,no info,11,40,1,6,2019,"('delhi', 'cochin')",18804
Multiple Carriers,delhi,cochin,490,1,no info,12,50,21,5,2019,"('delhi', 'cochin')",7485
Air India,delhi,cochin,1410,2,no info,19,45,3,3,2019,"('delhi', 'cochin')",12856
Jet Airways,banglore,new delhi,1135,1,no info,14,5,1,3,2019,"('banglore', 'new delhi')",20800
Indigo,kolkata,banglore,155,0,no info,4,40,18,5,2019,"('kolkata', 'banglore')",4804
Indigo,kolkata,banglore,295,1,no info,9,20,1,4,2019,"('kolkata', 'banglore')",10308
Air India,delhi,cochin,2295,2,no info,5,0,9,5,2019,"('delhi', 'cochin')",9653
Indigo,delhi,cochin,480,1,no info,17,30,9,5,2019,"('delhi', 'cochin')",8330
Spicejet,banglore,delhi,170,0,no check-in baggage included,9,30,18,4,2019,"('banglore', 'delhi')",5515
Spicejet,kolkata,banglore,145,0,no check-in baggage included,9,0,27,4,2019,"('kolkata', 'banglore')",3841
Jet Airways,delhi,cochin,1575,1,no info,17,30,6,3,2019,"('delhi', 'cochin')",17024
Indigo,banglore,new delhi,300,1,no info,19,35,1,3,2019,"('banglore', 'new delhi')",22153
Jet Airways,delhi,cochin,660,1,in-flight meal not included,8,0,9,6,2019,"('delhi', 'cochin')",10262
Indigo,banglore,delhi,175,0,no info,7,10,1,6,2019,"('banglore', 'delhi')",4823
Air Asia,banglore,delhi,170,0,no info,23,55,15,4,2019,"('banglore', 'delhi')",4483
Jet Airways,banglore,new delhi,695,1,in-flight meal not included,22,50,18,3,2019,"('banglore', 'new delhi')",11087
Jet Airways,kolkata,banglore,750,1,no info,9,35,9,6,2019,"('kolkata', 'banglore')",14676
Air India,kolkata,banglore,2000,2,no info,13,55,24,3,2019,"('kolkata', 'banglore')",15292
Jet Airways,kolkata,banglore,1450,1,no info,9,35,9,6,2019,"('kolkata', 'banglore')",14151
Jet Airways,delhi,cochin,505,2,no info,20,0,1,6,2019,"('delhi', 'cochin')",16263
Air India,kolkata,banglore,1350,1,no info,9,25,9,5,2019,"('kolkata', 'banglore')",8366
Vistara,delhi,cochin,190,0,no info,14,40,27,4,2019,"('delhi', 'cochin')",6216
Indigo,kolkata,banglore,150,0,no info,15,15,9,6,2019,"('kolkata', 'banglore')",5224
Jet Airways,kolkata,banglore,1295,1,no info,20,25,21,5,2019,"('kolkata', 'banglore')",14151
Goair,kolkata,banglore,495,1,no info,23,30,15,5,2019,"('kolkata', 'banglore')",6945
Air India,banglore,new delhi,2105,2,no info,11,5,3,3,2019,"('banglore', 'new delhi')",11791
Air India,delhi,cochin,865,2,no info,17,15,27,5,2019,"('delhi', 'cochin')",13879
Jet Airways,delhi,cochin,810,2,no info,5,30,27,6,2019,"('delhi', 'cochin')",13014
Indigo,mumbai,hyderabad,95,0,no info,20,5,3,5,2019,"('mumbai', 'hyderabad')",2754
Multiple Carriers,delhi,cochin,645,1,no info,8,30,18,5,2019,"('delhi', 'cochin')",7887
Jet Airways,kolkata,banglore,705,1,in-flight meal not included,6,30,1,5,2019,"('kolkata', 'banglore')",10844
Jet Airways,delhi,cochin,520,1,no info,19,45,9,3,2019,"('delhi', 'cochin')",15554
Air India,chennai,kolkata,135,0,no info,11,40,12,5,2019,"('chennai', 'kolkata')",4667
Air India,delhi,cochin,375,1,no info,13,0,18,5,2019,"('delhi', 'cochin')",10191
Indigo,banglore,new delhi,170,0,no info,13,0,24,3,2019,"('banglore', 'new delhi')",5694
Jet Airways,delhi,cochin,450,1,in-flight meal not included,11,30,6,6,2019,"('delhi', 'cochin')",10262
Indigo,delhi,cochin,505,1,no info,17,10,6,3,2019,"('delhi', 'cochin')",14871
Air India,delhi,cochin,1275,2,no info,22,0,15,5,2019,"('delhi', 'cochin')",11281
Indigo,delhi,cochin,490,1,no info,14,20,6,6,2019,"('delhi', 'cochin')",6938
Spicejet,kolkata,banglore,155,0,no info,6,55,15,6,2019,"('kolkata', 'banglore')",3873
Air India,kolkata,banglore,155,0,no info,20,45,15,3,2019,"('kolkata', 'banglore')",4435
Jet Airways,delhi,cochin,1460,2,no info,12,15,12,6,2019,"('delhi', 'cochin')",14300
Jet Airways,mumbai,hyderabad,90,0,in-flight meal not included,19,35,15,6,2019,"('mumbai', 'hyderabad')",3210
Multiple Carriers,delhi,cochin,570,1,no info,11,30,15,5,2019,"('delhi', 'cochin')",13727
Jet Airways,delhi,cochin,360,1,no info,13,0,12,6,2019,"('delhi', 'cochin')",14714
Jet Airways,banglore,new delhi,580,1,1 long layover,11,40,1,3,2019,"('banglore', 'new delhi')",27992
Spicejet,kolkata,banglore,145,0,no check-in baggage included,9,0,18,5,2019,"('kolkata', 'banglore')",4439
Jet Airways,kolkata,banglore,795,1,in-flight meal not included,18,55,24,3,2019,"('kolkata', 'banglore')",11134
Multiple Carriers,delhi,cochin,535,1,no info,10,20,15,5,2019,"('delhi', 'cochin')",8266
Jet Airways,banglore,new delhi,650,1,in-flight meal not included,21,25,9,3,2019,"('banglore', 'new delhi')",9134
Indigo,banglore,delhi,175,0,no info,18,55,1,6,2019,"('banglore', 'delhi')",4823
Air India,delhi,cochin,375,1,no info,13,0,21,5,2019,"('delhi', 'cochin')",8372
Indigo,mumbai,hyderabad,85,0,no info,6,20,3,3,2019,"('mumbai', 'hyderabad')",4784
Spicejet,banglore,delhi,160,0,no check-in baggage included,5,55,1,4,2019,"('banglore', 'delhi')",3919
Air India,banglore,delhi,165,0,no info,10,0,18,6,2019,"('banglore', 'delhi')",6961
Jet Airways,kolkata,banglore,800,1,in-flight meal not included,6,30,1,4,2019,"('kolkata', 'banglore')",7064
Indigo,kolkata,banglore,150,0,no info,15,15,18,5,2019,"('kolkata', 'banglore')",4804
Multiple Carriers,delhi,cochin,495,2,no info,13,5,6,3,2019,"('delhi', 'cochin')",10759
Indigo,banglore,new delhi,165,0,no info,6,0,21,3,2019,"('banglore', 'new delhi')",5734
Jet Airways,banglore,delhi,175,0,in-flight meal not included,15,15,9,6,2019,"('banglore', 'delhi')",7229
Indigo,chennai,kolkata,140,0,no info,7,55,1,6,2019,"('chennai', 'kolkata')",3850
Vistara,banglore,new delhi,165,0,no info,9,50,3,3,2019,"('banglore', 'new delhi')",8028
Air India,delhi,cochin,795,1,no info,9,45,3,6,2019,"('delhi', 'cochin')",8907
Spicejet,chennai,kolkata,140,0,no info,17,45,3,5,2019,"('chennai', 'kolkata')",3597
Jet Airways,delhi,cochin,660,1,in-flight meal not included,8,0,27,6,2019,"('delhi', 'cochin')",10262
Jet Airways,kolkata,banglore,1450,1,in-flight meal not included,9,35,1,5,2019,"('kolkata', 'banglore')",9314
Air India,delhi,cochin,1420,2,no info,9,45,24,6,2019,"('delhi', 'cochin')",10975
Indigo,kolkata,banglore,315,1,no info,21,0,6,6,2019,"('kolkata', 'banglore')",6711
Vistara,banglore,delhi,170,0,no info,21,0,9,4,2019,"('banglore', 'delhi')",5403
Goair,delhi,cochin,310,1,no info,14,25,27,6,2019,"('delhi', 'cochin')",7870
Indigo,chennai,kolkata,140,0,no info,19,35,15,3,2019,"('chennai', 'kolkata')",6297
Multiple Carriers,delhi,cochin,585,1,no info,9,15,24,6,2019,"('delhi', 'cochin')",11622
Vistara,kolkata,banglore,1640,1,no info,17,0,6,5,2019,"('kolkata', 'banglore')",8610
Jet Airways,mumbai,hyderabad,90,0,no info,10,20,27,5,2019,"('mumbai', 'hyderabad')",8040
Jet Airways,mumbai,hyderabad,90,0,in-flight meal not included,10,20,18,5,2019,"('mumbai', 'hyderabad')",4050
Indigo,mumbai,hyderabad,85,0,no info,21,20,21,3,2019,"('mumbai', 'hyderabad')",2227
Jet Airways,banglore,new delhi,1455,1,in-flight meal not included,18,55,12,3,2019,"('banglore', 'new delhi')",11087
Spicejet,kolkata,banglore,150,0,no check-in baggage included,17,15,18,3,2019,"('kolkata', 'banglore')",4413
Multiple Carriers,delhi,cochin,780,1,no info,8,0,3,3,2019,"('delhi', 'cochin')",17057
Spicejet,mumbai,hyderabad,90,0,no info,5,45,18,5,2019,"('mumbai', 'hyderabad')",2017
Jet Airways,delhi,cochin,810,2,in-flight meal not included,5,30,1,6,2019,"('delhi', 'cochin')",10368
Jet Airways,kolkata,banglore,1550,1,no info,18,55,6,6,2019,"('kolkata', 'banglore')",14571
Spicejet,kolkata,banglore,140,0,no info,22,20,9,3,2019,"('kolkata', 'banglore')",4622
Spicejet,delhi,cochin,270,1,no check-in baggage included,8,45,15,5,2019,"('delhi', 'cochin')",4760
Jet Airways,delhi,cochin,1295,2,no info,21,25,6,6,2019,"('delhi', 'cochin')",13292
Indigo,delhi,cochin,275,1,no info,7,35,3,6,2019,"('delhi', 'cochin')",6069
Jet Airways,banglore,new delhi,490,1,in-flight meal not included,8,0,15,3,2019,"('banglore', 'new delhi')",9134
Multiple Carriers,delhi,cochin,490,1,no info,12,50,3,6,2019,"('delhi', 'cochin')",7740
Air India,mumbai,hyderabad,1840,2,no info,12,45,6,3,2019,"('mumbai', 'hyderabad')",13253
Jet Airways,delhi,cochin,425,2,in-flight meal not included,5,30,9,6,2019,"('delhi', 'cochin')",13344
Jet Airways,delhi,cochin,1680,1,in-flight meal not included,15,0,6,6,2019,"('delhi', 'cochin')",10262
Multiple Carriers,delhi,cochin,465,2,no info,17,50,3,3,2019,"('delhi', 'cochin')",24528
Jet Airways,delhi,cochin,1430,2,no info,19,10,6,5,2019,"('delhi', 'cochin')",15129
Spicejet,chennai,kolkata,135,0,no check-in baggage included,8,20,21,5,2019,"('chennai', 'kolkata')",3543
Jet Airways,kolkata,banglore,800,1,in-flight meal not included,20,0,18,5,2019,"('kolkata', 'banglore')",10844
Multiple Carriers,delhi,cochin,640,1,no info,10,20,27,3,2019,"('delhi', 'cochin')",6637
Air India,delhi,cochin,1275,2,no info,22,0,1,6,2019,"('delhi', 'cochin')",10861
Air India,kolkata,banglore,590,2,no info,12,0,21,5,2019,"('kolkata', 'banglore')",10151
Indigo,delhi,cochin,490,1,no info,14,20,6,5,2019,"('delhi', 'cochin')",7054
Jet Airways,kolkata,banglore,685,1,in-flight meal not included,8,25,6,6,2019,"('kolkata', 'banglore')",10844
Spicejet,banglore,delhi,175,0,no check-in baggage included,21,10,24,5,2019,"('banglore', 'delhi')",3919
Jet Airways,kolkata,banglore,1005,1,no info,17,0,9,5,2019,"('kolkata', 'banglore')",12121
Jet Airways,delhi,cochin,925,1,in-flight meal not included,13,0,9,6,2019,"('delhi', 'cochin')",10262
Air Asia,banglore,delhi,165,0,no info,11,10,1,6,2019,"('banglore', 'delhi')",4483
Indigo,delhi,cochin,290,1,no info,15,10,18,5,2019,"('delhi', 'cochin')",6496
Air Asia,kolkata,banglore,150,0,no info,19,55,3,5,2019,"('kolkata', 'banglore')",5989
Multiple Carriers,delhi,cochin,395,1,no info,19,0,21,3,2019,"('delhi', 'cochin')",10885
Air India,kolkata,banglore,1045,2,no info,5,50,6,6,2019,"('kolkata', 'banglore')",12723
Jet Airways,delhi,cochin,1615,2,in-flight meal not included,9,40,1,6,2019,"('delhi', 'cochin')",10368
Jet Airways,kolkata,banglore,800,1,no info,18,55,9,6,2019,"('kolkata', 'banglore')",14939
Multiple Carriers,delhi,cochin,730,1,no info,7,5,21,3,2019,"('delhi', 'cochin')",13378
Jet Airways,delhi,cochin,1615,2,in-flight meal not included,9,40,24,6,2019,"('delhi', 'cochin')",10368
Indigo,banglore,new delhi,300,1,no info,14,25,21,3,2019,"('banglore', 'new delhi')",7708
Jet Airways,kolkata,banglore,1520,1,in-flight meal not included,9,35,9,5,2019,"('kolkata', 'banglore')",8066
Jet Airways,mumbai,hyderabad,90,0,in-flight meal not included,8,45,24,6,2019,"('mumbai', 'hyderabad')",4995
Jet Airways,banglore,new delhi,1090,1,no info,14,5,18,3,2019,"('banglore', 'new delhi')",12284
Multiple Carriers,delhi,cochin,520,1,no info,10,20,27,5,2019,"('delhi', 'cochin')",9794
Spicejet,kolkata,banglore,145,0,no check-in baggage included,9,0,18,6,2019,"('kolkata', 'banglore')",3841
Indigo,banglore,delhi,170,0,no info,8,30,3,6,2019,"('banglore', 'delhi')",4823
Jet Airways,delhi,cochin,1125,2,in-flight meal not included,9,40,27,5,2019,"('delhi', 'cochin')",13029
Vistara,chennai,kolkata,140,0,no info,17,45,1,5,2019,"('chennai', 'kolkata')",11982
Air India,banglore,delhi,165,0,no info,6,10,6,4,2019,"('banglore', 'delhi')",5176
Jet Airways,kolkata,banglore,1005,1,no info,17,0,15,5,2019,"('kolkata', 'banglore')",13067
Multiple Carriers,delhi,cochin,585,1,no info,9,15,6,6,2019,"('delhi', 'cochin')",11622
Indigo,delhi,cochin,750,1,no info,8,30,9,6,2019,"('delhi', 'cochin')",6838
Jet Airways,kolkata,banglore,345,1,no info,14,5,18,5,2019,"('kolkata', 'banglore')",14781
Vistara,delhi,cochin,190,0,no info,14,40,12,5,2019,"('delhi', 'cochin')",6216
Goair,banglore,delhi,165,0,no info,20,55,21,6,2019,"('banglore', 'delhi')",3898
Indigo,banglore,delhi,170,0,no info,10,10,6,4,2019,"('banglore', 'delhi')",4423
Multiple Carriers,delhi,cochin,585,1,no info,9,15,1,6,2019,"('delhi', 'cochin')",12042
Air India,banglore,delhi,165,0,no info,10,0,6,6,2019,"('banglore', 'delhi')",6961
Jet Airways,kolkata,banglore,1025,1,no info,18,55,24,3,2019,"('kolkata', 'banglore')",14231
Indigo,banglore,new delhi,180,0,no info,8,30,15,3,2019,"('banglore', 'new delhi')",6860
Indigo,mumbai,hyderabad,90,0,no info,16,55,15,6,2019,"('mumbai', 'hyderabad')",3175
Multiple Carriers,delhi,cochin,450,1,no info,18,0,21,5,2019,"('delhi', 'cochin')",7888
Jet Airways,delhi,cochin,660,1,no info,8,0,3,6,2019,"('delhi', 'cochin')",14924
Jet Airways,delhi,cochin,1325,1,no info,20,55,18,5,2019,"('delhi', 'cochin')",15554
Jet Airways,kolkata,banglore,590,1,in-flight meal not included,8,25,24,5,2019,"('kolkata', 'banglore')",10844
Jet Airways,banglore,new delhi,375,1,no info,14,5,18,3,2019,"('banglore', 'new delhi')",13555
Indigo,mumbai,hyderabad,90,0,no info,19,5,21,5,2019,"('mumbai', 'hyderabad')",2754
Multiple Carriers,delhi,cochin,675,1,in-flight meal not included,8,0,27,5,2019,"('delhi', 'cochin')",11761
Multiple Carriers,delhi,cochin,660,1,no info,8,0,9,4,2019,"('delhi', 'cochin')",11142
Vistara,banglore,delhi,160,0,no info,7,0,27,4,2019,"('banglore', 'delhi')",5613
Jet Airways,banglore,new delhi,1055,1,in-flight meal not included,14,5,18,3,2019,"('banglore', 'new delhi')",10972
Air India,kolkata,banglore,1555,2,no info,9,10,15,5,2019,"('kolkata', 'banglore')",6117
Indigo,delhi,cochin,195,0,no info,5,35,18,5,2019,"('delhi', 'cochin')",6015
Jet Airways,delhi,cochin,865,1,no info,14,0,6,6,2019,"('delhi', 'cochin')",14714
Indigo,kolkata,banglore,295,1,no info,9,20,12,6,2019,"('kolkata', 'banglore')",11160
Spicejet,delhi,cochin,270,1,no info,8,45,27,3,2019,"('delhi', 'cochin')",4466
Jet Airways,delhi,cochin,745,1,in-flight meal not included,16,0,9,6,2019,"('delhi', 'cochin')",10577
Indigo,kolkata,banglore,280,1,no info,17,35,21,5,2019,"('kolkata', 'banglore')",5386
Jet Airways,kolkata,banglore,740,1,no info,8,25,21,5,2019,"('kolkata', 'banglore')",14781
Air India,kolkata,banglore,805,3,no info,9,50,21,5,2019,"('kolkata', 'banglore')",14960
Jet Airways,mumbai,hyderabad,1590,2,no info,14,20,6,3,2019,"('mumbai', 'hyderabad')",24115
Air India,kolkata,banglore,1700,2,no info,9,25,9,5,2019,"('kolkata', 'banglore')",12592
Air Asia,delhi,cochin,865,1,no info,16,45,6,6,2019,"('delhi', 'cochin')",11410
Air India,kolkata,banglore,1610,2,no info,8,20,9,5,2019,"('kolkata', 'banglore')",11222
Jet Airways,mumbai,hyderabad,90,0,in-flight meal not included,10,20,24,5,2019,"('mumbai', 'hyderabad')",4995
Indigo,delhi,cochin,560,1,no info,6,50,9,6,2019,"('delhi', 'cochin')",6442
Jet Airways,delhi,cochin,1390,2,no info,13,25,9,5,2019,"('delhi', 'cochin')",15129
Jet Airways,kolkata,banglore,395,1,in-flight meal not included,17,0,6,6,2019,"('kolkata', 'banglore')",13469
Goair,delhi,cochin,540,1,no info,10,35,21,4,2019,"('delhi', 'cochin')",7031
Jet Airways,kolkata,banglore,1430,1,no info,16,30,12,6,2019,"('kolkata', 'banglore')",13044
Indigo,banglore,delhi,175,0,no info,18,25,3,5,2019,"('banglore', 'delhi')",4823
Air Asia,banglore,new delhi,170,0,no info,5,50,24,3,2019,"('banglore', 'new delhi')",4284
Air India,kolkata,banglore,155,0,no info,20,45,1,4,2019,"('kolkata', 'banglore')",4460
Air India,delhi,cochin,965,1,no info,17,20,21,5,2019,"('delhi', 'cochin')",7480
Multiple Carriers,delhi,cochin,510,1,no info,17,0,24,6,2019,"('delhi', 'cochin')",7198
Spicejet,delhi,cochin,295,1,no info,17,55,3,4,2019,"('delhi', 'cochin')",4611
Jet Airways,kolkata,banglore,1055,1,in-flight meal not included,16,30,1,5,2019,"('kolkata', 'banglore')",8586
Spicejet,banglore,delhi,175,0,no info,21,10,24,5,2019,"('banglore', 'delhi')",3971
Jet Airways,delhi,cochin,1615,2,in-flight meal not included,9,40,9,5,2019,"('delhi', 'cochin')",13029
Multiple Carriers,delhi,cochin,720,1,no info,9,0,27,6,2019,"('delhi', 'cochin')",7408
Jet Airways,kolkata,banglore,1335,1,in-flight meal not included,20,0,9,5,2019,"('kolkata', 'banglore')",7757
Multiple Carriers,delhi,cochin,465,1,no info,11,30,9,5,2019,"('delhi', 'cochin')",14323
Air India,mumbai,hyderabad,905,1,no info,6,10,6,3,2019,"('mumbai', 'hyderabad')",16666
Jet Airways,kolkata,banglore,1315,1,in-flight meal not included,14,5,9,5,2019,"('kolkata', 'banglore')",9663
Air India,banglore,new delhi,1490,1,no info,10,30,3,3,2019,"('banglore', 'new delhi')",11003
Air India,mumbai,hyderabad,1795,2,no info,6,0,6,3,2019,"('mumbai', 'hyderabad')",14219
Indigo,chennai,kolkata,140,0,no info,19,35,6,3,2019,"('chennai', 'kolkata')",7295
Jet Airways,kolkata,banglore,1335,1,in-flight meal not included,20,0,18,5,2019,"('kolkata', 'banglore')",10844
Jet Airways,mumbai,hyderabad,90,0,no info,8,45,24,6,2019,"('mumbai', 'hyderabad')",8040
Jet Airways,kolkata,banglore,1610,1,in-flight meal not included,6,30,12,5,2019,"('kolkata', 'banglore')",9663
Indigo,delhi,cochin,485,1,no info,17,30,9,3,2019,"('delhi', 'cochin')",12351
Air India,banglore,new delhi,715,3,no info,12,0,3,3,2019,"('banglore', 'new delhi')",10573
Jet Airways,mumbai,hyderabad,85,0,in-flight meal not included,2,55,1,6,2019,"('mumbai', 'hyderabad')",4050
Jet Airways,banglore,new delhi,1290,1,in-flight meal not included,22,50,18,3,2019,"('banglore', 'new delhi')",11087
Vistara,banglore,delhi,160,0,no info,7,0,12,4,2019,"('banglore', 'delhi')",5403
Vistara,delhi,cochin,190,0,no info,6,0,21,5,2019,"('delhi', 'cochin')",6741
Air India,delhi,cochin,1560,2,no info,17,15,6,6,2019,"('delhi', 'cochin')",12777
Indigo,banglore,delhi,165,0,no info,6,5,15,6,2019,"('banglore', 'delhi')",4423
Indigo,mumbai,hyderabad,85,0,no info,12,0,18,3,2019,"('mumbai', 'hyderabad')",2754
Jet Airways,kolkata,banglore,735,1,no info,20,0,6,6,2019,"('kolkata', 'banglore')",14571
Air India,kolkata,banglore,150,0,no info,14,15,3,5,2019,"('kolkata', 'banglore')",5510
Jet Airways,delhi,cochin,1320,2,in-flight meal not included,14,35,15,6,2019,"('delhi', 'cochin')",10919
Air India,banglore,delhi,170,0,no info,13,20,1,4,2019,"('banglore', 'delhi')",5911
Multiple Carriers,delhi,cochin,520,1,no info,10,35,27,5,2019,"('delhi', 'cochin')",8625
Indigo,delhi,cochin,565,2,no info,11,55,9,3,2019,"('delhi', 'cochin')",8378
Indigo,delhi,cochin,195,0,no info,5,35,27,3,2019,"('delhi', 'cochin')",4729
Spicejet,chennai,kolkata,135,0,no info,8,20,3,5,2019,"('chennai', 'kolkata')",3597
Jet Airways,kolkata,banglore,740,1,no info,8,25,24,5,2019,"('kolkata', 'banglore')",14571
Spicejet,chennai,kolkata,135,0,no check-in baggage included,9,45,3,6,2019,"('chennai', 'kolkata')",3859
Air India,delhi,cochin,2240,2,no info,5,55,21,5,2019,"('delhi', 'cochin')",10493
Jet Airways,delhi,cochin,520,1,no info,19,45,21,5,2019,"('delhi', 'cochin')",16079
Air India,kolkata,banglore,1830,2,no info,12,0,9,5,2019,"('kolkata', 'banglore')",9626
Air Asia,kolkata,banglore,150,0,no info,19,55,1,5,2019,"('kolkata', 'banglore')",5989
Indigo,banglore,delhi,170,0,no info,23,30,3,5,2019,"('banglore', 'delhi')",4591
Air India,kolkata,banglore,675,1,no info,9,50,12,5,2019,"('kolkata', 'banglore')",8450
Air India,delhi,cochin,795,1,no info,9,45,3,3,2019,"('delhi', 'cochin')",27282
Air India,kolkata,banglore,1105,2,no info,14,30,6,6,2019,"('kolkata', 'banglore')",15107
Air India,banglore,delhi,170,0,no info,13,20,1,6,2019,"('banglore', 'delhi')",6961
Goair,banglore,new delhi,270,1,no info,15,45,1,3,2019,"('banglore', 'new delhi')",12314
Air India,delhi,cochin,1545,2,no info,5,55,6,3,2019,"('delhi', 'cochin')",14641
Jet Airways,kolkata,banglore,505,1,no info,9,35,15,5,2019,"('kolkata', 'banglore')",13067
Jet Airways,delhi,cochin,450,1,in-flight meal not included,20,55,27,5,2019,"('delhi', 'cochin')",12898
Air Asia,delhi,cochin,340,1,no info,16,45,24,4,2019,"('delhi', 'cochin')",6152
Multiple Carriers,delhi,cochin,705,1,no info,7,30,6,3,2019,"('delhi', 'cochin')",15077
Multiple Carriers,delhi,cochin,755,1,no info,13,0,21,3,2019,"('delhi', 'cochin')",13542
Jet Airways,delhi,cochin,1485,1,no info,18,15,6,6,2019,"('delhi', 'cochin')",14714
Jet Airways,banglore,new delhi,765,1,no info,18,55,12,3,2019,"('banglore', 'new delhi')",13817
Indigo,delhi,cochin,380,1,no info,16,10,18,5,2019,"('delhi', 'cochin')",7640
Vistara,kolkata,banglore,865,1,no info,20,20,1,4,2019,"('kolkata', 'banglore')",8505
Jet Airways,mumbai,hyderabad,90,0,in-flight meal not included,19,35,21,3,2019,"('mumbai', 'hyderabad')",2228
Spicejet,kolkata,banglore,435,1,no info,11,15,24,5,2019,"('kolkata', 'banglore')",9630
Air India,banglore,delhi,170,0,no info,17,0,21,5,2019,"('banglore', 'delhi')",6961
Vistara,kolkata,banglore,975,1,no info,7,10,6,6,2019,"('kolkata', 'banglore')",8610
Jet Airways,kolkata,banglore,1415,1,in-flight meal not included,21,10,9,6,2019,"('kolkata', 'banglore')",10844
Jet Airways,delhi,cochin,1430,2,no info,19,10,18,5,2019,"('delhi', 'cochin')",16704
Spicejet,mumbai,hyderabad,80,0,no info,13,10,24,3,2019,"('mumbai', 'hyderabad')",2753
Jet Airways,mumbai,hyderabad,90,0,no info,10,20,6,3,2019,"('mumbai', 'hyderabad')",8040
Jet Airways,kolkata,banglore,840,1,no info,9,35,9,5,2019,"('kolkata', 'banglore')",12121
Vistara,kolkata,banglore,865,1,no info,20,20,15,5,2019,"('kolkata', 'banglore')",8452
Jet Airways,mumbai,hyderabad,85,0,in-flight meal not included,2,55,1,5,2019,"('mumbai', 'hyderabad')",3210
Air India,banglore,new delhi,510,1,no info,6,45,15,3,2019,"('banglore', 'new delhi')",8714
Indigo,kolkata,banglore,160,0,no info,21,25,1,3,2019,"('kolkata', 'banglore')",4778
Jet Airways,delhi,cochin,365,1,no info,22,20,6,3,2019,"('delhi', 'cochin')",15764
Jet Airways,kolkata,banglore,1025,1,no info,6,30,6,6,2019,"('kolkata', 'banglore')",14571
Spicejet,banglore,delhi,175,0,no info,21,10,18,6,2019,"('banglore', 'delhi')",3971
Vistara,kolkata,banglore,770,1,no info,20,20,24,3,2019,"('kolkata', 'banglore')",12312
Jet Airways,delhi,cochin,825,1,in-flight meal not included,22,50,15,6,2019,"('delhi', 'cochin')",10262
Spicejet,banglore,delhi,160,0,no check-in baggage included,5,55,12,4,2019,"('banglore', 'delhi')",4319
Multiple Carriers,delhi,cochin,455,1,no info,11,25,3,6,2019,"('delhi', 'cochin')",10877
Jet Airways,delhi,cochin,1925,2,no info,10,45,21,3,2019,"('delhi', 'cochin')",11869
Jet Airways,delhi,cochin,1010,1,no info,19,45,3,6,2019,"('delhi', 'cochin')",14714
Air India,delhi,cochin,1600,2,no info,5,0,12,6,2019,"('delhi', 'cochin')",10231
Jet Airways,kolkata,banglore,435,1,no info,10,20,15,5,2019,"('kolkata', 'banglore')",8355
Indigo,banglore,new delhi,170,0,no info,23,30,24,3,2019,"('banglore', 'new delhi')",5694
Indigo,banglore,delhi,180,0,no info,16,55,24,4,2019,"('banglore', 'delhi')",4823
Indigo,delhi,cochin,490,1,no info,14,20,15,5,2019,"('delhi', 'cochin')",6412
Air India,delhi,cochin,170,0,no info,5,10,21,3,2019,"('delhi', 'cochin')",5674
Indigo,chennai,kolkata,140,0,no info,19,35,27,6,2019,"('chennai', 'kolkata')",3597
Indigo,banglore,delhi,170,0,no info,10,30,6,4,2019,"('banglore', 'delhi')",4423
Jet Airways,kolkata,banglore,395,1,no info,17,0,24,5,2019,"('kolkata', 'banglore')",14151
Multiple Carriers,delhi,cochin,540,1,in-flight meal not included,7,10,24,4,2019,"('delhi', 'cochin')",6093
Jet Airways,delhi,cochin,450,1,in-flight meal not included,11,30,15,4,2019,"('delhi', 'cochin')",6542
Indigo,delhi,cochin,185,0,no info,14,30,27,3,2019,"('delhi', 'cochin')",4729
Jet Airways,delhi,cochin,495,2,no info,20,10,9,3,2019,"('delhi', 'cochin')",20904
Indigo,banglore,delhi,170,0,no info,23,30,1,6,2019,"('banglore', 'delhi')",4591
Indigo,banglore,delhi,170,0,no info,22,10,27,6,2019,"('banglore', 'delhi')",3419
Air India,banglore,new delhi,435,2,change airports,10,30,1,3,2019,"('banglore', 'new delhi')",17461
Air India,kolkata,banglore,1195,2,no info,12,0,12,6,2019,"('kolkata', 'banglore')",9416
Vistara,kolkata,banglore,1625,1,no info,20,20,18,5,2019,"('kolkata', 'banglore')",9345
Air India,delhi,cochin,1940,2,no info,10,55,9,3,2019,"('delhi', 'cochin')",17476
Air Asia,delhi,cochin,330,1,no info,7,55,24,6,2019,"('delhi', 'cochin')",6152
Jet Airways,kolkata,banglore,775,1,in-flight meal not included,21,10,6,5,2019,"('kolkata', 'banglore')",7757
Air India,banglore,delhi,170,0,no info,13,20,27,5,2019,"('banglore', 'delhi')",5228
Indigo,chennai,kolkata,145,0,no info,5,15,9,6,2019,"('chennai', 'kolkata')",3540
Jet Airways,kolkata,banglore,960,1,no info,20,0,1,4,2019,"('kolkata', 'banglore')",12681
Indigo,banglore,delhi,170,0,no info,8,30,6,5,2019,"('banglore', 'delhi')",4823
Jet Airways,delhi,cochin,880,2,no info,13,45,9,3,2019,"('delhi', 'cochin')",17019
Vistara,banglore,delhi,160,0,no info,7,0,24,4,2019,"('banglore', 'delhi')",5403
Indigo,banglore,new delhi,165,0,no info,0,40,9,3,2019,"('banglore', 'new delhi')",4545
Spicejet,kolkata,banglore,150,0,no info,17,10,15,5,2019,"('kolkata', 'banglore')",4174
Jet Airways,delhi,cochin,1280,1,in-flight meal not included,7,5,15,6,2019,"('delhi', 'cochin')",10262
Jet Airways,banglore,new delhi,740,1,in-flight meal not included,8,0,21,3,2019,"('banglore', 'new delhi')",7832
Jet Airways,mumbai,hyderabad,90,0,in-flight meal not included,10,20,15,5,2019,"('mumbai', 'hyderabad')",4995
Indigo,mumbai,hyderabad,90,0,no info,16,55,21,6,2019,"('mumbai', 'hyderabad')",4392
Air India,delhi,cochin,1420,1,no info,9,45,15,5,2019,"('delhi', 'cochin')",7480
Air India,kolkata,banglore,1625,2,no info,5,50,6,5,2019,"('kolkata', 'banglore')",10991
Jet Airways,delhi,cochin,1430,2,no info,19,10,18,5,2019,"('delhi', 'cochin')",15129
Air India,delhi,cochin,1560,2,no info,17,15,3,3,2019,"('delhi', 'cochin')",13442
Jet Airways,banglore,new delhi,1310,1,no info,11,40,6,3,2019,"('banglore', 'new delhi')",17261
Jet Airways,mumbai,hyderabad,90,0,no info,10,20,1,3,2019,"('mumbai', 'hyderabad')",10875
Air Asia,kolkata,banglore,710,1,no info,7,35,24,5,2019,"('kolkata', 'banglore')",5192
Jet Airways,delhi,cochin,1015,1,in-flight meal not included,11,30,6,6,2019,"('delhi', 'cochin')",10262
Multiple Carriers,delhi,cochin,780,1,no info,8,0,12,6,2019,"('delhi', 'cochin')",7408
Air India,delhi,cochin,1560,2,no info,17,15,21,5,2019,"('delhi', 'cochin')",11972
Spicejet,kolkata,banglore,150,0,no info,9,0,9,3,2019,"('kolkata', 'banglore')",5515
Spicejet,banglore,delhi,160,0,no check-in baggage included,5,55,21,4,2019,"('banglore', 'delhi')",4319
Air India,kolkata,banglore,795,1,no info,10,0,9,5,2019,"('kolkata', 'banglore')",10203
Indigo,delhi,cochin,345,1,no info,2,0,24,6,2019,"('delhi', 'cochin')",6016
Indigo,delhi,cochin,350,1,no info,7,30,21,3,2019,"('delhi', 'cochin')",9861
Goair,banglore,new delhi,175,0,no info,7,45,24,3,2019,"('banglore', 'new delhi')",3898
Spicejet,banglore,new delhi,170,0,no info,5,45,15,3,2019,"('banglore', 'new delhi')",5575
Multiple Carriers,delhi,cochin,390,1,no info,19,0,1,5,2019,"('delhi', 'cochin')",9424
Jet Airways,delhi,cochin,1325,2,no info,6,20,27,3,2019,"('delhi', 'cochin')",12273
Indigo,delhi,cochin,315,1,no info,7,15,27,5,2019,"('delhi', 'cochin')",5636
Vistara,kolkata,banglore,965,1,no info,17,0,12,6,2019,"('kolkata', 'banglore')",7927
Jet Airways,banglore,new delhi,375,1,in-flight meal not included,14,5,21,3,2019,"('banglore', 'new delhi')",7832
Jet Airways,kolkata,banglore,475,1,no info,8,25,9,6,2019,"('kolkata', 'banglore')",14571
Indigo,mumbai,hyderabad,90,0,no info,16,55,27,6,2019,"('mumbai', 'hyderabad')",3175
Jet Airways,delhi,cochin,1100,1,in-flight meal not included,18,15,9,6,2019,"('delhi', 'cochin')",10577
Indigo,banglore,delhi,165,0,no info,6,5,1,6,2019,"('banglore', 'delhi')",3943
Multiple Carriers,delhi,cochin,760,1,no info,12,50,18,5,2019,"('delhi', 'cochin')",7670
Air India,delhi,cochin,1255,1,no info,12,30,18,5,2019,"('delhi', 'cochin')",7480
Multiple Carriers,delhi,cochin,750,1,no info,13,0,21,5,2019,"('delhi', 'cochin')",7888
Vistara,delhi,cochin,175,0,no info,14,55,9,3,2019,"('delhi', 'cochin')",6741
Indigo,kolkata,banglore,155,0,no info,14,20,6,3,2019,"('kolkata', 'banglore')",5618
Air Asia,banglore,delhi,170,0,no info,23,55,3,6,2019,"('banglore', 'delhi')",7120
Air Asia,banglore,delhi,170,0,no info,23,55,3,4,2019,"('banglore', 'delhi')",4483
Air India,delhi,cochin,1660,1,no info,4,0,6,3,2019,"('delhi', 'cochin')",12940
Indigo,kolkata,banglore,155,0,no info,22,15,9,6,2019,"('kolkata', 'banglore')",5224
Jet Airways,banglore,delhi,180,0,no info,17,45,21,6,2019,"('banglore', 'delhi')",8541
Jet Airways,kolkata,banglore,730,1,in-flight meal not included,16,30,12,6,2019,"('kolkata', 'banglore')",6224
Indigo,kolkata,banglore,265,1,no info,19,20,24,4,2019,"('kolkata', 'banglore')",3480
Jet Airways,banglore,delhi,180,0,in-flight meal not included,7,10,27,6,2019,"('banglore', 'delhi')",6478
Indigo,banglore,delhi,170,0,no info,20,0,12,6,2019,"('banglore', 'delhi')",4823
Jet Airways,delhi,cochin,1225,1,in-flight meal not included,8,0,27,5,2019,"('delhi', 'cochin')",12898
Spicejet,kolkata,banglore,145,0,no check-in baggage included,9,0,6,4,2019,"('kolkata', 'banglore')",3841
Indigo,kolkata,banglore,155,0,no info,15,30,9,6,2019,"('kolkata', 'banglore')",5224
Jet Airways,kolkata,banglore,1215,1,no info,8,25,9,5,2019,"('kolkata', 'banglore')",13941
Air Asia,delhi,cochin,340,1,no info,16,45,9,5,2019,"('delhi', 'cochin')",6752
Air India,mumbai,hyderabad,85,0,no info,15,0,18,6,2019,"('mumbai', 'hyderabad')",3100
Air India,delhi,cochin,2280,3,no info,5,15,1,6,2019,"('delhi', 'cochin')",10703
Spicejet,delhi,cochin,270,1,no check-in baggage included,8,45,24,4,2019,"('delhi', 'cochin')",4760
Jet Airways,banglore,new delhi,625,1,in-flight meal not included,5,45,15,3,2019,"('banglore', 'new delhi')",9134
Indigo,kolkata,banglore,150,0,no info,14,25,12,6,2019,"('kolkata', 'banglore')",4804
Spicejet,banglore,new delhi,175,0,no info,9,35,24,3,2019,"('banglore', 'new delhi')",4377
Jet Airways,banglore,delhi,180,0,in-flight meal not included,8,20,1,6,2019,"('banglore', 'delhi')",7229
Jet Airways,banglore,new delhi,780,1,no info,18,40,18,3,2019,"('banglore', 'new delhi')",12284
Air Asia,kolkata,banglore,710,1,no info,7,35,18,5,2019,"('kolkata', 'banglore')",5192
Vistara,banglore,delhi,170,0,no info,9,45,24,4,2019,"('banglore', 'delhi')",5403
Air India,banglore,new delhi,165,0,no info,17,0,3,3,2019,"('banglore', 'new delhi')",19508
Vistara,banglore,delhi,170,0,no info,9,45,15,4,2019,"('banglore', 'delhi')",5403
Spicejet,banglore,delhi,170,0,no info,9,30,12,4,2019,"('banglore', 'delhi')",4991
Jet Airways,mumbai,hyderabad,90,0,in-flight meal not included,2,55,18,3,2019,"('mumbai', 'hyderabad')",2228
Indigo,delhi,cochin,300,1,no info,16,0,6,4,2019,"('delhi', 'cochin')",5073
Air Asia,banglore,new delhi,165,0,no info,23,25,9,3,2019,"('banglore', 'new delhi')",5615
Air India,kolkata,banglore,810,2,no info,8,20,18,5,2019,"('kolkata', 'banglore')",10697
Jet Airways,kolkata,banglore,1450,1,in-flight meal not included,9,35,6,5,2019,"('kolkata', 'banglore')",8066
Indigo,banglore,delhi,170,0,no info,22,10,3,6,2019,"('banglore', 'delhi')",3359
Jet Airways,delhi,cochin,885,1,in-flight meal not included,21,50,9,5,2019,"('delhi', 'cochin')",12373
Air India,delhi,cochin,1580,2,no info,7,5,6,6,2019,"('delhi', 'cochin')",11447
Air India,delhi,cochin,170,0,no info,5,10,15,6,2019,"('delhi', 'cochin')",5201
Indigo,mumbai,hyderabad,90,0,no info,6,25,27,6,2019,"('mumbai', 'hyderabad')",4049
Spicejet,kolkata,banglore,315,1,no info,15,5,24,4,2019,"('kolkata', 'banglore')",4859
Jet Airways,kolkata,banglore,450,1,no info,21,10,12,6,2019,"('kolkata', 'banglore')",12739
Indigo,mumbai,hyderabad,90,0,no info,20,5,3,3,2019,"('mumbai', 'hyderabad')",5232
Spicejet,mumbai,hyderabad,90,0,no check-in baggage included,22,45,1,6,2019,"('mumbai', 'hyderabad')",1965
Indigo,chennai,kolkata,145,0,no info,22,5,12,3,2019,"('chennai', 'kolkata')",6297
Indigo,delhi,cochin,665,1,no info,5,5,15,5,2019,"('delhi', 'cochin')",6818
Multiple Carriers,delhi,cochin,455,1,no info,18,0,6,3,2019,"('delhi', 'cochin')",16863
Air India,banglore,new delhi,725,1,no info,11,50,9,3,2019,"('banglore', 'new delhi')",10972
Indigo,delhi,cochin,325,1,no info,2,0,1,6,2019,"('delhi', 'cochin')",5636
Indigo,kolkata,banglore,165,0,no info,9,35,6,5,2019,"('kolkata', 'banglore')",4804
Goair,banglore,delhi,170,0,no info,11,40,27,6,2019,"('banglore', 'delhi')",3898
Jet Airways,kolkata,banglore,1610,1,no info,6,30,24,5,2019,"('kolkata', 'banglore')",14178
Air India,delhi,cochin,500,2,no info,10,55,9,6,2019,"('delhi', 'cochin')",12383
Air India,banglore,delhi,165,0,no info,6,10,24,6,2019,"('banglore', 'delhi')",6961
Multiple Carriers,delhi,cochin,615,1,in-flight meal not included,9,0,6,3,2019,"('delhi', 'cochin')",15342
Indigo,banglore,delhi,175,0,no info,0,30,18,4,2019,"('banglore', 'delhi')",4423
Multiple Carriers,delhi,cochin,630,1,no info,8,30,9,5,2019,"('delhi', 'cochin')",9627
Spicejet,banglore,new delhi,485,1,no info,15,35,3,3,2019,"('banglore', 'new delhi')",6315
Indigo,delhi,cochin,560,1,no info,6,50,15,4,2019,"('delhi', 'cochin')",6442
Goair,banglore,delhi,165,0,no info,20,55,6,6,2019,"('banglore', 'delhi')",3419
Indigo,delhi,cochin,860,1,no info,6,40,21,3,2019,"('delhi', 'cochin')",8784
Multiple Carriers,delhi,cochin,840,1,in-flight meal not included,11,30,27,5,2019,"('delhi', 'cochin')",6733
Jet Airways,delhi,cochin,395,1,no info,21,50,9,5,2019,"('delhi', 'cochin')",15554
Multiple Carriers,delhi,cochin,830,1,in-flight meal not included,11,40,27,6,2019,"('delhi', 'cochin')",5797
Jet Airways,delhi,cochin,600,1,no info,9,0,9,5,2019,"('delhi', 'cochin')",15554
Indigo,kolkata,banglore,155,0,no info,11,30,1,4,2019,"('kolkata', 'banglore')",4174
Jet Airways,banglore,new delhi,365,1,no info,18,40,18,3,2019,"('banglore', 'new delhi')",54826
Jet Airways,mumbai,hyderabad,90,0,in-flight meal not included,10,20,12,6,2019,"('mumbai', 'hyderabad')",4995
Indigo,chennai,kolkata,140,0,no info,7,55,18,5,2019,"('chennai', 'kolkata')",3850
Jet Airways,banglore,new delhi,525,1,in-flight meal not included,22,55,12,3,2019,"('banglore', 'new delhi')",11087
Jet Airways,banglore,new delhi,840,1,no info,21,25,12,3,2019,"('banglore', 'new delhi')",13817
Air India,delhi,cochin,765,1,no info,20,40,12,6,2019,"('delhi', 'cochin')",7480
Indigo,banglore,delhi,170,0,no info,4,0,12,4,2019,"('banglore', 'delhi')",4423
Indigo,delhi,cochin,940,1,no info,6,40,21,3,2019,"('delhi', 'cochin')",6558
Jet Airways,kolkata,banglore,735,1,in-flight meal not included,20,0,24,5,2019,"('kolkata', 'banglore')",8586
Jet Airways,delhi,cochin,395,1,no info,21,50,12,6,2019,"('delhi', 'cochin')",14714
Air India,kolkata,banglore,875,2,no info,5,50,12,5,2019,"('kolkata', 'banglore')",12513
Multiple Carriers,delhi,cochin,530,1,no info,10,0,6,3,2019,"('delhi', 'cochin')",16497
Multiple Carriers,delhi,cochin,480,1,no info,13,0,9,5,2019,"('delhi', 'cochin')",13727
Indigo,banglore,delhi,175,0,no info,0,30,3,5,2019,"('banglore', 'delhi')",3943
Air India,kolkata,banglore,1615,1,no info,17,30,12,6,2019,"('kolkata', 'banglore')",10203
Jet Airways,kolkata,banglore,475,1,no info,8,25,1,5,2019,"('kolkata', 'banglore')",14781
Air India,mumbai,hyderabad,710,2,no info,5,5,12,3,2019,"('mumbai', 'hyderabad')",16172
Multiple Carriers,delhi,cochin,585,1,no info,9,15,27,6,2019,"('delhi', 'cochin')",11622
Jet Airways,delhi,cochin,1465,2,no info,18,25,21,3,2019,"('delhi', 'cochin')",11869
Jet Airways,delhi,cochin,1520,1,no info,17,30,21,3,2019,"('delhi', 'cochin')",12557
Indigo,mumbai,hyderabad,90,0,no info,9,15,1,6,2019,"('mumbai', 'hyderabad')",4049
Jet Airways,delhi,cochin,995,1,in-flight meal not included,2,15,21,3,2019,"('delhi', 'cochin')",7438
Multiple Carriers,delhi,cochin,440,1,no info,11,30,3,3,2019,"('delhi', 'cochin')",15135
Jet Airways,banglore,new delhi,1450,1,no info,22,50,1,3,2019,"('banglore', 'new delhi')",25735
Indigo,banglore,delhi,175,0,no info,7,10,24,6,2019,"('banglore', 'delhi')",4823
Jet Airways,delhi,cochin,1225,1,in-flight meal not included,8,0,27,3,2019,"('delhi', 'cochin')",6645
Jet Airways,delhi,cochin,195,0,in-flight meal not included,11,0,6,4,2019,"('delhi', 'cochin')",4886
Jet Airways,kolkata,banglore,800,1,no info,6,30,6,5,2019,"('kolkata', 'banglore')",14781
Jet Airways,banglore,delhi,175,0,in-flight meal not included,15,50,9,4,2019,"('banglore', 'delhi')",4544
Jet Airways,kolkata,banglore,1220,1,in-flight meal not included,8,25,24,3,2019,"('kolkata', 'banglore')",10031
Indigo,banglore,new delhi,175,0,no info,21,20,15,3,2019,"('banglore', 'new delhi')",8033
Jet Airways,banglore,new delhi,760,1,no info,5,45,1,3,2019,"('banglore', 'new delhi')",26890
Air India,delhi,cochin,1380,2,no info,20,15,15,6,2019,"('delhi', 'cochin')",13591
Indigo,banglore,new delhi,175,0,no info,18,25,1,3,2019,"('banglore', 'new delhi')",12649
Jet Airways,kolkata,banglore,1545,1,in-flight meal not included,6,30,1,4,2019,"('kolkata', 'banglore')",7064
Vistara,banglore,delhi,170,0,no info,9,45,24,6,2019,"('banglore', 'delhi')",4668
Indigo,kolkata,banglore,165,0,no info,9,35,15,3,2019,"('kolkata', 'banglore')",4148
Goair,banglore,delhi,170,0,no info,11,40,21,6,2019,"('banglore', 'delhi')",3398
Air Asia,delhi,cochin,625,1,no info,20,45,15,6,2019,"('delhi', 'cochin')",6253
Indigo,banglore,delhi,180,0,no info,16,55,24,6,2019,"('banglore', 'delhi')",4823
Indigo,mumbai,hyderabad,85,0,no info,19,5,3,3,2019,"('mumbai', 'hyderabad')",5755
Indigo,banglore,delhi,170,0,no info,0,25,18,6,2019,"('banglore', 'delhi')",3419
Air India,kolkata,banglore,155,0,no info,20,45,15,5,2019,"('kolkata', 'banglore')",4145
Vistara,kolkata,banglore,530,1,no info,9,55,24,3,2019,"('kolkata', 'banglore')",16092
Multiple Carriers,delhi,cochin,555,1,no info,10,0,15,5,2019,"('delhi', 'cochin')",14323
Multiple Carriers,delhi,cochin,595,1,no info,8,55,6,3,2019,"('delhi', 'cochin')",15411
Indigo,banglore,delhi,175,0,no info,0,30,12,5,2019,"('banglore', 'delhi')",3943
Indigo,kolkata,banglore,165,0,no info,10,10,9,3,2019,"('kolkata', 'banglore')",4462
Jet Airways,banglore,new delhi,280,1,in-flight meal not included,5,45,9,3,2019,"('banglore', 'new delhi')",11087
Jet Airways,kolkata,banglore,520,1,in-flight meal not included,20,0,6,6,2019,"('kolkata', 'banglore')",8586
Spicejet,banglore,new delhi,170,0,no check-in baggage included,20,30,24,3,2019,"('banglore', 'new delhi')",3873
Jet Airways,kolkata,banglore,1005,1,in-flight meal not included,17,0,6,6,2019,"('kolkata', 'banglore')",10539
Jet Airways,delhi,cochin,505,2,no info,20,0,9,5,2019,"('delhi', 'cochin')",16263
Spicejet,mumbai,hyderabad,90,0,no check-in baggage included,13,15,3,5,2019,"('mumbai', 'hyderabad')",1965
Jet Airways,delhi,cochin,555,2,no info,19,10,27,3,2019,"('delhi', 'cochin')",10976
Jet Airways,kolkata,banglore,520,1,in-flight meal not included,20,0,15,5,2019,"('kolkata', 'banglore')",8586
Indigo,kolkata,banglore,155,0,no info,15,20,6,3,2019,"('kolkata', 'banglore')",5618
Air India,delhi,cochin,865,2,no info,17,15,9,5,2019,"('delhi', 'cochin')",13039
Spicejet,banglore,delhi,175,0,no check-in baggage included,21,10,21,6,2019,"('banglore', 'delhi')",3919
Indigo,mumbai,hyderabad,90,0,no info,9,10,21,5,2019,"('mumbai', 'hyderabad')",4049
Jet Airways,delhi,cochin,520,1,no info,19,45,1,6,2019,"('delhi', 'cochin')",14714
Goair,delhi,cochin,310,1,no info,14,10,6,3,2019,"('delhi', 'cochin')",19495
Indigo,delhi,cochin,505,1,no info,4,55,6,4,2019,"('delhi', 'cochin')",5307
Indigo,delhi,cochin,265,1,no info,7,35,21,3,2019,"('delhi', 'cochin')",5073
Jet Airways,banglore,delhi,165,0,no info,6,0,9,4,2019,"('banglore', 'delhi')",7229
Indigo,kolkata,banglore,155,0,no info,15,30,3,6,2019,"('kolkata', 'banglore')",4804
Vistara,kolkata,banglore,1350,1,no info,20,20,18,5,2019,"('kolkata', 'banglore')",9555
Indigo,kolkata,banglore,235,1,no info,19,55,9,4,2019,"('kolkata', 'banglore')",4226
Multiple Carriers,delhi,cochin,640,1,no info,10,20,9,6,2019,"('delhi', 'cochin')",7005
Jet Airways,kolkata,banglore,575,1,in-flight meal not included,9,35,21,5,2019,"('kolkata', 'banglore')",12384
Multiple Carriers,delhi,cochin,610,1,no info,15,25,3,3,2019,"('delhi', 'cochin')",15147
Jet Airways,kolkata,banglore,700,1,no info,6,30,24,3,2019,"('kolkata', 'banglore')",13759
Spicejet,chennai,kolkata,135,0,no check-in baggage included,9,45,21,5,2019,"('chennai', 'kolkata')",3543
Air India,chennai,kolkata,135,0,no info,11,40,3,3,2019,"('chennai', 'kolkata')",10810
Jet Airways,delhi,cochin,1015,1,in-flight meal not included,11,30,6,3,2019,"('delhi', 'cochin')",13843
Air India,mumbai,hyderabad,80,0,no info,6,20,24,3,2019,"('mumbai', 'hyderabad')",2575
Jet Airways,banglore,new delhi,640,1,in-flight meal not included,14,5,6,3,2019,"('banglore', 'new delhi')",13502
Air Asia,banglore,new delhi,170,0,no info,5,50,3,3,2019,"('banglore', 'new delhi')",7074
Jet Airways,banglore,delhi,180,0,no info,17,45,1,4,2019,"('banglore', 'delhi')",7229
Spicejet,delhi,cochin,295,1,no info,17,55,24,4,2019,"('delhi', 'cochin')",4957
Jet Airways,mumbai,hyderabad,90,0,in-flight meal not included,15,50,15,3,2019,"('mumbai', 'hyderabad')",2470
Indigo,delhi,cochin,355,1,no info,2,35,21,3,2019,"('delhi', 'cochin')",8470
Jet Airways,delhi,cochin,440,1,no info,11,30,3,3,2019,"('delhi', 'cochin')",18550
Vistara,banglore,delhi,170,0,no info,9,45,1,4,2019,"('banglore', 'delhi')",5403
Jet Airways,banglore,delhi,180,0,no info,7,10,24,5,2019,"('banglore', 'delhi')",7229
Jet Airways,kolkata,banglore,1730,1,no info,9,35,21,5,2019,"('kolkata', 'banglore')",11467
Jet Airways,delhi,cochin,1475,2,no info,19,10,6,3,2019,"('delhi', 'cochin')",19329
Jet Airways,banglore,new delhi,730,1,no info,7,0,6,3,2019,"('banglore', 'new delhi')",16736
Spicejet,chennai,kolkata,135,0,no info,9,45,15,6,2019,"('chennai', 'kolkata')",3597
Air Asia,delhi,cochin,470,1,no info,7,55,3,6,2019,"('delhi', 'cochin')",8759
Jet Airways,delhi,cochin,1320,2,no info,14,35,12,6,2019,"('delhi', 'cochin')",13376
Air India,delhi,cochin,1490,2,no info,6,50,3,6,2019,"('delhi', 'cochin')",13381
Spicejet,chennai,kolkata,135,0,no check-in baggage included,8,20,24,5,2019,"('chennai', 'kolkata')",3543
Indigo,delhi,cochin,320,1,no info,6,50,1,6,2019,"('delhi', 'cochin')",5298
Air India,kolkata,banglore,875,2,no info,5,50,12,6,2019,"('kolkata', 'banglore')",12723
Jet Airways,kolkata,banglore,945,1,in-flight meal not included,16,30,18,5,2019,"('kolkata', 'banglore')",8586
Air Asia,banglore,delhi,170,0,no info,23,55,3,5,2019,"('banglore', 'delhi')",4483
Spicejet,mumbai,hyderabad,90,0,no info,13,15,9,5,2019,"('mumbai', 'hyderabad')",2227
Jet Airways,kolkata,banglore,425,1,no info,16,30,9,5,2019,"('kolkata', 'banglore')",14781
Jet Airways,delhi,cochin,535,2,no info,19,30,24,6,2019,"('delhi', 'cochin')",13014
Jet Airways,delhi,cochin,1105,1,in-flight meal not included,10,0,21,5,2019,"('delhi', 'cochin')",12898
Goair,banglore,delhi,175,0,no info,7,45,3,4,2019,"('banglore', 'delhi')",4239
Vistara,banglore,delhi,170,0,no info,21,0,21,6,2019,"('banglore', 'delhi')",5613
Jet Airways,banglore,new delhi,930,1,no info,18,55,12,3,2019,"('banglore', 'new delhi')",13817
Air India,delhi,cochin,1010,1,no info,6,10,15,6,2019,"('delhi', 'cochin')",8907
Jet Airways,delhi,cochin,1530,1,in-flight meal not included,17,30,27,5,2019,"('delhi', 'cochin')",12898
Indigo,delhi,cochin,895,1,no info,10,35,6,5,2019,"('delhi', 'cochin')",6979
Indigo,chennai,kolkata,140,0,no info,19,35,18,5,2019,"('chennai', 'kolkata')",3597
Jet Airways,banglore,delhi,165,0,in-flight meal not included,6,0,15,5,2019,"('banglore', 'delhi')",4030
Jet Airways,delhi,cochin,535,2,no info,19,30,9,5,2019,"('delhi', 'cochin')",15129
Jet Airways,banglore,new delhi,810,1,no info,22,55,12,3,2019,"('banglore', 'new delhi')",13817
Jet Airways,kolkata,banglore,1330,1,in-flight meal not included,6,30,12,6,2019,"('kolkata', 'banglore')",7594
Jet Airways,delhi,cochin,1485,1,no info,18,15,9,5,2019,"('delhi', 'cochin')",15554
Indigo,delhi,cochin,265,1,no info,7,35,9,3,2019,"('delhi', 'cochin')",6937
Spicejet,kolkata,banglore,435,1,no info,11,35,6,6,2019,"('kolkata', 'banglore')",8479
Multiple Carriers,delhi,cochin,615,1,no info,8,45,21,5,2019,"('delhi', 'cochin')",9794
Jet Airways,delhi,cochin,660,1,1 long layover,8,0,24,6,2019,"('delhi', 'cochin')",18581
Indigo,chennai,kolkata,140,0,no info,22,5,6,3,2019,"('chennai', 'kolkata')",5277
Indigo,delhi,cochin,305,1,no info,20,25,6,6,2019,"('delhi', 'cochin')",5054
Air India,kolkata,banglore,150,0,no info,14,15,12,3,2019,"('kolkata', 'banglore')",5747
Vistara,kolkata,banglore,385,1,no info,17,0,21,5,2019,"('kolkata', 'banglore')",9345
Multiple Carriers,delhi,cochin,395,1,no info,8,55,6,3,2019,"('delhi', 'cochin')",15147
Air India,delhi,cochin,570,1,no info,13,30,1,6,2019,"('delhi', 'cochin')",8907
Goair,delhi,cochin,540,1,no info,10,35,6,4,2019,"('delhi', 'cochin')",5135
Jet Airways,delhi,cochin,1015,1,no info,11,30,27,3,2019,"('delhi', 'cochin')",12242
Spicejet,mumbai,hyderabad,90,0,no check-in baggage included,13,15,27,6,2019,"('mumbai', 'hyderabad')",1965
Air India,chennai,kolkata,135,0,no info,11,40,1,5,2019,"('chennai', 'kolkata')",4667
Air India,delhi,cochin,1010,1,no info,6,10,3,3,2019,"('delhi', 'cochin')",13002
Indigo,banglore,delhi,170,0,no info,5,30,18,6,2019,"('banglore', 'delhi')",3943
Multiple Carriers,delhi,cochin,540,1,no info,7,10,18,5,2019,"('delhi', 'cochin')",7038
Jet Airways,kolkata,banglore,690,1,in-flight meal not included,9,35,1,4,2019,"('kolkata', 'banglore')",8066
Jet Airways,kolkata,banglore,1400,1,no info,18,55,1,4,2019,"('kolkata', 'banglore')",12681
Jet Airways,kolkata,banglore,590,1,no info,6,30,9,5,2019,"('kolkata', 'banglore')",13941
Jet Airways,kolkata,banglore,735,1,no info,20,0,9,6,2019,"('kolkata', 'banglore')",14939
Indigo,banglore,new delhi,285,1,no info,5,25,3,3,2019,"('banglore', 'new delhi')",7774
Jet Airways,banglore,new delhi,1450,1,no info,22,50,6,3,2019,"('banglore', 'new delhi')",17471
Multiple Carriers,delhi,cochin,640,1,in-flight meal not included,10,20,24,6,2019,"('delhi', 'cochin')",6007
Indigo,delhi,cochin,275,1,no info,7,35,12,6,2019,"('delhi', 'cochin')",5054
Jet Airways,delhi,cochin,1775,2,no info,13,25,18,5,2019,"('delhi', 'cochin')",15129
Multiple Carriers,delhi,cochin,710,1,no info,7,0,6,3,2019,"('delhi', 'cochin')",15867
Spicejet,delhi,cochin,270,1,no info,8,45,15,4,2019,"('delhi', 'cochin')",5830
Jet Airways,kolkata,banglore,750,1,in-flight meal not included,9,35,12,6,2019,"('kolkata', 'banglore')",10539
Jet Airways,delhi,cochin,360,1,no info,13,0,27,5,2019,"('delhi', 'cochin')",16079
Multiple Carriers,delhi,cochin,690,1,no info,14,0,12,6,2019,"('delhi', 'cochin')",13377
Jet Airways,mumbai,hyderabad,90,0,in-flight meal not included,10,20,6,6,2019,"('mumbai', 'hyderabad')",4995
Multiple Carriers,delhi,cochin,535,1,no info,10,20,6,3,2019,"('delhi', 'cochin')",15353
Spicejet,banglore,delhi,160,0,no check-in baggage included,5,55,18,4,2019,"('banglore', 'delhi')",4319
Spicejet,delhi,cochin,295,1,no info,17,55,9,6,2019,"('delhi', 'cochin')",5409
Air India,kolkata,banglore,580,1,no info,19,0,1,4,2019,"('kolkata', 'banglore')",4227
Indigo,delhi,cochin,635,1,no info,11,55,24,6,2019,"('delhi', 'cochin')",6442
Multiple Carriers,delhi,cochin,470,1,no info,11,25,18,5,2019,"('delhi', 'cochin')",7997
Multiple Carriers,delhi,cochin,520,1,no info,10,35,24,6,2019,"('delhi', 'cochin')",7155
Jet Airways,banglore,delhi,180,0,no info,8,20,6,4,2019,"('banglore', 'delhi')",7229
Multiple Carriers,delhi,cochin,910,1,no info,3,50,9,6,2019,"('delhi', 'cochin')",12192
Jet Airways,kolkata,banglore,520,1,no info,20,0,6,6,2019,"('kolkata', 'banglore')",13731
Jet Airways,mumbai,hyderabad,85,0,in-flight meal not included,7,5,9,6,2019,"('mumbai', 'hyderabad')",4050
Air India,kolkata,banglore,795,1,no info,10,0,1,5,2019,"('kolkata', 'banglore')",10203
Spicejet,banglore,delhi,160,0,no info,5,55,24,6,2019,"('banglore', 'delhi')",3625
Multiple Carriers,delhi,cochin,845,1,no info,4,55,12,6,2019,"('delhi', 'cochin')",10678
Air Asia,banglore,new delhi,170,0,no info,5,50,18,3,2019,"('banglore', 'new delhi')",4284
Multiple Carriers,delhi,cochin,520,1,no info,10,20,6,5,2019,"('delhi', 'cochin')",9794
Air India,banglore,delhi,170,0,no info,21,5,1,5,2019,"('banglore', 'delhi')",6121
Air India,banglore,new delhi,1770,4,change airports,5,50,1,3,2019,"('banglore', 'new delhi')",17686
Goair,delhi,cochin,540,1,no info,10,35,6,6,2019,"('delhi', 'cochin')",4959
Jet Airways,delhi,cochin,925,1,in-flight meal not included,13,0,27,5,2019,"('delhi', 'cochin')",12898
Indigo,banglore,new delhi,295,1,no info,15,40,9,3,2019,"('banglore', 'new delhi')",5226
Air India,banglore,new delhi,480,1,no info,11,50,15,3,2019,"('banglore', 'new delhi')",7192
Indigo,banglore,delhi,170,0,no info,4,0,1,4,2019,"('banglore', 'delhi')",3943
Jet Airways,kolkata,banglore,1495,1,in-flight meal not included,8,25,18,5,2019,"('kolkata', 'banglore')",9663
Air India,delhi,cochin,1600,2,no info,5,0,21,5,2019,"('delhi', 'cochin')",11806
Indigo,delhi,cochin,305,1,no info,20,25,24,4,2019,"('delhi', 'cochin')",5065
Air India,kolkata,banglore,545,1,no info,9,25,18,5,2019,"('kolkata', 'banglore')",8576
Jet Airways,kolkata,banglore,1495,1,in-flight meal not included,18,55,21,5,2019,"('kolkata', 'banglore')",10844
Indigo,delhi,cochin,985,2,no info,4,55,1,3,2019,"('delhi', 'cochin')",10278
Indigo,banglore,delhi,180,0,no info,21,15,18,4,2019,"('banglore', 'delhi')",4591
Jet Airways,delhi,cochin,885,1,in-flight meal not included,21,50,1,6,2019,"('delhi', 'cochin')",10262
Indigo,kolkata,banglore,315,1,no info,21,0,1,4,2019,"('kolkata', 'banglore')",5930
Air India,delhi,cochin,1595,2,no info,16,40,6,3,2019,"('delhi', 'cochin')",12646
Indigo,delhi,cochin,975,1,no info,4,45,6,3,2019,"('delhi', 'cochin')",13611
Jet Airways,banglore,delhi,185,0,no info,18,55,24,6,2019,"('banglore', 'delhi')",8016
Jet Airways,mumbai,hyderabad,90,0,in-flight meal not included,10,20,27,6,2019,"('mumbai', 'hyderabad')",4995
Jet Airways,delhi,cochin,1620,1,in-flight meal not included,16,0,9,6,2019,"('delhi', 'cochin')",10577
Air India,banglore,delhi,165,0,no info,17,0,6,4,2019,"('banglore', 'delhi')",4651
Jet Airways,kolkata,banglore,400,1,no info,14,5,12,5,2019,"('kolkata', 'banglore')",14781
Indigo,delhi,cochin,480,1,no info,7,30,3,3,2019,"('delhi', 'cochin')",14871
Multiple Carriers,delhi,cochin,740,1,no info,8,40,9,3,2019,"('delhi', 'cochin')",18228
Multiple Carriers,delhi,cochin,455,1,no info,14,55,18,5,2019,"('delhi', 'cochin')",7740
Air India,delhi,cochin,1485,2,no info,18,30,27,5,2019,"('delhi', 'cochin')",12488
Jet Airways,delhi,cochin,1130,2,no info,9,35,24,6,2019,"('delhi', 'cochin')",13292
Vistara,banglore,new delhi,160,0,no info,19,40,9,3,2019,"('banglore', 'new delhi')",7450
Spicejet,banglore,delhi,160,0,no info,5,55,12,6,2019,"('banglore', 'delhi')",4423
Indigo,delhi,cochin,275,1,no info,7,35,27,4,2019,"('delhi', 'cochin')",5073
Indigo,mumbai,hyderabad,90,0,no info,6,25,27,5,2019,"('mumbai', 'hyderabad')",4049
Indigo,delhi,cochin,625,1,no info,11,55,9,3,2019,"('delhi', 'cochin')",6674
Vistara,banglore,delhi,170,0,no info,11,30,24,5,2019,"('banglore', 'delhi')",4668
Spicejet,kolkata,banglore,140,0,no info,22,20,21,3,2019,"('kolkata', 'banglore')",3847
Indigo,kolkata,banglore,155,0,no info,11,30,3,5,2019,"('kolkata', 'banglore')",5224
Indigo,banglore,delhi,170,0,no info,23,30,1,5,2019,"('banglore', 'delhi')",4591
Jet Airways,kolkata,banglore,735,1,no info,20,0,18,5,2019,"('kolkata', 'banglore')",13941
Spicejet,chennai,kolkata,155,0,no info,9,30,27,3,2019,"('chennai', 'kolkata')",3384
Multiple Carriers,delhi,cochin,395,1,in-flight meal not included,6,0,27,6,2019,"('delhi', 'cochin')",10791
Jet Airways,banglore,new delhi,525,1,no info,22,55,12,3,2019,"('banglore', 'new delhi')",13817
Multiple Carriers,delhi,cochin,750,1,no info,13,0,6,6,2019,"('delhi', 'cochin')",7198
Multiple Carriers,delhi,cochin,730,1,no info,7,5,18,5,2019,"('delhi', 'cochin')",14533
Indigo,delhi,cochin,295,1,no info,5,10,27,6,2019,"('delhi', 'cochin')",6496
Jet Airways,delhi,cochin,1425,1,in-flight meal not included,19,15,1,6,2019,"('delhi', 'cochin')",10262
Jet Airways,kolkata,banglore,800,1,in-flight meal not included,20,0,6,5,2019,"('kolkata', 'banglore')",9663
Air India,banglore,delhi,170,0,no info,21,5,21,5,2019,"('banglore', 'delhi')",5228
Goair,delhi,cochin,370,1,no info,7,25,15,6,2019,"('delhi', 'cochin')",5842
Multiple Carriers,delhi,cochin,660,1,no info,10,0,27,6,2019,"('delhi', 'cochin')",7408
Indigo,kolkata,banglore,320,1,no info,15,10,9,6,2019,"('kolkata', 'banglore')",7095
Vistara,banglore,delhi,170,0,no info,11,30,3,6,2019,"('banglore', 'delhi')",4668
Jet Airways,kolkata,banglore,960,1,no info,20,0,6,6,2019,"('kolkata', 'banglore')",14571
Multiple Carriers,delhi,cochin,690,1,no info,7,30,9,5,2019,"('delhi', 'cochin')",9315
Air India,chennai,kolkata,135,0,no info,11,40,24,3,2019,"('chennai', 'kolkata')",4405
Air India,delhi,cochin,1455,1,no info,19,0,1,6,2019,"('delhi', 'cochin')",8792
Jet Airways,banglore,delhi,180,0,in-flight meal not included,19,50,21,5,2019,"('banglore', 'delhi')",4030
Indigo,chennai,kolkata,140,0,no info,14,45,18,5,2019,"('chennai', 'kolkata')",3858
Multiple Carriers,delhi,cochin,510,1,no info,10,45,27,3,2019,"('delhi', 'cochin')",7154
Air India,banglore,delhi,165,0,no info,6,10,1,4,2019,"('banglore', 'delhi')",5176
Air India,kolkata,banglore,1540,1,no info,16,50,9,5,2019,"('kolkata', 'banglore')",8576
Jet Airways,delhi,cochin,1125,2,in-flight meal not included,9,40,24,6,2019,"('delhi', 'cochin')",10368
Spicejet,kolkata,banglore,145,0,no info,9,0,18,4,2019,"('kolkata', 'banglore')",4174
Air India,kolkata,banglore,150,0,no info,14,15,21,6,2019,"('kolkata', 'banglore')",5510
Jet Airways,delhi,cochin,505,2,no info,20,0,24,6,2019,"('delhi', 'cochin')",14300
Jet Airways,delhi,cochin,1355,1,in-flight meal not included,14,0,21,5,2019,"('delhi', 'cochin')",12898
Jet Airways,banglore,new delhi,365,1,no info,18,40,9,3,2019,"('banglore', 'new delhi')",22270
Jet Airways,banglore,delhi,180,0,no info,17,45,18,5,2019,"('banglore', 'delhi')",7229
Indigo,banglore,delhi,175,0,no info,0,30,27,5,2019,"('banglore', 'delhi')",3419
Jet Airways,delhi,cochin,1145,1,in-flight meal not included,17,30,15,6,2019,"('delhi', 'cochin')",10262
Indigo,banglore,delhi,180,0,no info,16,55,27,4,2019,"('banglore', 'delhi')",4823
Jet Airways,kolkata,banglore,960,1,no info,20,0,12,6,2019,"('kolkata', 'banglore')",13044
Vistara,banglore,delhi,170,0,no info,21,0,1,5,2019,"('banglore', 'delhi')",4668
Spicejet,kolkata,banglore,145,0,no info,9,0,15,6,2019,"('kolkata', 'banglore')",3873
Jet Airways,delhi,cochin,1475,2,no info,19,10,27,3,2019,"('delhi', 'cochin')",10929
Air India,kolkata,banglore,1185,2,no info,16,45,15,5,2019,"('kolkata', 'banglore')",14960
Indigo,kolkata,banglore,160,0,no info,21,25,21,5,2019,"('kolkata', 'banglore')",4804
Jet Airways,banglore,new delhi,625,1,in-flight meal not included,5,45,21,3,2019,"('banglore', 'new delhi')",7832
Spicejet,mumbai,hyderabad,90,0,no info,5,45,27,5,2019,"('mumbai', 'hyderabad')",2017
Vistara,banglore,new delhi,160,0,no info,11,30,9,3,2019,"('banglore', 'new delhi')",9918
Jet Airways,kolkata,banglore,590,1,in-flight meal not included,8,25,12,6,2019,"('kolkata', 'banglore')",9899
Jet Airways,kolkata,banglore,1170,1,in-flight meal not included,16,30,12,5,2019,"('kolkata', 'banglore')",10844
Vistara,banglore,delhi,170,0,no info,11,30,21,4,2019,"('banglore', 'delhi')",5403
Jet Airways,banglore,delhi,180,0,in-flight meal not included,7,10,27,4,2019,"('banglore', 'delhi')",4544
Air India,kolkata,banglore,920,2,no info,10,0,12,5,2019,"('kolkata', 'banglore')",12140
Jet Airways,kolkata,banglore,1485,1,in-flight meal not included,20,0,24,5,2019,"('kolkata', 'banglore')",10844
Spicejet,banglore,delhi,175,0,no info,21,10,27,4,2019,"('banglore', 'delhi')",3971
Multiple Carriers,delhi,cochin,385,1,no info,12,50,3,6,2019,"('delhi', 'cochin')",9001
Spicejet,delhi,cochin,270,1,no info,8,45,9,5,2019,"('delhi', 'cochin')",4812
Multiple Carriers,delhi,cochin,755,1,no info,9,45,27,3,2019,"('delhi', 'cochin')",6601
Jet Airways,kolkata,banglore,1660,1,in-flight meal not included,18,55,6,6,2019,"('kolkata', 'banglore')",10844
Indigo,chennai,kolkata,140,0,no info,19,35,15,5,2019,"('chennai', 'kolkata')",3597
Air India,delhi,cochin,1590,1,no info,20,30,21,4,2019,"('delhi', 'cochin')",7174
Multiple Carriers,delhi,cochin,780,1,in-flight meal not included,8,0,27,5,2019,"('delhi', 'cochin')",9450
Multiple Carriers,delhi,cochin,460,2,no info,17,50,15,6,2019,"('delhi', 'cochin')",18485
Jet Airways,banglore,new delhi,785,1,in-flight meal not included,11,40,3,3,2019,"('banglore', 'new delhi')",13502
Air Asia,banglore,delhi,170,0,no info,4,55,24,5,2019,"('banglore', 'delhi')",3383
Spicejet,kolkata,banglore,150,0,no info,17,10,21,4,2019,"('kolkata', 'banglore')",4911
Jet Airways,kolkata,banglore,1365,1,no info,20,25,15,5,2019,"('kolkata', 'banglore')",14151
Vistara,delhi,cochin,190,0,no info,6,0,6,6,2019,"('delhi', 'cochin')",6216
Spicejet,kolkata,banglore,140,0,no info,22,20,24,3,2019,"('kolkata', 'banglore')",5831
Jet Airways,kolkata,banglore,590,1,in-flight meal not included,6,30,24,5,2019,"('kolkata', 'banglore')",10844
Indigo,delhi,cochin,515,1,no info,7,35,6,6,2019,"('delhi', 'cochin')",6674
Spicejet,delhi,cochin,270,1,no check-in baggage included,8,45,27,5,2019,"('delhi', 'cochin')",5158
Air India,mumbai,hyderabad,90,0,no info,13,55,12,5,2019,"('mumbai', 'hyderabad')",3100
Jet Airways,kolkata,banglore,365,1,in-flight meal not included,16,30,15,5,2019,"('kolkata', 'banglore')",10844
Spicejet,kolkata,banglore,150,0,no info,17,10,12,4,2019,"('kolkata', 'banglore')",3873
Indigo,kolkata,banglore,315,1,no info,21,0,9,5,2019,"('kolkata', 'banglore')",7605
Indigo,mumbai,hyderabad,90,0,no info,19,5,18,6,2019,"('mumbai', 'hyderabad')",2754
Jet Airways,kolkata,banglore,1745,1,no info,17,0,6,5,2019,"('kolkata', 'banglore')",11467
Jet Airways,delhi,cochin,560,2,no info,9,40,9,6,2019,"('delhi', 'cochin')",13014
Jet Airways,delhi,cochin,910,2,in-flight meal not included,21,25,27,6,2019,"('delhi', 'cochin')",11507
Jet Airways,delhi,cochin,1375,2,in-flight meal not included,5,30,9,6,2019,"('delhi', 'cochin')",10368
Jet Airways,banglore,new delhi,435,1,in-flight meal not included,8,55,15,3,2019,"('banglore', 'new delhi')",9134
Jet Airways,delhi,cochin,195,0,no info,11,0,27,5,2019,"('delhi', 'cochin')",9564
Indigo,delhi,cochin,280,1,no info,21,5,9,3,2019,"('delhi', 'cochin')",6937
Multiple Carriers,delhi,cochin,435,1,no info,18,15,21,5,2019,"('delhi', 'cochin')",14067
Jet Airways,banglore,new delhi,1210,1,no info,8,55,6,3,2019,"('banglore', 'new delhi')",16736
Air India,banglore,new delhi,790,1,no info,8,15,3,3,2019,"('banglore', 'new delhi')",6781
Indigo,delhi,cochin,570,1,no info,16,0,15,6,2019,"('delhi', 'cochin')",6316
Indigo,kolkata,banglore,155,0,no info,17,15,24,5,2019,"('kolkata', 'banglore')",4804
Jet Airways,banglore,new delhi,390,1,in-flight meal not included,5,50,21,3,2019,"('banglore', 'new delhi')",6163
Air India,delhi,cochin,185,0,no info,18,5,18,3,2019,"('delhi', 'cochin')",4729
Vistara,kolkata,banglore,1350,1,no info,20,20,15,5,2019,"('kolkata', 'banglore')",9345
Spicejet,banglore,new delhi,475,1,no info,10,20,3,3,2019,"('banglore', 'new delhi')",11401
Air India,banglore,new delhi,1405,1,1 long layover,0,30,1,3,2019,"('banglore', 'new delhi')",12599
Indigo,banglore,delhi,165,0,no info,6,5,27,6,2019,"('banglore', 'delhi')",3943
Jet Airways,delhi,cochin,745,1,no info,16,0,9,3,2019,"('delhi', 'cochin')",16289
Jet Airways,banglore,new delhi,1280,1,in-flight meal not included,14,5,21,3,2019,"('banglore', 'new delhi')",7832
Jet Airways,delhi,cochin,1205,2,no info,8,20,9,3,2019,"('delhi', 'cochin')",18909
Jet Airways,kolkata,banglore,1730,1,no info,9,35,15,5,2019,"('kolkata', 'banglore')",11467
Vistara,banglore,delhi,160,0,no info,7,0,12,6,2019,"('banglore', 'delhi')",4668
Jet Airways,banglore,delhi,175,0,in-flight meal not included,11,10,24,5,2019,"('banglore', 'delhi')",4030
Jet Airways,delhi,cochin,1185,1,no info,23,5,3,3,2019,"('delhi', 'cochin')",18253
Jet Airways,delhi,cochin,1125,2,no info,9,40,27,5,2019,"('delhi', 'cochin')",15129
Air India,banglore,delhi,170,0,no info,21,5,21,6,2019,"('banglore', 'delhi')",5228
Jet Airways,delhi,cochin,1745,2,no info,13,45,9,3,2019,"('delhi', 'cochin')",18752
Jet Airways,kolkata,banglore,735,1,no info,20,0,6,5,2019,"('kolkata', 'banglore')",14388
Air India,banglore,new delhi,1670,2,no info,6,45,3,3,2019,"('banglore', 'new delhi')",12358
Jet Airways,kolkata,banglore,1220,1,in-flight meal not included,20,0,21,5,2019,"('kolkata', 'banglore')",10844
Air India,delhi,cochin,1010,1,no info,6,10,9,3,2019,"('delhi', 'cochin')",9064
Indigo,delhi,cochin,665,1,no info,5,5,3,6,2019,"('delhi', 'cochin')",6818
Air India,banglore,new delhi,725,1,no info,11,50,6,3,2019,"('banglore', 'new delhi')",15434
Indigo,delhi,cochin,325,1,no info,2,0,27,4,2019,"('delhi', 'cochin')",5796
Air India,kolkata,banglore,590,2,no info,12,0,6,6,2019,"('kolkata', 'banglore')",9416
Indigo,delhi,cochin,310,1,no info,17,5,15,4,2019,"('delhi', 'cochin')",5912
Jet Airways,kolkata,banglore,505,1,in-flight meal not included,9,35,1,5,2019,"('kolkata', 'banglore')",10703
Jet Airways,kolkata,banglore,860,2,in-flight meal not included,6,30,6,6,2019,"('kolkata', 'banglore')",10118
Jet Airways,kolkata,banglore,1285,1,no info,17,0,1,5,2019,"('kolkata', 'banglore')",11467
Spicejet,kolkata,banglore,155,0,no check-in baggage included,6,55,15,5,2019,"('kolkata', 'banglore')",3841
Spicejet,banglore,delhi,175,0,no check-in baggage included,21,10,6,6,2019,"('banglore', 'delhi')",3257
Spicejet,delhi,cochin,270,1,no check-in baggage included,8,45,27,3,2019,"('delhi', 'cochin')",4414
Jet Airways,delhi,cochin,1375,2,in-flight meal not included,5,30,6,6,2019,"('delhi', 'cochin')",10368
Air India,kolkata,banglore,155,0,no info,20,45,9,4,2019,"('kolkata', 'banglore')",4460
Vistara,delhi,cochin,190,0,no info,14,40,1,6,2019,"('delhi', 'cochin')",6741
Spicejet,delhi,cochin,295,1,no info,17,55,9,5,2019,"('delhi', 'cochin')",5975
Goair,banglore,delhi,170,0,no info,11,40,3,4,2019,"('banglore', 'delhi')",3898
Multiple Carriers,delhi,cochin,510,1,no info,10,20,21,3,2019,"('delhi', 'cochin')",11999
Indigo,chennai,kolkata,140,0,no info,14,45,3,5,2019,"('chennai', 'kolkata')",3858
Air India,delhi,cochin,1485,2,no info,18,30,9,3,2019,"('delhi', 'cochin')",18211
Jet Airways,mumbai,hyderabad,405,1,no info,9,50,12,3,2019,"('mumbai', 'hyderabad')",20120
Indigo,kolkata,banglore,165,0,no info,9,35,12,5,2019,"('kolkata', 'banglore')",4804
Vistara,kolkata,banglore,1345,1,no info,20,20,24,3,2019,"('kolkata', 'banglore')",12102
Jet Airways,delhi,cochin,1210,1,no info,22,50,21,5,2019,"('delhi', 'cochin')",16079
Jet Airways,kolkata,banglore,425,1,no info,16,30,6,6,2019,"('kolkata', 'banglore')",14571
Indigo,kolkata,banglore,155,0,no info,11,30,27,6,2019,"('kolkata', 'banglore')",4804
Jet Airways,delhi,cochin,1295,1,in-flight meal not included,15,0,15,6,2019,"('delhi', 'cochin')",10262
Jet Airways,kolkata,banglore,1395,1,in-flight meal not included,18,55,24,3,2019,"('kolkata', 'banglore')",11134
Jet Airways,banglore,new delhi,435,1,no info,8,55,1,3,2019,"('banglore', 'new delhi')",26890
Spicejet,mumbai,hyderabad,90,0,no info,13,15,6,5,2019,"('mumbai', 'hyderabad')",2017
Jet Airways,kolkata,banglore,1525,1,in-flight meal not included,21,10,9,6,2019,"('kolkata', 'banglore')",10844
Air Asia,kolkata,banglore,155,0,no info,10,20,12,6,2019,"('kolkata', 'banglore')",3807
Air India,delhi,cochin,1585,3,no info,5,15,24,6,2019,"('delhi', 'cochin')",10493
Jet Airways,kolkata,banglore,365,1,in-flight meal not included,16,30,6,6,2019,"('kolkata', 'banglore')",10844
Jet Airways,kolkata,banglore,800,1,in-flight meal not included,6,30,12,5,2019,"('kolkata', 'banglore')",8586
Jet Airways,delhi,cochin,705,1,no info,7,5,27,3,2019,"('delhi', 'cochin')",12032
Jet Airways,delhi,cochin,335,1,in-flight meal not included,22,50,21,5,2019,"('delhi', 'cochin')",12898
Indigo,banglore,new delhi,180,0,no info,13,10,9,3,2019,"('banglore', 'new delhi')",8033
Air Asia,delhi,cochin,625,1,no info,20,45,27,4,2019,"('delhi', 'cochin')",6451
Indigo,kolkata,banglore,155,0,no info,15,30,15,4,2019,"('kolkata', 'banglore')",4174
Jet Airways,banglore,new delhi,435,1,no info,14,5,18,3,2019,"('banglore', 'new delhi')",16946
Jet Airways,banglore,delhi,180,0,no info,8,20,27,4,2019,"('banglore', 'delhi')",7229
Multiple Carriers,delhi,cochin,465,1,no info,11,30,27,3,2019,"('delhi', 'cochin')",6732
Air India,delhi,cochin,170,0,no info,5,10,12,6,2019,"('delhi', 'cochin')",5201
Jet Airways,delhi,cochin,335,1,no info,22,50,9,4,2019,"('delhi', 'cochin')",12242
Indigo,banglore,new delhi,180,0,no info,8,30,9,3,2019,"('banglore', 'new delhi')",7648
Jet Airways,mumbai,hyderabad,90,0,no info,10,20,15,6,2019,"('mumbai', 'hyderabad')",5678
Jet Airways,kolkata,banglore,730,1,in-flight meal not included,16,30,6,5,2019,"('kolkata', 'banglore')",8586
Indigo,banglore,delhi,165,0,no info,6,5,24,6,2019,"('banglore', 'delhi')",3943
Air India,kolkata,banglore,1165,2,no info,10,0,9,6,2019,"('kolkata', 'banglore')",12744
Indigo,kolkata,banglore,170,0,no info,5,30,27,3,2019,"('kolkata', 'banglore')",4148
Air India,banglore,delhi,165,0,no info,10,0,21,5,2019,"('banglore', 'delhi')",6961
Jet Airways,banglore,new delhi,1420,1,no info,8,0,1,3,2019,"('banglore', 'new delhi')",22270
Jet Airways,kolkata,banglore,1295,1,in-flight meal not included,20,25,6,6,2019,"('kolkata', 'banglore')",10539
Jet Airways,banglore,delhi,180,0,no info,8,20,1,6,2019,"('banglore', 'delhi')",8016
Indigo,delhi,cochin,630,1,no info,15,0,18,5,2019,"('delhi', 'cochin')",7503
Jet Airways,delhi,cochin,425,2,no info,5,30,27,6,2019,"('delhi', 'cochin')",14441
Indigo,delhi,cochin,575,1,no info,16,0,21,3,2019,"('delhi', 'cochin')",9264
Jet Airways,banglore,new delhi,740,1,no info,8,0,1,3,2019,"('banglore', 'new delhi')",27992
Jet Airways,kolkata,banglore,1540,1,in-flight meal not included,20,25,9,6,2019,"('kolkata', 'banglore')",10539
Indigo,delhi,cochin,575,1,no info,11,25,24,6,2019,"('delhi', 'cochin')",5894
Spicejet,banglore,delhi,175,0,no check-in baggage included,21,10,6,4,2019,"('banglore', 'delhi')",3919
Spicejet,banglore,delhi,170,0,no check-in baggage included,9,30,3,6,2019,"('banglore', 'delhi')",3919
Indigo,chennai,kolkata,140,0,no info,19,35,9,5,2019,"('chennai', 'kolkata')",3597
Jet Airways,delhi,cochin,440,2,in-flight meal not included,11,40,18,5,2019,"('delhi', 'cochin')",19644
Jet Airways,kolkata,banglore,590,1,in-flight meal not included,8,25,21,5,2019,"('kolkata', 'banglore')",10844
Jet Airways,delhi,cochin,1395,1,in-flight meal not included,19,45,9,6,2019,"('delhi', 'cochin')",10577
Jet Airways,delhi,cochin,1775,2,no info,13,25,27,6,2019,"('delhi', 'cochin')",15339
Air India,delhi,cochin,675,1,no info,8,0,27,5,2019,"('delhi', 'cochin')",9929
Indigo,delhi,cochin,500,1,no info,17,10,15,5,2019,"('delhi', 'cochin')",6979
Multiple Carriers,delhi,cochin,420,1,no info,14,0,15,5,2019,"('delhi', 'cochin')",13727
Jet Airways,delhi,cochin,1760,2,no info,23,5,24,5,2019,"('delhi', 'cochin')",15129
Indigo,banglore,delhi,175,0,no info,18,25,27,4,2019,"('banglore', 'delhi')",4823
Jet Airways,kolkata,banglore,800,1,in-flight meal not included,18,55,1,5,2019,"('kolkata', 'banglore')",8586
Air Asia,delhi,cochin,330,1,no info,7,55,9,5,2019,"('delhi', 'cochin')",6751
Multiple Carriers,delhi,cochin,750,1,no info,13,0,1,6,2019,"('delhi', 'cochin')",7723
Indigo,kolkata,banglore,155,0,no info,15,10,18,3,2019,"('kolkata', 'banglore')",4462
Multiple Carriers,delhi,cochin,510,1,no info,17,0,15,5,2019,"('delhi', 'cochin')",8073
Goair,delhi,cochin,540,1,no info,10,35,24,6,2019,"('delhi', 'cochin')",3876
Multiple Carriers,delhi,cochin,450,1,no info,18,0,12,6,2019,"('delhi', 'cochin')",7198
Jet Airways,delhi,cochin,1100,1,in-flight meal not included,18,15,9,5,2019,"('delhi', 'cochin')",12373
Air India,delhi,cochin,640,1,no info,21,0,9,6,2019,"('delhi', 'cochin')",8372
Jet Airways,delhi,cochin,865,1,in-flight meal not included,14,0,21,3,2019,"('delhi', 'cochin')",7438
Jet Airways,kolkata,banglore,750,1,no info,9,35,6,6,2019,"('kolkata', 'banglore')",14151
Indigo,delhi,cochin,275,1,no info,5,35,3,3,2019,"('delhi', 'cochin')",13753
Air India,banglore,delhi,170,0,no info,13,20,15,5,2019,"('banglore', 'delhi')",5228
Spicejet,chennai,kolkata,140,0,no info,17,45,24,3,2019,"('chennai', 'kolkata')",5418
Jet Airways,kolkata,banglore,1200,1,no info,14,5,12,6,2019,"('kolkata', 'banglore')",13044
Jet Airways,banglore,delhi,175,0,no info,11,10,1,4,2019,"('banglore', 'delhi')",7229
Air India,delhi,cochin,1125,1,no info,13,30,6,3,2019,"('delhi', 'cochin')",11563
Indigo,chennai,kolkata,140,0,no info,7,55,9,6,2019,"('chennai', 'kolkata')",3850
Indigo,delhi,cochin,425,1,no info,5,5,27,4,2019,"('delhi', 'cochin')",7160
Jet Airways,mumbai,hyderabad,90,0,no info,19,35,15,6,2019,"('mumbai', 'hyderabad')",5678
Jet Airways,kolkata,banglore,910,1,in-flight meal not included,18,55,12,5,2019,"('kolkata', 'banglore')",9663
Jet Airways,delhi,cochin,450,1,in-flight meal not included,20,55,18,5,2019,"('delhi', 'cochin')",12373
Spicejet,banglore,new delhi,170,0,no check-in baggage included,5,45,15,3,2019,"('banglore', 'new delhi')",5469
Jet Airways,kolkata,banglore,1575,1,in-flight meal not included,14,5,24,5,2019,"('kolkata', 'banglore')",10844
Spicejet,chennai,kolkata,135,0,no check-in baggage included,9,45,24,5,2019,"('chennai', 'kolkata')",3543
Indigo,chennai,kolkata,140,0,no info,22,5,27,5,2019,"('chennai', 'kolkata')",5277
Jet Airways,delhi,cochin,520,1,in-flight meal not included,19,45,21,3,2019,"('delhi', 'cochin')",5963
Indigo,delhi,cochin,515,1,no info,7,35,27,3,2019,"('delhi', 'cochin')",6442
Indigo,banglore,new delhi,295,1,no info,13,40,1,3,2019,"('banglore', 'new delhi')",8707
Air India,mumbai,hyderabad,80,0,no info,6,20,6,5,2019,"('mumbai', 'hyderabad')",3625
Jet Airways,banglore,delhi,185,0,in-flight meal not included,18,55,1,5,2019,"('banglore', 'delhi')",4030
Jet Airways,kolkata,banglore,1500,1,no info,17,0,9,5,2019,"('kolkata', 'banglore')",10624
Air India,delhi,cochin,1490,2,no info,6,50,21,3,2019,"('delhi', 'cochin')",11071
Spicejet,kolkata,banglore,140,0,no check-in baggage included,22,20,27,3,2019,"('kolkata', 'banglore')",3815
Air India,banglore,delhi,170,0,no info,13,20,6,5,2019,"('banglore', 'delhi')",5228
Air India,delhi,cochin,555,1,no info,10,0,15,6,2019,"('delhi', 'cochin')",11241
Jet Airways,banglore,delhi,165,0,no info,6,0,15,5,2019,"('banglore', 'delhi')",7229
Jet Airways,delhi,cochin,600,1,no info,9,0,12,6,2019,"('delhi', 'cochin')",14714
Goair,delhi,cochin,370,1,no info,7,25,6,4,2019,"('delhi', 'cochin')",4201
Air India,kolkata,banglore,795,1,no info,10,0,1,4,2019,"('kolkata', 'banglore')",7893
Indigo,delhi,cochin,810,1,no info,7,30,12,6,2019,"('delhi', 'cochin')",6093
Air India,kolkata,banglore,1210,2,no info,9,25,24,3,2019,"('kolkata', 'banglore')",12352
Indigo,delhi,cochin,345,1,no info,21,50,21,5,2019,"('delhi', 'cochin')",7189
Jet Airways,banglore,delhi,175,0,no info,11,10,6,6,2019,"('banglore', 'delhi')",8016
Indigo,delhi,cochin,810,1,no info,7,30,6,6,2019,"('delhi', 'cochin')",6093
Vistara,chennai,kolkata,140,0,no info,17,45,24,5,2019,"('chennai', 'kolkata')",11982
Indigo,kolkata,banglore,160,0,no info,21,25,15,6,2019,"('kolkata', 'banglore')",4804
Jet Airways,mumbai,hyderabad,90,0,no info,10,20,3,4,2019,"('mumbai', 'hyderabad')",8040
Indigo,banglore,delhi,170,0,no info,10,10,3,5,2019,"('banglore', 'delhi')",3943
Multiple Carriers,delhi,cochin,930,1,no info,10,0,15,5,2019,"('delhi', 'cochin')",8073
Jet Airways,delhi,cochin,1570,1,in-flight meal not included,2,15,24,6,2019,"('delhi', 'cochin')",10262
Multiple Carriers,delhi,cochin,735,1,no info,8,45,27,6,2019,"('delhi', 'cochin')",7005
Indigo,banglore,delhi,175,0,no info,18,25,6,4,2019,"('banglore', 'delhi')",4823
Air India,kolkata,banglore,1840,2,no info,5,50,9,6,2019,"('kolkata', 'banglore')",12723
Multiple Carriers,delhi,cochin,740,1,no info,6,40,9,6,2019,"('delhi', 'cochin')",10877
Multiple Carriers,delhi,cochin,795,1,no info,6,0,15,5,2019,"('delhi', 'cochin')",8266
Indigo,delhi,cochin,345,1,no info,2,0,24,4,2019,"('delhi', 'cochin')",5241
Spicejet,chennai,kolkata,155,0,no info,9,30,9,3,2019,"('chennai', 'kolkata')",6300
Multiple Carriers,delhi,cochin,780,1,no info,8,0,15,5,2019,"('delhi', 'cochin')",13937
Jet Airways,kolkata,banglore,1285,1,in-flight meal not included,17,0,1,5,2019,"('kolkata', 'banglore')",9314
Air India,banglore,delhi,170,0,no info,13,20,9,6,2019,"('banglore', 'delhi')",6961
Spicejet,kolkata,banglore,150,0,no info,9,0,6,3,2019,"('kolkata', 'banglore')",4096
Jet Airways,banglore,new delhi,450,1,no info,5,45,18,3,2019,"('banglore', 'new delhi')",12284
Multiple Carriers,delhi,cochin,480,1,no info,13,0,9,4,2019,"('delhi', 'cochin')",12537
Indigo,mumbai,hyderabad,90,0,no info,2,30,9,3,2019,"('mumbai', 'hyderabad')",4784
Indigo,banglore,delhi,170,0,no info,13,0,24,6,2019,"('banglore', 'delhi')",3943
Air India,delhi,cochin,640,1,no info,21,0,3,6,2019,"('delhi', 'cochin')",8372
Jet Airways,delhi,cochin,810,2,in-flight meal not included,5,30,24,6,2019,"('delhi', 'cochin')",10368
Jet Airways,delhi,cochin,1100,1,in-flight meal not included,18,15,21,5,2019,"('delhi', 'cochin')",12898
Jet Airways,delhi,cochin,655,1,no info,17,30,1,6,2019,"('delhi', 'cochin')",14714
Multiple Carriers,delhi,cochin,575,1,no info,16,0,21,3,2019,"('delhi', 'cochin')",13542
Jet Airways,delhi,cochin,1210,1,no info,22,50,1,6,2019,"('delhi', 'cochin')",14714
Air India,kolkata,banglore,1700,2,no info,9,25,1,5,2019,"('kolkata', 'banglore')",15532
Indigo,banglore,new delhi,290,1,no info,7,30,1,3,2019,"('banglore', 'new delhi')",8110
Multiple Carriers,delhi,cochin,660,1,no info,10,0,3,3,2019,"('delhi', 'cochin')",16863
Spicejet,kolkata,banglore,150,0,no info,17,15,21,3,2019,"('kolkata', 'banglore')",3847
Jet Airways,banglore,new delhi,1585,1,in-flight meal not included,20,35,12,3,2019,"('banglore', 'new delhi')",11087
Multiple Carriers,delhi,cochin,600,1,no info,9,0,27,5,2019,"('delhi', 'cochin')",10407
Jet Airways,delhi,cochin,1615,2,in-flight meal not included,9,40,27,6,2019,"('delhi', 'cochin')",11118
Jet Airways,kolkata,banglore,890,1,no info,21,10,12,5,2019,"('kolkata', 'banglore')",14388
Air India,delhi,cochin,1560,2,no info,17,15,9,6,2019,"('delhi', 'cochin')",12392
Indigo,banglore,delhi,170,0,no info,23,30,24,5,2019,"('banglore', 'delhi')",4591
Air India,kolkata,banglore,1195,2,no info,12,0,6,5,2019,"('kolkata', 'banglore')",10151
Air India,kolkata,banglore,955,2,no info,9,25,9,6,2019,"('kolkata', 'banglore')",11668
Indigo,delhi,cochin,615,1,no info,10,45,21,3,2019,"('delhi', 'cochin')",6838
Jet Airways,banglore,new delhi,1090,1,in-flight meal not included,14,5,15,3,2019,"('banglore', 'new delhi')",9134
Jet Airways,delhi,cochin,1790,2,no info,6,45,27,6,2019,"('delhi', 'cochin')",13376
Air India,kolkata,banglore,875,2,no info,5,50,6,6,2019,"('kolkata', 'banglore')",10991
Jet Airways,mumbai,hyderabad,90,0,no info,15,50,15,3,2019,"('mumbai', 'hyderabad')",5678
Multiple Carriers,delhi,cochin,385,1,no info,9,45,6,6,2019,"('delhi', 'cochin')",9646
Indigo,banglore,new delhi,165,0,no info,1,30,15,3,2019,"('banglore', 'new delhi')",5694
Air India,kolkata,banglore,1320,2,no info,14,30,9,5,2019,"('kolkata', 'banglore')",15107
Jet Airways,mumbai,hyderabad,90,0,in-flight meal not included,19,35,24,6,2019,"('mumbai', 'hyderabad')",3210
Indigo,kolkata,banglore,280,1,no info,17,35,6,5,2019,"('kolkata', 'banglore')",5699
Jet Airways,banglore,delhi,185,0,no info,18,55,18,4,2019,"('banglore', 'delhi')",7229
Jet Airways,delhi,cochin,195,0,no info,11,0,15,6,2019,"('delhi', 'cochin')",9564
Air India,mumbai,hyderabad,85,0,no info,15,0,24,3,2019,"('mumbai', 'hyderabad')",2050
Air India,banglore,new delhi,165,0,no info,10,0,3,3,2019,"('banglore', 'new delhi')",11423
Goair,banglore,delhi,165,0,no info,20,55,18,4,2019,"('banglore', 'delhi')",5048
Indigo,delhi,cochin,380,1,no info,16,10,27,5,2019,"('delhi', 'cochin')",6938
Air India,banglore,new delhi,1545,2,no info,8,50,18,3,2019,"('banglore', 'new delhi')",11885
Indigo,delhi,cochin,315,1,no info,7,15,21,5,2019,"('delhi', 'cochin')",5636
Air India,delhi,cochin,1580,2,no info,16,55,1,6,2019,"('delhi', 'cochin')",13801
Indigo,mumbai,hyderabad,95,0,no info,20,5,27,6,2019,"('mumbai', 'hyderabad')",2227
Jet Airways,kolkata,banglore,685,1,no info,8,25,15,5,2019,"('kolkata', 'banglore')",14781
Multiple Carriers,delhi,cochin,760,1,no info,12,50,12,6,2019,"('delhi', 'cochin')",6795
Indigo,delhi,cochin,320,1,no info,6,50,24,6,2019,"('delhi', 'cochin')",5298
Jet Airways,banglore,new delhi,495,1,in-flight meal not included,7,0,21,3,2019,"('banglore', 'new delhi')",7832
Air Asia,banglore,delhi,165,0,no info,11,10,24,5,2019,"('banglore', 'delhi')",3383
Jet Airways,kolkata,banglore,590,1,no info,8,25,15,5,2019,"('kolkata', 'banglore')",14781
Jet Airways,banglore,delhi,180,0,in-flight meal not included,17,45,15,5,2019,"('banglore', 'delhi')",4030
Jet Airways,kolkata,banglore,1090,1,no info,14,5,18,5,2019,"('kolkata', 'banglore')",14388
Air India,delhi,cochin,1595,2,no info,16,40,27,5,2019,"('delhi', 'cochin')",9968
Indigo,delhi,cochin,810,1,no info,7,30,27,5,2019,"('delhi', 'cochin')",6526
Vistara,kolkata,banglore,1440,1,no info,20,20,18,5,2019,"('kolkata', 'banglore')",9555
Jet Airways,delhi,cochin,865,1,in-flight meal not included,14,0,3,6,2019,"('delhi', 'cochin')",10262
Jet Airways,delhi,cochin,1015,1,in-flight meal not included,11,30,21,3,2019,"('delhi', 'cochin')",7438
Indigo,delhi,cochin,625,1,no info,11,55,6,3,2019,"('delhi', 'cochin')",6442
Indigo,banglore,delhi,170,0,no info,10,10,1,4,2019,"('banglore', 'delhi')",3943
Air India,kolkata,banglore,760,2,no info,9,10,1,5,2019,"('kolkata', 'banglore')",12009
Spicejet,banglore,delhi,160,0,no info,5,55,6,4,2019,"('banglore', 'delhi')",4423
Indigo,kolkata,banglore,255,1,no info,6,15,3,4,2019,"('kolkata', 'banglore')",4226
Indigo,banglore,delhi,170,0,no info,4,0,15,5,2019,"('banglore', 'delhi')",3943
Jet Airways,kolkata,banglore,505,1,in-flight meal not included,9,35,6,5,2019,"('kolkata', 'banglore')",12384
Jet Airways,delhi,cochin,1460,2,no info,12,15,27,6,2019,"('delhi', 'cochin')",14300
Indigo,delhi,cochin,345,1,no info,21,50,12,6,2019,"('delhi', 'cochin')",5775
Multiple Carriers,delhi,cochin,675,1,no info,8,0,1,6,2019,"('delhi', 'cochin')",16108
Jet Airways,delhi,cochin,1095,2,no info,18,20,27,6,2019,"('delhi', 'cochin')",14300
Multiple Carriers,delhi,cochin,795,1,no info,2,15,27,3,2019,"('delhi', 'cochin')",12327
Multiple Carriers,delhi,cochin,690,1,no info,14,0,24,6,2019,"('delhi', 'cochin')",13377
Jet Airways,delhi,cochin,620,1,no info,2,15,27,5,2019,"('delhi', 'cochin')",16376
Jet Airways,delhi,cochin,1365,2,in-flight meal not included,5,40,9,3,2019,"('delhi', 'cochin')",13764
Indigo,delhi,cochin,415,1,no info,18,35,15,5,2019,"('delhi', 'cochin')",7191
Air India,kolkata,banglore,1045,2,no info,5,50,6,5,2019,"('kolkata', 'banglore')",11883
Jet Airways,delhi,cochin,1595,1,in-flight meal not included,10,0,21,5,2019,"('delhi', 'cochin')",12898
Jet Airways,kolkata,banglore,1295,1,no info,20,25,18,5,2019,"('kolkata', 'banglore')",14151
Jet Airways,delhi,cochin,330,1,no info,7,5,15,6,2019,"('delhi', 'cochin')",14714
Jet Airways,delhi,cochin,505,2,in-flight meal not included,20,0,24,6,2019,"('delhi', 'cochin')",12410
Multiple Carriers,delhi,cochin,395,1,no info,8,55,27,3,2019,"('delhi', 'cochin')",7845
Jet Airways,delhi,cochin,655,1,in-flight meal not included,17,30,9,5,2019,"('delhi', 'cochin')",12373
Jet Airways,delhi,cochin,330,1,no info,7,5,9,5,2019,"('delhi', 'cochin')",15554
Air India,kolkata,banglore,970,2,no info,16,45,6,6,2019,"('kolkata', 'banglore')",14960
Indigo,delhi,cochin,570,1,no info,16,0,24,6,2019,"('delhi', 'cochin')",6316
Multiple Carriers,delhi,cochin,600,1,no info,9,0,9,6,2019,"('delhi', 'cochin')",12192
Indigo,delhi,cochin,425,1,no info,5,5,24,4,2019,"('delhi', 'cochin')",6171
Air India,delhi,cochin,675,1,no info,8,0,9,3,2019,"('delhi', 'cochin')",16754
Multiple Carriers,delhi,cochin,385,1,no info,12,50,27,3,2019,"('delhi', 'cochin')",6953
Jet Airways,banglore,delhi,180,0,in-flight meal not included,8,20,6,5,2019,"('banglore', 'delhi')",4544
Jet Airways,delhi,cochin,440,2,no info,11,40,15,6,2019,"('delhi', 'cochin')",18804
Air India,delhi,cochin,705,1,no info,20,30,9,3,2019,"('delhi', 'cochin')",8991
Jet Airways,kolkata,banglore,435,1,no info,10,20,9,5,2019,"('kolkata', 'banglore')",8355
Jet Airways,kolkata,banglore,1480,1,no info,20,25,24,5,2019,"('kolkata', 'banglore')",14151
Jet Airways,banglore,new delhi,1100,1,in-flight meal not included,18,55,12,3,2019,"('banglore', 'new delhi')",11087
Air India,banglore,new delhi,1795,2,no info,17,0,1,3,2019,"('banglore', 'new delhi')",14887
Spicejet,kolkata,banglore,155,0,no info,6,55,9,4,2019,"('kolkata', 'banglore')",3873
Jet Airways,delhi,cochin,1570,1,in-flight meal not included,2,15,9,3,2019,"('delhi', 'cochin')",11848
Air India,banglore,delhi,165,0,no info,17,0,27,5,2019,"('banglore', 'delhi')",6961
Goair,banglore,delhi,175,0,no info,7,45,27,4,2019,"('banglore', 'delhi')",5048
Air India,kolkata,banglore,1165,2,no info,10,0,1,4,2019,"('kolkata', 'banglore')",12639
Air India,kolkata,banglore,1390,2,no info,12,0,18,5,2019,"('kolkata', 'banglore')",10676
Air India,delhi,cochin,320,1,no info,17,40,24,6,2019,"('delhi', 'cochin')",7174
Vistara,delhi,cochin,190,0,no info,6,0,18,6,2019,"('delhi', 'cochin')",6216
Vistara,kolkata,banglore,765,1,no info,20,20,6,6,2019,"('kolkata', 'banglore')",8452
Spicejet,kolkata,banglore,150,0,no check-in baggage included,17,15,27,3,2019,"('kolkata', 'banglore')",3815
Jet Airways,kolkata,banglore,800,1,in-flight meal not included,18,55,18,5,2019,"('kolkata', 'banglore')",7757
Indigo,kolkata,banglore,160,0,no info,20,25,27,3,2019,"('kolkata', 'banglore')",4462
Jet Airways,kolkata,banglore,1295,1,no info,20,25,9,5,2019,"('kolkata', 'banglore')",11467
Air India,delhi,cochin,1115,2,no info,13,5,27,3,2019,"('delhi', 'cochin')",8892
Multiple Carriers,delhi,cochin,825,1,no info,6,0,9,3,2019,"('delhi', 'cochin')",13941
Indigo,delhi,cochin,300,1,no info,16,0,18,5,2019,"('delhi', 'cochin')",6069
Vistara,mumbai,hyderabad,1290,1,no info,11,55,6,3,2019,"('mumbai', 'hyderabad')",12395
Indigo,chennai,kolkata,145,0,no info,11,35,1,5,2019,"('chennai', 'kolkata')",4332
Jet Airways,banglore,new delhi,900,1,in-flight meal not included,8,0,21,3,2019,"('banglore', 'new delhi')",7832
Spicejet,kolkata,banglore,140,0,no info,22,20,1,3,2019,"('kolkata', 'banglore')",5515
Multiple Carriers,delhi,cochin,740,1,no info,6,40,24,6,2019,"('delhi', 'cochin')",10877
Air India,kolkata,banglore,1350,1,no info,9,25,24,5,2019,"('kolkata', 'banglore')",8366
Air India,delhi,cochin,1255,1,no info,12,30,24,6,2019,"('delhi', 'cochin')",7480
Air India,delhi,cochin,435,2,no info,12,0,24,6,2019,"('delhi', 'cochin')",9548
Jet Airways,kolkata,banglore,585,1,in-flight meal not included,18,55,1,4,2019,"('kolkata', 'banglore')",7064
Jet Airways,banglore,delhi,175,0,no info,11,10,9,4,2019,"('banglore', 'delhi')",7229
Jet Airways,kolkata,banglore,520,1,in-flight meal not included,13,55,24,3,2019,"('kolkata', 'banglore')",11134
Multiple Carriers,delhi,cochin,540,1,no info,10,0,21,5,2019,"('delhi', 'cochin')",10197
Multiple Carriers,delhi,cochin,510,1,no info,10,45,6,3,2019,"('delhi', 'cochin')",15077
Air Asia,kolkata,banglore,155,0,no info,10,20,24,5,2019,"('kolkata', 'banglore')",4409
Jet Airways,banglore,new delhi,1425,1,in-flight meal not included,11,40,21,3,2019,"('banglore', 'new delhi')",7832
Multiple Carriers,delhi,cochin,605,1,no info,9,10,27,3,2019,"('delhi', 'cochin')",10667
Multiple Carriers,delhi,cochin,465,1,no info,17,45,27,5,2019,"('delhi', 'cochin')",6795
Jet Airways,delhi,cochin,540,1,no info,10,0,3,6,2019,"('delhi', 'cochin')",14714
Jet Airways,kolkata,banglore,425,1,in-flight meal not included,16,30,9,6,2019,"('kolkata', 'banglore')",10844
Jet Airways,delhi,cochin,1615,2,in-flight meal not included,9,40,6,6,2019,"('delhi', 'cochin')",11733
Spicejet,kolkata,banglore,155,0,no check-in baggage included,6,55,24,4,2019,"('kolkata', 'banglore')",3841
Jet Airways,delhi,cochin,825,1,no info,22,50,1,6,2019,"('delhi', 'cochin')",14714
Jet Airways,delhi,cochin,395,1,in-flight meal not included,21,50,21,5,2019,"('delhi', 'cochin')",12898
Jet Airways,kolkata,banglore,475,1,in-flight meal not included,8,25,18,5,2019,"('kolkata', 'banglore')",10844
Indigo,kolkata,banglore,150,0,no info,14,25,27,6,2019,"('kolkata', 'banglore')",4804
Indigo,kolkata,banglore,240,1,no info,6,20,9,5,2019,"('kolkata', 'banglore')",4226
Indigo,mumbai,hyderabad,90,0,no info,12,0,27,6,2019,"('mumbai', 'hyderabad')",2754
Air India,kolkata,banglore,1830,2,no info,12,0,12,5,2019,"('kolkata', 'banglore')",10676
Air Asia,banglore,delhi,170,0,no info,23,55,9,4,2019,"('banglore', 'delhi')",4483
Spicejet,kolkata,banglore,155,0,no check-in baggage included,6,55,3,4,2019,"('kolkata', 'banglore')",3841
Multiple Carriers,delhi,cochin,615,1,no info,8,45,12,6,2019,"('delhi', 'cochin')",11789
Jet Airways,delhi,cochin,425,2,no info,5,30,9,5,2019,"('delhi', 'cochin')",16274
Air India,kolkata,banglore,1035,2,no info,20,30,1,5,2019,"('kolkata', 'banglore')",15164
Air Asia,delhi,cochin,340,1,no info,16,45,15,6,2019,"('delhi', 'cochin')",6853
Air Asia,kolkata,banglore,155,0,no info,10,20,15,6,2019,"('kolkata', 'banglore')",4409
Vistara,kolkata,banglore,1625,1,no info,20,20,24,5,2019,"('kolkata', 'banglore')",9345
Indigo,banglore,new delhi,175,0,no info,18,25,24,3,2019,"('banglore', 'new delhi')",7303
Indigo,mumbai,hyderabad,90,0,no info,2,35,21,5,2019,"('mumbai', 'hyderabad')",2754
Air Asia,kolkata,banglore,150,0,no info,19,35,6,3,2019,"('kolkata', 'banglore')",4384
Multiple Carriers,delhi,cochin,640,1,no info,10,20,18,5,2019,"('delhi', 'cochin')",7670
Air India,delhi,cochin,375,1,no info,13,0,12,6,2019,"('delhi', 'cochin')",8372
Air India,kolkata,banglore,1185,2,no info,16,45,12,6,2019,"('kolkata', 'banglore')",14960
Jet Airways,delhi,cochin,1430,2,no info,19,10,21,5,2019,"('delhi', 'cochin')",15129
Air India,delhi,cochin,1305,2,no info,21,30,27,3,2019,"('delhi', 'cochin')",8665
Jet Airways,banglore,delhi,180,0,in-flight meal not included,17,45,24,5,2019,"('banglore', 'delhi')",6144
Jet Airways,delhi,cochin,195,0,no info,11,0,12,5,2019,"('delhi', 'cochin')",9564
Spicejet,delhi,cochin,270,1,no check-in baggage included,8,45,9,6,2019,"('delhi', 'cochin')",5158
Multiple Carriers,delhi,cochin,650,1,no info,8,25,21,3,2019,"('delhi', 'cochin')",8601
Jet Airways,delhi,cochin,995,2,no info,20,0,12,6,2019,"('delhi', 'cochin')",14300
Air India,delhi,cochin,1010,1,no info,6,10,9,5,2019,"('delhi', 'cochin')",7174
Jet Airways,banglore,delhi,185,0,in-flight meal not included,18,55,9,6,2019,"('banglore', 'delhi')",7229
Air Asia,kolkata,banglore,720,1,no info,22,40,1,4,2019,"('kolkata', 'banglore')",5192
Indigo,mumbai,hyderabad,85,0,no info,19,5,21,3,2019,"('mumbai', 'hyderabad')",2754
Multiple Carriers,delhi,cochin,700,1,in-flight meal not included,13,55,6,3,2019,"('delhi', 'cochin')",15136
Goair,delhi,cochin,310,1,no info,14,25,3,6,2019,"('delhi', 'cochin')",9069
Indigo,delhi,cochin,630,1,no info,15,0,1,6,2019,"('delhi', 'cochin')",6628
Multiple Carriers,delhi,cochin,795,1,no info,6,0,3,6,2019,"('delhi', 'cochin')",9736
Spicejet,banglore,delhi,175,0,no info,21,10,24,6,2019,"('banglore', 'delhi')",3971
Jet Airways,delhi,cochin,865,1,in-flight meal not included,14,0,15,6,2019,"('delhi', 'cochin')",10262
Air India,banglore,new delhi,630,2,no info,5,50,15,3,2019,"('banglore', 'new delhi')",7664
Air Asia,delhi,cochin,870,1,no info,7,55,24,4,2019,"('delhi', 'cochin')",6152
Jet Airways,banglore,delhi,165,0,in-flight meal not included,6,0,24,6,2019,"('banglore', 'delhi')",5769
Air India,delhi,cochin,170,0,no info,5,10,9,4,2019,"('delhi', 'cochin')",4729
Multiple Carriers,delhi,cochin,615,1,no info,15,15,15,5,2019,"('delhi', 'cochin')",7670
Jet Airways,kolkata,banglore,775,1,no info,21,10,6,5,2019,"('kolkata', 'banglore')",13584
Indigo,kolkata,banglore,155,0,no info,11,30,27,5,2019,"('kolkata', 'banglore')",5224
Jet Airways,mumbai,hyderabad,90,0,no info,10,20,1,6,2019,"('mumbai', 'hyderabad')",5678
Multiple Carriers,delhi,cochin,480,1,no info,13,0,9,6,2019,"('delhi', 'cochin')",13587
Indigo,kolkata,banglore,155,0,no info,11,30,18,5,2019,"('kolkata', 'banglore')",4804
Multiple Carriers,delhi,cochin,615,1,no info,15,15,9,6,2019,"('delhi', 'cochin')",6795
Jet Airways,delhi,cochin,1615,2,in-flight meal not included,9,40,18,5,2019,"('delhi', 'cochin')",13029
Spicejet,mumbai,hyderabad,90,0,no info,13,15,1,5,2019,"('mumbai', 'hyderabad')",2437
Jet Airways,kolkata,banglore,450,1,no info,21,10,15,5,2019,"('kolkata', 'banglore')",14388
Jet Airways,delhi,cochin,705,1,no info,7,5,21,3,2019,"('delhi', 'cochin')",12767
Jet Airways,banglore,delhi,180,0,no info,7,10,1,6,2019,"('banglore', 'delhi')",8016
Jet Airways,delhi,cochin,715,1,in-flight meal not included,7,5,18,5,2019,"('delhi', 'cochin')",12373
Indigo,delhi,cochin,515,1,no info,7,35,12,6,2019,"('delhi', 'cochin')",6442
Indigo,delhi,cochin,880,2,no info,6,40,9,3,2019,"('delhi', 'cochin')",8146
Air India,delhi,cochin,1255,1,no info,12,30,15,6,2019,"('delhi', 'cochin')",7480
Multiple Carriers,delhi,cochin,630,1,no info,8,30,27,5,2019,"('delhi', 'cochin')",9627
Spicejet,chennai,kolkata,140,0,no info,17,45,12,5,2019,"('chennai', 'kolkata')",3597
Jet Airways,kolkata,banglore,400,1,in-flight meal not included,14,5,6,6,2019,"('kolkata', 'banglore')",10844
Goair,banglore,new delhi,175,0,no info,11,40,18,3,2019,"('banglore', 'new delhi')",4340
Air Asia,delhi,cochin,870,1,no info,7,55,21,4,2019,"('delhi', 'cochin')",7452
Air India,kolkata,banglore,1045,2,no info,5,50,9,6,2019,"('kolkata', 'banglore')",12723
Jet Airways,mumbai,hyderabad,90,0,in-flight meal not included,8,45,18,6,2019,"('mumbai', 'hyderabad')",4995
Jet Airways,delhi,cochin,1105,1,no info,10,0,6,6,2019,"('delhi', 'cochin')",14714
Jet Airways,delhi,cochin,1165,1,in-flight meal not included,9,0,27,5,2019,"('delhi', 'cochin')",12898
Jet Airways,delhi,cochin,910,2,in-flight meal not included,21,25,12,6,2019,"('delhi', 'cochin')",11507
Jet Airways,banglore,delhi,175,0,no info,15,15,27,6,2019,"('banglore', 'delhi')",8016
Air India,banglore,new delhi,880,2,no info,8,15,6,3,2019,"('banglore', 'new delhi')",13942
Jet Airways,delhi,cochin,1235,1,in-flight meal not included,16,0,24,6,2019,"('delhi', 'cochin')",10262
Jet Airways,delhi,cochin,1005,1,in-flight meal not included,2,15,3,4,2019,"('delhi', 'cochin')",4757
Indigo,banglore,delhi,170,0,no info,13,0,18,5,2019,"('banglore', 'delhi')",4423
Indigo,kolkata,banglore,150,0,no info,14,25,3,6,2019,"('kolkata', 'banglore')",5644
Jet Airways,delhi,cochin,425,2,no info,5,30,18,5,2019,"('delhi', 'cochin')",16274
Indigo,chennai,kolkata,145,0,no info,14,40,6,3,2019,"('chennai', 'kolkata')",7295
Jet Airways,delhi,cochin,1375,2,no info,5,30,27,5,2019,"('delhi', 'cochin')",15129
Air India,delhi,cochin,1490,2,no info,6,50,24,6,2019,"('delhi', 'cochin')",13381
Jet Airways,banglore,new delhi,280,1,in-flight meal not included,5,45,15,3,2019,"('banglore', 'new delhi')",9134
Jet Airways,delhi,cochin,810,2,in-flight meal not included,5,30,3,6,2019,"('delhi', 'cochin')",10368
Jet Airways,kolkata,banglore,800,1,in-flight meal not included,20,0,12,5,2019,"('kolkata', 'banglore')",9663
Air India,delhi,cochin,180,0,no info,14,10,3,3,2019,"('delhi', 'cochin')",7931
Spicejet,mumbai,hyderabad,90,0,no info,22,45,12,5,2019,"('mumbai', 'hyderabad')",2017
Jet Airways,banglore,delhi,180,0,no info,7,10,6,6,2019,"('banglore', 'delhi')",8016
Spicejet,kolkata,banglore,155,0,no info,6,55,1,5,2019,"('kolkata', 'banglore')",3873
Air India,delhi,cochin,1580,2,no info,16,55,9,3,2019,"('delhi', 'cochin')",22096
Indigo,delhi,cochin,325,1,no info,2,0,21,4,2019,"('delhi', 'cochin')",5636
Indigo,delhi,cochin,320,1,no info,6,50,9,5,2019,"('delhi', 'cochin')",5298
Indigo,mumbai,hyderabad,90,0,no info,12,0,27,5,2019,"('mumbai', 'hyderabad')",2754
Jet Airways,kolkata,banglore,575,1,in-flight meal not included,9,35,6,5,2019,"('kolkata', 'banglore')",12384
Jet Airways,delhi,cochin,1325,2,no info,6,20,21,3,2019,"('delhi', 'cochin')",11538
Air India,delhi,cochin,1470,2,no info,7,10,12,6,2019,"('delhi', 'cochin')",12488
Jet Airways,kolkata,banglore,570,1,no info,14,5,1,4,2019,"('kolkata', 'banglore')",13364
Air India,kolkata,banglore,1700,2,no info,9,25,15,5,2019,"('kolkata', 'banglore')",14482
Multiple Carriers,delhi,cochin,505,1,no info,10,35,9,6,2019,"('delhi', 'cochin')",11098
Air India,delhi,cochin,1470,2,no info,18,45,12,6,2019,"('delhi', 'cochin')",11732
Jet Airways,delhi,cochin,1005,1,no info,2,15,6,6,2019,"('delhi', 'cochin')",14714
Indigo,banglore,delhi,170,0,no info,8,30,18,5,2019,"('banglore', 'delhi')",4823
Indigo,chennai,kolkata,135,0,no info,13,20,21,3,2019,"('chennai', 'kolkata')",3384
Air India,kolkata,banglore,1700,2,no info,9,25,9,6,2019,"('kolkata', 'banglore')",11542
Indigo,banglore,delhi,170,0,no info,10,10,1,6,2019,"('banglore', 'delhi')",3943
Vistara,chennai,kolkata,140,0,no info,17,45,21,6,2019,"('chennai', 'kolkata')",11982
Air India,delhi,cochin,705,1,no info,20,30,15,5,2019,"('delhi', 'cochin')",10671
Air India,kolkata,banglore,955,2,no info,9,25,6,5,2019,"('kolkata', 'banglore')",11458
Jet Airways,kolkata,banglore,450,1,no info,21,10,12,5,2019,"('kolkata', 'banglore')",13941
Indigo,banglore,delhi,170,0,no info,10,10,18,4,2019,"('banglore', 'delhi')",4591
Indigo,kolkata,banglore,240,1,no info,6,20,1,5,2019,"('kolkata', 'banglore')",4226
Air India,delhi,cochin,925,1,no info,3,50,24,6,2019,"('delhi', 'cochin')",8669
Multiple Carriers,delhi,cochin,620,1,no info,15,15,9,3,2019,"('delhi', 'cochin')",15200
Jet Airways,banglore,new delhi,800,1,in-flight meal not included,8,0,21,3,2019,"('banglore', 'new delhi')",7832
Indigo,banglore,delhi,180,0,no info,16,55,27,6,2019,"('banglore', 'delhi')",4823
Air India,delhi,cochin,1275,2,no info,22,0,24,6,2019,"('delhi', 'cochin')",9181
Indigo,delhi,cochin,845,1,no info,11,30,21,3,2019,"('delhi', 'cochin')",7318
Air India,kolkata,banglore,1100,2,no info,7,0,24,3,2019,"('kolkata', 'banglore')",13428
Jet Airways,mumbai,hyderabad,85,0,in-flight meal not included,7,5,3,5,2019,"('mumbai', 'hyderabad')",4995
Multiple Carriers,delhi,cochin,750,1,no info,13,0,15,6,2019,"('delhi', 'cochin')",7198
Air India,kolkata,banglore,920,2,no info,10,0,18,5,2019,"('kolkata', 'banglore')",13243
Air India,delhi,cochin,1420,2,no info,9,45,9,6,2019,"('delhi', 'cochin')",11185
Jet Airways,delhi,cochin,1355,1,in-flight meal not included,14,0,9,6,2019,"('delhi', 'cochin')",10262
Indigo,kolkata,banglore,315,1,no info,21,0,18,5,2019,"('kolkata', 'banglore')",6534
Vistara,banglore,delhi,170,0,no info,9,45,6,6,2019,"('banglore', 'delhi')",4668
Multiple Carriers,delhi,cochin,575,1,in-flight meal not included,16,0,6,3,2019,"('delhi', 'cochin')",15136
Indigo,banglore,delhi,170,0,no info,10,10,18,5,2019,"('banglore', 'delhi')",3943
Air India,kolkata,banglore,1100,1,no info,16,50,6,6,2019,"('kolkata', 'banglore')",8366
Jet Airways,kolkata,banglore,1595,1,in-flight meal not included,20,0,24,5,2019,"('kolkata', 'banglore')",10844
Multiple Carriers,delhi,cochin,465,1,in-flight meal not included,11,30,27,5,2019,"('delhi', 'cochin')",9254
Jet Airways,delhi,cochin,1475,1,in-flight meal not included,18,15,9,3,2019,"('delhi', 'cochin')",14053
Spicejet,banglore,delhi,160,0,no info,5,55,24,4,2019,"('banglore', 'delhi')",3971
Spicejet,kolkata,banglore,145,0,no info,9,0,6,4,2019,"('kolkata', 'banglore')",3873
Air India,mumbai,hyderabad,965,1,no info,5,55,6,3,2019,"('mumbai', 'hyderabad')",10366
Air Asia,banglore,delhi,170,0,no info,4,55,9,6,2019,"('banglore', 'delhi')",8420
Air India,delhi,cochin,170,0,no info,5,10,3,6,2019,"('delhi', 'cochin')",5201
Air India,kolkata,banglore,1200,2,no info,9,25,9,5,2019,"('kolkata', 'banglore')",14687
Spicejet,chennai,kolkata,155,0,no info,9,30,18,3,2019,"('chennai', 'kolkata')",3859
Air India,delhi,cochin,965,1,no info,17,20,6,4,2019,"('delhi', 'cochin')",4697
Vistara,chennai,kolkata,135,0,no info,7,5,9,3,2019,"('chennai', 'kolkata')",6627
Spicejet,banglore,delhi,175,0,no info,21,10,1,4,2019,"('banglore', 'delhi')",3625
Indigo,banglore,delhi,170,0,no info,22,10,9,6,2019,"('banglore', 'delhi')",3749
Vistara,banglore,new delhi,160,0,no info,7,0,24,3,2019,"('banglore', 'new delhi')",5403
Air India,delhi,cochin,180,0,no info,14,10,18,4,2019,"('delhi', 'cochin')",6094
Indigo,kolkata,banglore,155,0,no info,15,20,9,3,2019,"('kolkata', 'banglore')",4148
Goair,banglore,delhi,165,0,no info,20,55,15,4,2019,"('banglore', 'delhi')",3898
Jet Airways,delhi,cochin,1425,1,in-flight meal not included,19,15,18,5,2019,"('delhi', 'cochin')",12373
Air India,banglore,new delhi,640,1,no info,17,0,9,3,2019,"('banglore', 'new delhi')",8767
Indigo,delhi,cochin,425,1,no info,5,5,27,6,2019,"('delhi', 'cochin')",6442
Jet Airways,mumbai,hyderabad,1380,2,no info,17,50,6,3,2019,"('mumbai', 'hyderabad')",20845
Jet Airways,kolkata,banglore,395,1,in-flight meal not included,17,0,6,5,2019,"('kolkata', 'banglore')",10703
Jet Airways,kolkata,banglore,575,1,no info,9,35,18,5,2019,"('kolkata', 'banglore')",13067
Jet Airways,kolkata,banglore,1595,1,in-flight meal not included,20,0,1,4,2019,"('kolkata', 'banglore')",7064
Air India,kolkata,banglore,1700,1,no info,16,45,24,3,2019,"('kolkata', 'banglore')",6535
Multiple Carriers,delhi,cochin,435,1,no info,18,15,3,6,2019,"('delhi', 'cochin')",13377
Jet Airways,banglore,delhi,180,0,in-flight meal not included,7,10,18,5,2019,"('banglore', 'delhi')",5198
Multiple Carriers,delhi,cochin,545,1,no info,7,5,9,3,2019,"('delhi', 'cochin')",6916
Indigo,kolkata,banglore,165,0,no info,20,25,15,6,2019,"('kolkata', 'banglore')",4804
Indigo,banglore,delhi,165,0,no info,1,30,9,6,2019,"('banglore', 'delhi')",4077
Air India,kolkata,banglore,1045,2,no info,5,50,1,4,2019,"('kolkata', 'banglore')",11516
Jet Airways,delhi,cochin,195,0,no info,9,50,18,6,2019,"('delhi', 'cochin')",9564
Jet Airways,banglore,new delhi,365,1,no info,16,55,12,3,2019,"('banglore', 'new delhi')",13817
Air Asia,kolkata,banglore,955,1,no info,7,35,9,6,2019,"('kolkata', 'banglore')",7870
Air India,kolkata,banglore,725,2,no info,8,20,18,5,2019,"('kolkata', 'banglore')",12534
Vistara,banglore,new delhi,160,0,no info,7,0,1,3,2019,"('banglore', 'new delhi')",21520
Indigo,delhi,cochin,515,1,no info,7,35,18,5,2019,"('delhi', 'cochin')",6442
Indigo,delhi,cochin,825,2,no info,7,35,3,3,2019,"('delhi', 'cochin')",9413
Air Asia,banglore,delhi,170,0,no info,23,55,18,5,2019,"('banglore', 'delhi')",4483
Indigo,chennai,kolkata,145,0,no info,11,35,18,6,2019,"('chennai', 'kolkata')",3858
Jet Airways,banglore,delhi,180,0,in-flight meal not included,19,50,27,4,2019,"('banglore', 'delhi')",4544
Air India,banglore,new delhi,1580,2,no info,8,50,1,3,2019,"('banglore', 'new delhi')",19372
Spicejet,banglore,new delhi,170,0,no info,20,30,3,3,2019,"('banglore', 'new delhi')",6860
Indigo,kolkata,banglore,155,0,no info,15,30,12,6,2019,"('kolkata', 'banglore')",4804
Jet Airways,kolkata,banglore,400,1,in-flight meal not included,14,5,21,5,2019,"('kolkata', 'banglore')",10844
Jet Airways,kolkata,banglore,1145,1,in-flight meal not included,16,55,24,3,2019,"('kolkata', 'banglore')",11134
Indigo,chennai,kolkata,140,0,no info,13,15,24,6,2019,"('chennai', 'kolkata')",3597
Jet Airways,kolkata,banglore,435,1,in-flight meal not included,10,20,6,5,2019,"('kolkata', 'banglore')",7064
Jet Airways,banglore,new delhi,1275,1,in-flight meal not included,18,55,12,3,2019,"('banglore', 'new delhi')",11087
Jet Airways,delhi,cochin,330,1,in-flight meal not included,7,5,1,6,2019,"('delhi', 'cochin')",12898
Air India,kolkata,banglore,1100,2,no info,7,0,18,5,2019,"('kolkata', 'banglore')",13873
Indigo,banglore,new delhi,300,1,no info,19,35,3,3,2019,"('banglore', 'new delhi')",13292
Air India,delhi,cochin,1275,2,no info,22,0,18,5,2019,"('delhi', 'cochin')",11228
Indigo,banglore,new delhi,300,1,no info,14,25,15,3,2019,"('banglore', 'new delhi')",9165
Spicejet,chennai,kolkata,140,0,no check-in baggage included,17,45,9,6,2019,"('chennai', 'kolkata')",3543
Jet Airways,kolkata,banglore,800,1,in-flight meal not included,20,25,6,5,2019,"('kolkata', 'banglore')",8066
Air India,kolkata,banglore,1810,2,no info,5,50,6,5,2019,"('kolkata', 'banglore')",11883
Jet Airways,banglore,delhi,165,0,no info,6,0,21,4,2019,"('banglore', 'delhi')",7229
Jet Airways,kolkata,banglore,1430,1,in-flight meal not included,8,25,18,5,2019,"('kolkata', 'banglore')",9663
Jet Airways,delhi,cochin,360,1,no info,13,0,3,6,2019,"('delhi', 'cochin')",14714
Air Asia,kolkata,banglore,955,1,no info,7,35,12,6,2019,"('kolkata', 'banglore')",5192
Jet Airways,kolkata,banglore,800,1,no info,20,25,9,6,2019,"('kolkata', 'banglore')",14151
Jet Airways,delhi,cochin,885,1,in-flight meal not included,21,50,15,6,2019,"('delhi', 'cochin')",10262
Multiple Carriers,delhi,cochin,720,1,no info,9,0,18,5,2019,"('delhi', 'cochin')",13727
Multiple Carriers,delhi,cochin,525,1,no info,3,50,18,5,2019,"('delhi', 'cochin')",10197
Air India,kolkata,banglore,2115,3,no info,12,0,12,5,2019,"('kolkata', 'banglore')",10991
Indigo,banglore,delhi,175,0,no info,18,55,15,4,2019,"('banglore', 'delhi')",4823
Indigo,banglore,new delhi,170,0,no info,23,30,1,3,2019,"('banglore', 'new delhi')",10067
Jet Airways,banglore,new delhi,390,1,business class,5,50,1,3,2019,"('banglore', 'new delhi')",28097
Jet Airways,kolkata,banglore,1090,1,in-flight meal not included,14,5,21,5,2019,"('kolkata', 'banglore')",9663
Indigo,banglore,delhi,170,0,no info,10,10,9,5,2019,"('banglore', 'delhi')",3943
Multiple Carriers,delhi,cochin,780,1,no info,8,0,27,5,2019,"('delhi', 'cochin')",7618
Air India,delhi,cochin,1255,1,no info,12,30,3,4,2019,"('delhi', 'cochin')",5117
Goair,delhi,cochin,310,1,no info,14,25,12,6,2019,"('delhi', 'cochin')",7870
Multiple Carriers,delhi,cochin,690,1,in-flight meal not included,14,0,27,5,2019,"('delhi', 'cochin')",6943
Air India,delhi,cochin,1820,2,no info,12,55,12,6,2019,"('delhi', 'cochin')",12436
Indigo,kolkata,banglore,315,1,no info,21,0,24,5,2019,"('kolkata', 'banglore')",6534
Multiple Carriers,delhi,cochin,455,1,no info,18,0,3,3,2019,"('delhi', 'cochin')",17703
Jet Airways,kolkata,banglore,1520,1,no info,9,35,1,5,2019,"('kolkata', 'banglore')",12121
Multiple Carriers,delhi,cochin,625,2,no info,15,5,9,5,2019,"('delhi', 'cochin')",18191
Jet Airways,banglore,delhi,175,0,no info,11,10,15,4,2019,"('banglore', 'delhi')",7229
Multiple Carriers,delhi,cochin,750,1,no info,13,0,27,5,2019,"('delhi', 'cochin')",13377
Multiple Carriers,delhi,cochin,645,1,no info,8,30,1,6,2019,"('delhi', 'cochin')",8937
Multiple Carriers,delhi,cochin,390,1,no info,9,0,21,3,2019,"('delhi', 'cochin')",14486
Jet Airways,delhi,cochin,1395,2,in-flight meal not included,5,10,27,3,2019,"('delhi', 'cochin')",9412
Jet Airways,delhi,cochin,660,1,in-flight meal not included,8,0,18,5,2019,"('delhi', 'cochin')",12373
Multiple Carriers,delhi,cochin,840,1,no info,11,30,3,6,2019,"('delhi', 'cochin')",13377
Indigo,delhi,cochin,975,1,no info,9,15,6,6,2019,"('delhi', 'cochin')",6628
Spicejet,mumbai,hyderabad,80,0,no check-in baggage included,5,45,18,3,2019,"('mumbai', 'hyderabad')",2385
Air India,kolkata,banglore,905,1,no info,16,50,1,5,2019,"('kolkata', 'banglore')",8366
Jet Airways,mumbai,hyderabad,85,0,in-flight meal not included,7,5,27,5,2019,"('mumbai', 'hyderabad')",4995
Vistara,banglore,delhi,155,0,no info,17,0,15,5,2019,"('banglore', 'delhi')",4878
Air India,banglore,new delhi,980,2,change airports,5,50,1,3,2019,"('banglore', 'new delhi')",13366
Indigo,kolkata,banglore,155,0,no info,17,15,3,6,2019,"('kolkata', 'banglore')",4804
Jet Airways,banglore,delhi,180,0,in-flight meal not included,8,20,9,5,2019,"('banglore', 'delhi')",4544
Indigo,banglore,delhi,170,0,no info,23,30,12,4,2019,"('banglore', 'delhi')",6906
Goair,delhi,cochin,540,1,no info,10,35,21,5,2019,"('delhi', 'cochin')",6195
Multiple Carriers,delhi,cochin,390,1,in-flight meal not included,9,0,6,3,2019,"('delhi', 'cochin')",15136
Spicejet,kolkata,banglore,160,0,no info,6,55,9,3,2019,"('kolkata', 'banglore')",4622
Jet Airways,delhi,cochin,540,1,in-flight meal not included,10,0,6,6,2019,"('delhi', 'cochin')",10262
Indigo,mumbai,hyderabad,90,0,no info,19,5,12,6,2019,"('mumbai', 'hyderabad')",2754
Jet Airways,kolkata,banglore,1200,1,in-flight meal not included,14,5,6,5,2019,"('kolkata', 'banglore')",9663
Jet Airways,mumbai,hyderabad,90,0,no info,2,55,18,3,2019,"('mumbai', 'hyderabad')",5678
Indigo,kolkata,banglore,155,0,no info,15,30,1,5,2019,"('kolkata', 'banglore')",4804
Indigo,delhi,cochin,300,1,no info,16,0,3,4,2019,"('delhi', 'cochin')",5073
Air India,delhi,cochin,875,1,no info,17,40,9,6,2019,"('delhi', 'cochin')",7468
Indigo,delhi,cochin,570,1,no info,16,0,12,6,2019,"('delhi', 'cochin')",6316
Indigo,banglore,delhi,165,0,no info,6,5,1,5,2019,"('banglore', 'delhi')",4423
Jet Airways,banglore,delhi,175,0,in-flight meal not included,11,10,15,4,2019,"('banglore', 'delhi')",4544
Indigo,mumbai,hyderabad,90,0,no info,9,10,15,3,2019,"('mumbai', 'hyderabad')",4049
Multiple Carriers,delhi,cochin,480,1,no info,17,30,21,5,2019,"('delhi', 'cochin')",14067
Multiple Carriers,delhi,cochin,395,1,no info,19,0,3,3,2019,"('delhi', 'cochin')",15288
Multiple Carriers,delhi,cochin,630,1,no info,8,30,15,6,2019,"('delhi', 'cochin')",11200
Spicejet,kolkata,banglore,150,0,no info,17,15,6,3,2019,"('kolkata', 'banglore')",4622
Jet Airways,delhi,cochin,705,1,no info,7,5,6,3,2019,"('delhi', 'cochin')",17234
Multiple Carriers,delhi,cochin,690,1,no info,7,30,21,5,2019,"('delhi', 'cochin')",9794
Goair,delhi,cochin,455,1,no info,5,45,3,3,2019,"('delhi', 'cochin')",5628
Air India,delhi,cochin,185,0,no info,18,5,3,6,2019,"('delhi', 'cochin')",6934
Multiple Carriers,delhi,cochin,755,1,no info,13,0,3,3,2019,"('delhi', 'cochin')",18286
Air Asia,delhi,cochin,660,1,no info,20,10,6,3,2019,"('delhi', 'cochin')",8627
Air India,delhi,cochin,1545,2,no info,5,55,9,3,2019,"('delhi', 'cochin')",14483
Vistara,banglore,delhi,155,0,no info,17,0,6,4,2019,"('banglore', 'delhi')",5613
Indigo,kolkata,banglore,160,0,no info,20,25,15,3,2019,"('kolkata', 'banglore')",4462
Jet Airways,delhi,cochin,1295,2,no info,21,25,24,6,2019,"('delhi', 'cochin')",13292
Jet Airways,delhi,cochin,330,1,in-flight meal not included,7,5,15,6,2019,"('delhi', 'cochin')",10262
Air India,kolkata,banglore,1625,2,no info,5,50,18,5,2019,"('kolkata', 'banglore')",12723
Indigo,delhi,cochin,505,1,no info,17,10,21,3,2019,"('delhi', 'cochin')",7318
Jet Airways,kolkata,banglore,1075,1,no info,17,0,21,5,2019,"('kolkata', 'banglore')",14151
Spicejet,chennai,kolkata,135,0,no info,9,45,27,6,2019,"('chennai', 'kolkata')",3597
Jet Airways,delhi,cochin,1395,1,in-flight meal not included,19,45,27,5,2019,"('delhi', 'cochin')",12898
Air India,kolkata,banglore,1470,3,no info,10,0,24,5,2019,"('kolkata', 'banglore')",13007
Vistara,chennai,kolkata,140,0,no info,17,45,15,5,2019,"('chennai', 'kolkata')",11982
Indigo,delhi,cochin,320,1,no info,6,50,21,5,2019,"('delhi', 'cochin')",5530
Jet Airways,banglore,delhi,180,0,in-flight meal not included,7,10,21,4,2019,"('banglore', 'delhi')",6144
Air India,delhi,cochin,1515,1,no info,18,0,27,5,2019,"('delhi', 'cochin')",8372
Jet Airways,banglore,delhi,185,0,in-flight meal not included,18,55,3,5,2019,"('banglore', 'delhi')",6144
Air Asia,kolkata,banglore,215,1,no info,19,55,21,5,2019,"('kolkata', 'banglore')",5162
Goair,banglore,delhi,170,0,no info,11,40,15,6,2019,"('banglore', 'delhi')",3898
Air India,mumbai,hyderabad,90,0,no info,13,55,18,5,2019,"('mumbai', 'hyderabad')",3100
Air India,kolkata,banglore,150,0,no info,14,15,24,4,2019,"('kolkata', 'banglore')",4880
Goair,banglore,delhi,175,0,no info,7,45,1,5,2019,"('banglore', 'delhi')",3898
Air Asia,delhi,cochin,865,1,no info,16,45,15,5,2019,"('delhi', 'cochin')",6752
Indigo,delhi,cochin,575,1,no info,11,25,6,6,2019,"('delhi', 'cochin')",6093
Jet Airways,banglore,new delhi,1235,1,in-flight meal not included,11,40,15,3,2019,"('banglore', 'new delhi')",9134
Air Asia,banglore,delhi,170,0,no info,4,55,12,4,2019,"('banglore', 'delhi')",4282
Air India,delhi,cochin,500,2,no info,10,55,18,5,2019,"('delhi', 'cochin')",13486
Spicejet,kolkata,banglore,150,0,no check-in baggage included,17,10,27,6,2019,"('kolkata', 'banglore')",3841
Jet Airways,kolkata,banglore,730,1,in-flight meal not included,16,30,24,5,2019,"('kolkata', 'banglore')",10844
Jet Airways,banglore,delhi,180,0,no info,17,45,21,5,2019,"('banglore', 'delhi')",7229
Vistara,chennai,kolkata,140,0,no info,17,45,12,6,2019,"('chennai', 'kolkata')",11982
Air India,banglore,delhi,165,0,no info,17,0,3,4,2019,"('banglore', 'delhi')",5176
Jet Airways,delhi,cochin,560,2,in-flight meal not included,9,40,21,5,2019,"('delhi', 'cochin')",13029
Multiple Carriers,delhi,cochin,470,1,no info,17,45,6,3,2019,"('delhi', 'cochin')",15147
Jet Airways,kolkata,banglore,1090,1,in-flight meal not included,14,5,1,5,2019,"('kolkata', 'banglore')",8586
Jet Airways,delhi,cochin,940,1,in-flight meal not included,20,55,27,5,2019,"('delhi', 'cochin')",12898
Jet Airways,kolkata,banglore,395,1,no info,17,0,6,5,2019,"('kolkata', 'banglore')",12121
Jet Airways,delhi,cochin,870,1,no info,13,55,3,3,2019,"('delhi', 'cochin')",17024
Air India,kolkata,banglore,1105,2,no info,14,30,6,6,2019,"('kolkata', 'banglore')",15894
Jet Airways,kolkata,banglore,1685,1,no info,17,0,21,5,2019,"('kolkata', 'banglore')",14151
Spicejet,banglore,delhi,170,0,no check-in baggage included,9,30,24,4,2019,"('banglore', 'delhi')",3919
Indigo,delhi,cochin,345,1,no info,2,0,9,3,2019,"('delhi', 'cochin')",7060
Indigo,banglore,delhi,170,0,no info,0,25,6,6,2019,"('banglore', 'delhi')",3943
Jet Airways,banglore,new delhi,1140,1,in-flight meal not included,5,45,21,3,2019,"('banglore', 'new delhi')",7832
Indigo,chennai,kolkata,140,0,no info,7,55,3,5,2019,"('chennai', 'kolkata')",3850
Air India,kolkata,banglore,1830,2,no info,12,0,18,5,2019,"('kolkata', 'banglore')",10361
Multiple Carriers,delhi,cochin,570,1,no info,11,30,9,5,2019,"('delhi', 'cochin')",13727
Air Asia,kolkata,banglore,220,1,no info,6,50,9,5,2019,"('kolkata', 'banglore')",5162
Multiple Carriers,delhi,cochin,845,1,no info,4,55,1,6,2019,"('delhi', 'cochin')",11098
Spicejet,banglore,delhi,170,0,no info,9,30,12,5,2019,"('banglore', 'delhi')",4423
Spicejet,chennai,kolkata,135,0,no check-in baggage included,8,20,21,6,2019,"('chennai', 'kolkata')",3543
Jet Airways,banglore,new delhi,1055,1,1 long layover,14,5,1,3,2019,"('banglore', 'new delhi')",22270
Jet Airways,delhi,cochin,1325,1,in-flight meal not included,20,55,9,5,2019,"('delhi', 'cochin')",12373
Jet Airways,banglore,delhi,180,0,in-flight meal not included,19,50,24,4,2019,"('banglore', 'delhi')",4544
Indigo,delhi,cochin,355,1,no info,7,45,9,3,2019,"('delhi', 'cochin')",6755
Jet Airways,banglore,new delhi,375,1,in-flight meal not included,7,0,15,3,2019,"('banglore', 'new delhi')",9134
Multiple Carriers,delhi,cochin,845,1,no info,4,55,24,6,2019,"('delhi', 'cochin')",10678
Air India,delhi,cochin,795,1,no info,9,45,21,3,2019,"('delhi', 'cochin')",5704
Air India,kolkata,banglore,1350,1,no info,9,25,21,5,2019,"('kolkata', 'banglore')",8891
Vistara,kolkata,banglore,1550,1,no info,17,0,9,6,2019,"('kolkata', 'banglore')",9135
Spicejet,mumbai,hyderabad,90,0,no check-in baggage included,5,45,1,4,2019,"('mumbai', 'hyderabad')",1965
Indigo,delhi,cochin,630,1,no info,15,0,6,6,2019,"('delhi', 'cochin')",5883
Jet Airways,banglore,delhi,175,0,in-flight meal not included,11,10,12,6,2019,"('banglore', 'delhi')",5769
Jet Airways,delhi,cochin,805,1,in-flight meal not included,15,0,9,6,2019,"('delhi', 'cochin')",10262
Air India,banglore,delhi,165,0,no info,6,10,9,6,2019,"('banglore', 'delhi')",6961
Jet Airways,kolkata,banglore,450,1,in-flight meal not included,21,10,6,6,2019,"('kolkata', 'banglore')",7757
Air India,kolkata,banglore,1165,2,no info,10,0,24,5,2019,"('kolkata', 'banglore')",15107
Indigo,mumbai,hyderabad,90,0,no info,6,25,3,4,2019,"('mumbai', 'hyderabad')",4049
Multiple Carriers,delhi,cochin,720,1,no info,9,0,21,3,2019,"('delhi', 'cochin')",6883
Spicejet,banglore,delhi,160,0,no check-in baggage included,5,55,12,6,2019,"('banglore', 'delhi')",4319
Jet Airways,banglore,new delhi,860,1,no info,7,0,1,3,2019,"('banglore', 'new delhi')",27992
Air India,delhi,cochin,1590,1,no info,20,30,9,3,2019,"('delhi', 'cochin')",8119
Air Asia,banglore,new delhi,165,0,no info,23,25,3,3,2019,"('banglore', 'new delhi')",6135
Jet Airways,delhi,cochin,1395,1,no info,19,45,6,6,2019,"('delhi', 'cochin')",14714
Multiple Carriers,delhi,cochin,385,1,no info,9,45,6,3,2019,"('delhi', 'cochin')",10276
Jet Airways,banglore,new delhi,370,1,in-flight meal not included,9,45,15,3,2019,"('banglore', 'new delhi')",7280
Indigo,banglore,delhi,170,0,no info,4,0,3,4,2019,"('banglore', 'delhi')",3943
Indigo,banglore,delhi,175,0,no info,18,25,27,6,2019,"('banglore', 'delhi')",4823
Jet Airways,kolkata,banglore,1610,1,in-flight meal not included,19,45,24,3,2019,"('kolkata', 'banglore')",10031
Spicejet,banglore,delhi,160,0,no info,5,55,3,4,2019,"('banglore', 'delhi')",3971
Multiple Carriers,delhi,cochin,480,1,no info,13,0,15,6,2019,"('delhi', 'cochin')",7408
Air India,banglore,new delhi,2025,2,no info,6,45,18,3,2019,"('banglore', 'new delhi')",10835
Goair,banglore,delhi,170,0,no info,11,40,18,4,2019,"('banglore', 'delhi')",4937
Jet Airways,kolkata,banglore,1345,1,in-flight meal not included,19,45,24,3,2019,"('kolkata', 'banglore')",10031
Jet Airways,kolkata,banglore,435,1,in-flight meal not included,10,20,9,6,2019,"('kolkata', 'banglore')",5608
Jet Airways,kolkata,banglore,330,1,no info,6,30,1,5,2019,"('kolkata', 'banglore')",14388
Indigo,delhi,cochin,345,1,no info,21,50,6,6,2019,"('delhi', 'cochin')",6195
Multiple Carriers,delhi,cochin,455,1,no info,11,25,12,6,2019,"('delhi', 'cochin')",10877
Multiple Carriers,delhi,cochin,600,1,no info,9,0,6,5,2019,"('delhi', 'cochin')",10407
Air India,delhi,cochin,1380,2,no info,20,15,21,5,2019,"('delhi', 'cochin')",13381
Indigo,kolkata,banglore,165,0,no info,9,35,27,5,2019,"('kolkata', 'banglore')",4804
Spicejet,banglore,delhi,175,0,no info,21,10,12,5,2019,"('banglore', 'delhi')",4423
Jet Airways,mumbai,hyderabad,500,2,no info,8,15,12,3,2019,"('mumbai', 'hyderabad')",23843
Air India,kolkata,banglore,150,0,no info,14,15,1,6,2019,"('kolkata', 'banglore')",6245
Multiple Carriers,delhi,cochin,695,2,no info,9,45,6,3,2019,"('delhi', 'cochin')",10444
Air India,banglore,new delhi,165,0,no info,6,10,15,3,2019,"('banglore', 'new delhi')",7276
Jet Airways,delhi,cochin,655,1,in-flight meal not included,17,30,21,3,2019,"('delhi', 'cochin')",5963
Jet Airways,delhi,cochin,1615,2,no info,9,40,27,5,2019,"('delhi', 'cochin')",15129
Air India,kolkata,banglore,470,2,no info,5,50,24,3,2019,"('kolkata', 'banglore')",8005
Jet Airways,kolkata,banglore,425,1,no info,16,30,21,5,2019,"('kolkata', 'banglore')",14781
Indigo,kolkata,banglore,255,1,no info,6,15,6,4,2019,"('kolkata', 'banglore')",4226
Indigo,kolkata,banglore,150,0,no info,15,15,6,5,2019,"('kolkata', 'banglore')",4804
Air India,delhi,cochin,2280,3,no info,5,15,27,5,2019,"('delhi', 'cochin')",10493
Multiple Carriers,delhi,cochin,615,1,no info,9,0,9,5,2019,"('delhi', 'cochin')",14323
Jet Airways,kolkata,banglore,1400,1,in-flight meal not included,18,55,1,4,2019,"('kolkata', 'banglore')",7064
Jet Airways,kolkata,banglore,690,1,no info,9,35,12,6,2019,"('kolkata', 'banglore')",12692
Indigo,delhi,cochin,500,1,no info,17,10,27,5,2019,"('delhi', 'cochin')",6206
Multiple Carriers,delhi,cochin,660,1,no info,8,0,9,5,2019,"('delhi', 'cochin')",10197
Air India,mumbai,hyderabad,80,0,no info,21,5,6,3,2019,"('mumbai', 'hyderabad')",5462
Jet Airways,kolkata,banglore,690,1,in-flight meal not included,9,35,1,5,2019,"('kolkata', 'banglore')",12384
Air India,delhi,cochin,800,2,no info,5,55,6,3,2019,"('delhi', 'cochin')",13748
Jet Airways,kolkata,banglore,505,1,in-flight meal not included,9,35,1,4,2019,"('kolkata', 'banglore')",9314
Indigo,mumbai,hyderabad,90,0,no info,19,5,6,5,2019,"('mumbai', 'hyderabad')",2754
Jet Airways,kolkata,banglore,1005,1,no info,17,0,21,5,2019,"('kolkata', 'banglore')",13067
Multiple Carriers,delhi,cochin,600,1,no info,9,0,6,6,2019,"('delhi', 'cochin')",12192
Jet Airways,kolkata,banglore,1430,1,in-flight meal not included,8,25,21,5,2019,"('kolkata', 'banglore')",8586
Air India,delhi,cochin,320,1,no info,17,40,21,5,2019,"('delhi', 'cochin')",8067
Air India,delhi,cochin,180,0,no info,14,10,15,3,2019,"('delhi', 'cochin')",5674
Jet Airways,delhi,cochin,1300,2,no info,6,45,6,6,2019,"('delhi', 'cochin')",13376
Jet Airways,delhi,cochin,1620,2,no info,9,35,24,6,2019,"('delhi', 'cochin')",12609
Spicejet,kolkata,banglore,145,0,no info,9,0,3,6,2019,"('kolkata', 'banglore')",3873
Multiple Carriers,delhi,cochin,615,1,no info,8,45,6,6,2019,"('delhi', 'cochin')",12524
Vistara,kolkata,banglore,1640,1,no info,17,0,1,5,2019,"('kolkata', 'banglore')",8610
Multiple Carriers,delhi,cochin,830,1,in-flight meal not included,11,40,24,6,2019,"('delhi', 'cochin')",5797
Jet Airways,banglore,new delhi,845,1,in-flight meal not included,8,55,21,3,2019,"('banglore', 'new delhi')",6992
Air India,kolkata,banglore,1200,2,no info,9,25,1,5,2019,"('kolkata', 'banglore')",14687
Multiple Carriers,delhi,cochin,385,1,no info,9,45,27,5,2019,"('delhi', 'cochin')",10486
Jet Airways,delhi,cochin,1005,1,in-flight meal not included,2,15,9,6,2019,"('delhi', 'cochin')",10262
Air India,delhi,cochin,555,1,no info,10,0,12,6,2019,"('delhi', 'cochin')",8372
Multiple Carriers,delhi,cochin,855,2,no info,7,5,21,3,2019,"('delhi', 'cochin')",6653
Vistara,kolkata,banglore,1550,1,no info,17,0,12,5,2019,"('kolkata', 'banglore')",9135
Jet Airways,delhi,cochin,195,0,in-flight meal not included,11,0,27,6,2019,"('delhi', 'cochin')",7202
Multiple Carriers,delhi,cochin,450,1,no info,18,0,15,5,2019,"('delhi', 'cochin')",8073
Spicejet,kolkata,banglore,145,0,no info,9,0,12,4,2019,"('kolkata', 'banglore')",3873
Jet Airways,delhi,cochin,195,0,no info,11,0,12,6,2019,"('delhi', 'cochin')",9564
Indigo,kolkata,banglore,155,0,no info,17,15,27,4,2019,"('kolkata', 'banglore')",4804
Indigo,chennai,kolkata,145,0,no info,11,35,3,5,2019,"('chennai', 'kolkata')",4332
Indigo,mumbai,hyderabad,90,0,no info,19,5,21,6,2019,"('mumbai', 'hyderabad')",4049
Multiple Carriers,delhi,cochin,375,1,no info,7,5,6,3,2019,"('delhi', 'cochin')",17267
Multiple Carriers,delhi,cochin,525,1,no info,3,50,24,6,2019,"('delhi', 'cochin')",12192
Jet Airways,delhi,cochin,1320,2,in-flight meal not included,14,35,1,6,2019,"('delhi', 'cochin')",10919
Indigo,banglore,delhi,170,0,no info,20,0,12,4,2019,"('banglore', 'delhi')",4990
Indigo,banglore,new delhi,175,0,no info,20,0,9,3,2019,"('banglore', 'new delhi')",6144
Multiple Carriers,delhi,cochin,750,1,no info,13,0,15,6,2019,"('delhi', 'cochin')",13377
Indigo,banglore,new delhi,170,0,no info,10,10,21,3,2019,"('banglore', 'new delhi')",4777
Multiple Carriers,delhi,cochin,640,1,no info,10,20,9,5,2019,"('delhi', 'cochin')",7670
Jet Airways,delhi,cochin,1390,2,no info,13,25,27,6,2019,"('delhi', 'cochin')",12819
Multiple Carriers,delhi,cochin,385,1,no info,12,50,1,6,2019,"('delhi', 'cochin')",9526
Vistara,banglore,new delhi,160,0,no info,16,10,9,3,2019,"('banglore', 'new delhi')",7923
Jet Airways,kolkata,banglore,735,1,in-flight meal not included,20,0,9,5,2019,"('kolkata', 'banglore')",7757
Spicejet,chennai,kolkata,135,0,no info,9,45,1,5,2019,"('chennai', 'kolkata')",3597
Air India,kolkata,banglore,1200,2,no info,9,25,15,5,2019,"('kolkata', 'banglore')",14687
Multiple Carriers,delhi,cochin,465,1,no info,11,30,15,5,2019,"('delhi', 'cochin')",14323
Air India,kolkata,banglore,805,2,no info,9,50,18,5,2019,"('kolkata', 'banglore')",15957
Indigo,delhi,cochin,320,1,no info,2,5,6,3,2019,"('delhi', 'cochin')",10851
Jet Airways,kolkata,banglore,1495,1,in-flight meal not included,18,55,12,5,2019,"('kolkata', 'banglore')",10844
Vistara,kolkata,banglore,1655,1,no info,7,10,15,5,2019,"('kolkata', 'banglore')",8452
Multiple Carriers,delhi,cochin,385,1,in-flight meal not included,12,50,24,6,2019,"('delhi', 'cochin')",7268
Multiple Carriers,delhi,cochin,735,1,no info,8,45,18,5,2019,"('delhi', 'cochin')",7670
Air India,kolkata,banglore,1255,2,no info,16,50,1,5,2019,"('kolkata', 'banglore')",16372
Spicejet,kolkata,banglore,145,0,no check-in baggage included,9,0,9,4,2019,"('kolkata', 'banglore')",3841
Multiple Carriers,delhi,cochin,450,1,no info,8,0,6,3,2019,"('delhi', 'cochin')",15078
Jet Airways,delhi,cochin,2525,2,no info,10,20,21,3,2019,"('delhi', 'cochin')",11664
Jet Airways,mumbai,hyderabad,85,0,in-flight meal not included,7,5,1,5,2019,"('mumbai', 'hyderabad')",4995
Jet Airways,delhi,cochin,1125,2,in-flight meal not included,9,40,15,6,2019,"('delhi', 'cochin')",10368
Air Asia,kolkata,banglore,220,1,no info,6,50,12,6,2019,"('kolkata', 'banglore')",5162
Air India,delhi,cochin,1545,2,no info,5,55,21,5,2019,"('delhi', 'cochin')",11543
Multiple Carriers,delhi,cochin,720,1,no info,9,0,27,5,2019,"('delhi', 'cochin')",13587
Jet Airways,kolkata,banglore,1080,1,no info,20,25,18,5,2019,"('kolkata', 'banglore')",13067
Jet Airways,banglore,new delhi,690,1,no info,22,55,12,3,2019,"('banglore', 'new delhi')",13817
Indigo,delhi,cochin,290,1,no info,15,10,3,6,2019,"('delhi', 'cochin')",6493
Indigo,delhi,cochin,325,1,no info,2,0,18,5,2019,"('delhi', 'cochin')",7464
Indigo,chennai,kolkata,145,0,no info,5,15,15,6,2019,"('chennai', 'kolkata')",3540
Air India,kolkata,banglore,1540,1,no info,16,50,1,4,2019,"('kolkata', 'banglore')",7893
Air India,kolkata,banglore,155,0,no info,20,45,6,5,2019,"('kolkata', 'banglore')",4145
Jet Airways,delhi,cochin,300,1,in-flight meal not included,14,0,6,6,2019,"('delhi', 'cochin')",10262
Indigo,delhi,cochin,425,1,no info,5,5,18,5,2019,"('delhi', 'cochin')",7520
Spicejet,kolkata,banglore,155,0,no info,6,55,18,6,2019,"('kolkata', 'banglore')",3873
Indigo,chennai,kolkata,135,0,no info,13,20,18,3,2019,"('chennai', 'kolkata')",3858
Air India,delhi,cochin,1560,2,no info,17,15,24,6,2019,"('delhi', 'cochin')",11989
Air Asia,kolkata,banglore,155,0,no info,10,20,9,5,2019,"('kolkata', 'banglore')",4409
Jet Airways,banglore,delhi,180,0,in-flight meal not included,8,20,18,6,2019,"('banglore', 'delhi')",5769
Indigo,kolkata,banglore,155,0,no info,20,20,12,5,2019,"('kolkata', 'banglore')",4804
Indigo,delhi,cochin,380,1,no info,9,10,27,3,2019,"('delhi', 'cochin')",10141
Jet Airways,delhi,cochin,520,1,in-flight meal not included,19,45,6,6,2019,"('delhi', 'cochin')",10262
Indigo,delhi,cochin,195,0,no info,21,5,27,5,2019,"('delhi', 'cochin')",5601
Air India,delhi,cochin,765,1,no info,20,40,15,6,2019,"('delhi', 'cochin')",7480
Spicejet,kolkata,banglore,150,0,no check-in baggage included,17,10,24,6,2019,"('kolkata', 'banglore')",3841
Jet Airways,delhi,cochin,450,1,no info,11,30,21,5,2019,"('delhi', 'cochin')",16079
Jet Airways,kolkata,banglore,1630,1,no info,20,25,15,5,2019,"('kolkata', 'banglore')",14151
Jet Airways,kolkata,banglore,840,1,no info,9,35,6,5,2019,"('kolkata', 'banglore')",12121
Air India,delhi,cochin,1730,2,no info,14,25,27,6,2019,"('delhi', 'cochin')",13591
Jet Airways,kolkata,banglore,735,1,in-flight meal not included,20,0,1,4,2019,"('kolkata', 'banglore')",7064
Spicejet,delhi,cochin,380,1,no info,15,45,21,4,2019,"('delhi', 'cochin')",6749
Jet Airways,delhi,cochin,1040,1,in-flight meal not included,19,15,21,5,2019,"('delhi', 'cochin')",12898
Jet Airways,banglore,delhi,165,0,no info,6,0,6,4,2019,"('banglore', 'delhi')",7229
Jet Airways,kolkata,banglore,1220,1,in-flight meal not included,20,0,1,4,2019,"('kolkata', 'banglore')",7064
Air India,kolkata,banglore,1515,1,no info,12,0,21,5,2019,"('kolkata', 'banglore')",7662
Jet Airways,banglore,new delhi,375,1,no info,22,50,18,3,2019,"('banglore', 'new delhi')",54826
Spicejet,mumbai,hyderabad,90,0,no info,22,45,3,4,2019,"('mumbai', 'hyderabad')",1759
Indigo,delhi,cochin,320,1,no info,17,5,9,5,2019,"('delhi', 'cochin')",6027
Jet Airways,delhi,cochin,825,1,in-flight meal not included,22,50,1,6,2019,"('delhi', 'cochin')",10262
Air India,kolkata,banglore,905,1,no info,16,50,12,6,2019,"('kolkata', 'banglore')",8366
Indigo,banglore,delhi,180,0,no info,16,55,15,4,2019,"('banglore', 'delhi')",4823
Multiple Carriers,delhi,cochin,565,1,no info,13,5,12,6,2019,"('delhi', 'cochin')",9646
Jet Airways,delhi,cochin,2040,2,no info,18,25,21,3,2019,"('delhi', 'cochin')",12347
Indigo,kolkata,banglore,160,0,no info,20,25,9,3,2019,"('kolkata', 'banglore')",4148
Indigo,banglore,delhi,170,0,no info,23,30,27,5,2019,"('banglore', 'delhi')",3943
Multiple Carriers,delhi,cochin,720,1,no info,9,0,21,5,2019,"('delhi', 'cochin')",14067
Jet Airways,kolkata,banglore,685,1,no info,8,25,24,5,2019,"('kolkata', 'banglore')",14571
Indigo,mumbai,hyderabad,95,0,no info,20,5,21,5,2019,"('mumbai', 'hyderabad')",2227
Spicejet,mumbai,hyderabad,90,0,no check-in baggage included,22,45,6,5,2019,"('mumbai', 'hyderabad')",2175
Indigo,kolkata,banglore,160,0,no info,21,25,27,3,2019,"('kolkata', 'banglore')",4148
Jet Airways,banglore,delhi,180,0,in-flight meal not included,8,20,18,5,2019,"('banglore', 'delhi')",6144
Air India,delhi,cochin,1255,1,no info,12,30,27,6,2019,"('delhi', 'cochin')",7480
Multiple Carriers,delhi,cochin,505,1,no info,10,35,9,5,2019,"('delhi', 'cochin')",9103
Air India,delhi,cochin,735,1,no info,7,0,9,4,2019,"('delhi', 'cochin')",6674
Vistara,chennai,kolkata,135,0,no info,7,5,6,3,2019,"('chennai', 'kolkata')",7414
Air India,delhi,cochin,1380,2,no info,20,15,9,3,2019,"('delhi', 'cochin')",19681
Air Asia,kolkata,banglore,155,0,no info,10,20,18,4,2019,"('kolkata', 'banglore')",4409
Multiple Carriers,delhi,cochin,835,1,no info,7,5,9,6,2019,"('delhi', 'cochin')",13587
Goair,banglore,delhi,165,0,no info,20,55,24,4,2019,"('banglore', 'delhi')",3419
Jet Airways,kolkata,banglore,1695,1,in-flight meal not included,16,30,1,4,2019,"('kolkata', 'banglore')",7064
Jet Airways,kolkata,banglore,705,1,in-flight meal not included,6,30,1,4,2019,"('kolkata', 'banglore')",7064
Air India,delhi,cochin,1490,2,no info,6,50,1,6,2019,"('delhi', 'cochin')",15481
Jet Airways,delhi,cochin,1300,2,in-flight meal not included,6,45,1,6,2019,"('delhi', 'cochin')",10919
Jet Airways,banglore,new delhi,810,1,in-flight meal not included,22,55,12,3,2019,"('banglore', 'new delhi')",11087
Jet Airways,delhi,cochin,395,1,no info,21,50,27,6,2019,"('delhi', 'cochin')",16079
Jet Airways,mumbai,hyderabad,85,0,no info,2,55,18,6,2019,"('mumbai', 'hyderabad')",5678
Indigo,chennai,kolkata,145,0,no info,14,40,15,3,2019,"('chennai', 'kolkata')",6297
Jet Airways,delhi,cochin,1385,1,no info,19,45,9,3,2019,"('delhi', 'cochin')",16289
Air Asia,kolkata,banglore,150,0,no info,19,55,15,4,2019,"('kolkata', 'banglore')",4409
Indigo,delhi,cochin,975,1,no info,9,15,18,5,2019,"('delhi', 'cochin')",7503
Jet Airways,delhi,cochin,1375,2,in-flight meal not included,5,30,12,6,2019,"('delhi', 'cochin')",10368
Air India,mumbai,hyderabad,90,0,no info,13,55,24,5,2019,"('mumbai', 'hyderabad')",3100
Jet Airways,delhi,cochin,1130,2,no info,9,35,1,6,2019,"('delhi', 'cochin')",13292
Air India,delhi,cochin,1210,2,no info,13,15,18,5,2019,"('delhi', 'cochin')",11307
Multiple Carriers,delhi,cochin,840,1,no info,11,30,27,6,2019,"('delhi', 'cochin')",13377
Jet Airways,kolkata,banglore,575,1,no info,9,35,21,5,2019,"('kolkata', 'banglore')",13067
Multiple Carriers,delhi,cochin,910,1,no info,3,50,24,6,2019,"('delhi', 'cochin')",12192
Multiple Carriers,delhi,cochin,390,1,no info,19,0,27,6,2019,"('delhi', 'cochin')",7198
Jet Airways,kolkata,banglore,735,1,in-flight meal not included,20,0,18,5,2019,"('kolkata', 'banglore')",8586
Indigo,banglore,delhi,170,0,no info,0,25,1,6,2019,"('banglore', 'delhi')",4077
Jet Airways,banglore,new delhi,665,1,in-flight meal not included,20,35,21,3,2019,"('banglore', 'new delhi')",7832
Jet Airways,mumbai,hyderabad,90,0,in-flight meal not included,15,50,27,3,2019,"('mumbai', 'hyderabad')",2071
Jet Airways,kolkata,banglore,665,1,in-flight meal not included,21,10,6,6,2019,"('kolkata', 'banglore')",10844
Air India,mumbai,hyderabad,75,0,no info,19,30,15,6,2019,"('mumbai', 'hyderabad')",3100
Spicejet,banglore,new delhi,170,0,no info,5,45,24,3,2019,"('banglore', 'new delhi')",3579
Goair,banglore,new delhi,175,0,no info,7,45,24,3,2019,"('banglore', 'new delhi')",4239
Air India,delhi,cochin,180,0,no info,14,10,24,4,2019,"('delhi', 'cochin')",6094
Vistara,kolkata,banglore,700,1,no info,7,10,1,5,2019,"('kolkata', 'banglore')",9345
Air India,delhi,cochin,1215,1,no info,23,0,24,5,2019,"('delhi', 'cochin')",8582
Indigo,mumbai,hyderabad,95,0,no info,20,5,1,5,2019,"('mumbai', 'hyderabad')",2227
Air India,delhi,cochin,435,2,no info,12,0,6,6,2019,"('delhi', 'cochin')",8603
Jet Airways,delhi,cochin,1270,1,no info,21,50,21,5,2019,"('delhi', 'cochin')",16079
Multiple Carriers,delhi,cochin,520,1,no info,10,35,6,6,2019,"('delhi', 'cochin')",7354
Vistara,kolkata,banglore,355,1,no info,17,0,24,3,2019,"('kolkata', 'banglore')",14360
Indigo,delhi,cochin,985,1,no info,9,10,6,3,2019,"('delhi', 'cochin')",14871
Jet Airways,kolkata,banglore,1655,1,in-flight meal not included,6,30,6,5,2019,"('kolkata', 'banglore')",8586
Indigo,delhi,cochin,290,1,no info,15,10,24,4,2019,"('delhi', 'cochin')",6027
Vistara,delhi,cochin,190,0,no info,6,0,9,3,2019,"('delhi', 'cochin')",7266
Jet Airways,delhi,cochin,810,2,no info,5,30,6,6,2019,"('delhi', 'cochin')",13292
Indigo,delhi,cochin,305,1,no info,20,25,6,4,2019,"('delhi', 'cochin')",5073
Air India,delhi,cochin,1595,2,no info,16,40,27,6,2019,"('delhi', 'cochin')",9653
Indigo,delhi,cochin,305,1,no info,20,30,3,3,2019,"('delhi', 'cochin')",8258
Air India,banglore,new delhi,1560,1,no info,6,50,9,3,2019,"('banglore', 'new delhi')",5626
Jet Airways,delhi,cochin,1665,1,no info,16,0,6,3,2019,"('delhi', 'cochin')",17024
Air Asia,kolkata,banglore,710,1,no info,7,35,12,5,2019,"('kolkata', 'banglore')",5320
Jet Airways,delhi,cochin,195,0,no info,11,0,9,5,2019,"('delhi', 'cochin')",9564
Jet Airways,delhi,cochin,1620,1,no info,16,0,21,5,2019,"('delhi', 'cochin')",16079
Air India,kolkata,banglore,1100,2,no info,7,0,24,5,2019,"('kolkata', 'banglore')",13873
Jet Airways,mumbai,hyderabad,85,0,no info,2,55,3,5,2019,"('mumbai', 'hyderabad')",5678
Indigo,delhi,cochin,575,1,no info,16,0,3,3,2019,"('delhi', 'cochin')",14871
Multiple Carriers,delhi,cochin,625,1,no info,8,25,6,3,2019,"('delhi', 'cochin')",15135
Indigo,kolkata,banglore,155,0,no info,22,15,24,6,2019,"('kolkata', 'banglore')",4804
Air India,delhi,cochin,1100,2,no info,13,20,9,5,2019,"('delhi', 'cochin')",13538
Jet Airways,delhi,cochin,1165,1,no info,9,0,27,3,2019,"('delhi', 'cochin')",12242
Indigo,banglore,new delhi,175,0,no info,21,20,24,3,2019,"('banglore', 'new delhi')",5694
Spicejet,banglore,delhi,170,0,no check-in baggage included,9,30,6,6,2019,"('banglore', 'delhi')",3919
Air India,kolkata,banglore,1185,1,no info,20,30,24,3,2019,"('kolkata', 'banglore')",12173
Jet Airways,kolkata,banglore,1495,1,in-flight meal not included,18,55,24,5,2019,"('kolkata', 'banglore')",10844
Indigo,delhi,cochin,425,1,no info,4,55,9,3,2019,"('delhi', 'cochin')",6171
Indigo,chennai,kolkata,140,0,no info,7,55,24,6,2019,"('chennai', 'kolkata')",3850
Indigo,kolkata,banglore,155,0,no info,17,15,3,5,2019,"('kolkata', 'banglore')",4804
Goair,delhi,cochin,440,1,no info,6,0,27,3,2019,"('delhi', 'cochin')",4563
Jet Airways,kolkata,banglore,450,1,in-flight meal not included,21,10,15,5,2019,"('kolkata', 'banglore')",9663
Multiple Carriers,delhi,cochin,930,1,no info,10,0,27,6,2019,"('delhi', 'cochin')",13377
Indigo,chennai,kolkata,140,0,no info,13,15,12,6,2019,"('chennai', 'kolkata')",3597
Jet Airways,kolkata,banglore,910,1,in-flight meal not included,18,55,12,6,2019,"('kolkata', 'banglore')",8529
Multiple Carriers,delhi,cochin,555,1,no info,13,5,27,3,2019,"('delhi', 'cochin')",6076
Vistara,kolkata,banglore,975,1,no info,7,10,24,5,2019,"('kolkata', 'banglore')",9345
Jet Airways,kolkata,banglore,475,1,no info,8,25,24,3,2019,"('kolkata', 'banglore')",13759
Air India,delhi,cochin,735,1,no info,7,0,27,3,2019,"('delhi', 'cochin')",6377
Jet Airways,banglore,delhi,165,0,in-flight meal not included,6,0,18,6,2019,"('banglore', 'delhi')",6478
Indigo,mumbai,hyderabad,90,0,no info,19,5,3,4,2019,"('mumbai', 'hyderabad')",2754
Indigo,delhi,cochin,500,1,no info,17,10,21,5,2019,"('delhi', 'cochin')",6794
Spicejet,mumbai,hyderabad,90,0,no check-in baggage included,13,15,27,5,2019,"('mumbai', 'hyderabad')",2385
Multiple Carriers,delhi,cochin,625,2,no info,15,5,21,5,2019,"('delhi', 'cochin')",16655
Multiple Carriers,delhi,cochin,860,1,no info,4,55,18,5,2019,"('delhi', 'cochin')",7564
Jet Airways,delhi,cochin,660,1,in-flight meal not included,8,0,12,6,2019,"('delhi', 'cochin')",10577
Air India,banglore,delhi,180,0,no info,5,45,9,4,2019,"('banglore', 'delhi')",4441
Jet Airways,mumbai,hyderabad,85,0,in-flight meal not included,7,5,15,6,2019,"('mumbai', 'hyderabad')",4050
Air Asia,kolkata,banglore,150,0,no info,22,50,21,5,2019,"('kolkata', 'banglore')",4107
Multiple Carriers,delhi,cochin,720,1,no info,9,0,9,6,2019,"('delhi', 'cochin')",7408
Spicejet,banglore,delhi,160,0,no info,5,55,1,4,2019,"('banglore', 'delhi')",3971
Jet Airways,delhi,cochin,450,1,no info,11,30,15,6,2019,"('delhi', 'cochin')",14714
Multiple Carriers,delhi,cochin,690,1,no info,7,30,24,5,2019,"('delhi', 'cochin')",10529
Spicejet,kolkata,banglore,140,0,no info,22,20,27,4,2019,"('kolkata', 'banglore')",3873
Air India,mumbai,hyderabad,80,0,no info,6,20,15,3,2019,"('mumbai', 'hyderabad')",3100
Spicejet,mumbai,hyderabad,90,0,no info,5,45,12,6,2019,"('mumbai', 'hyderabad')",2753
Indigo,delhi,cochin,305,1,no info,23,30,9,5,2019,"('delhi', 'cochin')",8177
Jet Airways,banglore,new delhi,860,1,no info,18,40,1,3,2019,"('banglore', 'new delhi')",31825
Air India,kolkata,banglore,965,1,no info,19,0,1,5,2019,"('kolkata', 'banglore')",6117
Indigo,banglore,delhi,170,0,no info,23,30,27,4,2019,"('banglore', 'delhi')",3943
Air India,delhi,cochin,1210,2,no info,13,15,24,6,2019,"('delhi', 'cochin')",8839
Spicejet,banglore,delhi,170,0,no info,9,30,9,6,2019,"('banglore', 'delhi')",4423
Indigo,delhi,cochin,490,1,no info,14,20,18,5,2019,"('delhi', 'cochin')",7640
Jet Airways,banglore,new delhi,1420,1,in-flight meal not included,8,0,3,3,2019,"('banglore', 'new delhi')",13502
Jet Airways,delhi,cochin,1225,1,in-flight meal not included,8,0,6,3,2019,"('delhi', 'cochin')",13843
Vistara,chennai,kolkata,135,0,no info,7,5,1,3,2019,"('chennai', 'kolkata')",9125
Jet Airways,delhi,cochin,1145,1,in-flight meal not included,17,30,27,5,2019,"('delhi', 'cochin')",12898
Jet Airways,kolkata,banglore,705,1,no info,6,30,6,5,2019,"('kolkata', 'banglore')",14781
Indigo,kolkata,banglore,155,0,no info,20,20,1,6,2019,"('kolkata', 'banglore')",4804
Air India,mumbai,hyderabad,255,2,no info,21,10,6,3,2019,"('mumbai', 'hyderabad')",17327
Air India,kolkata,banglore,805,2,no info,9,50,6,5,2019,"('kolkata', 'banglore')",14120
Multiple Carriers,delhi,cochin,750,1,no info,13,0,9,5,2019,"('delhi', 'cochin')",9424
Jet Airways,mumbai,hyderabad,85,0,no info,2,55,1,6,2019,"('mumbai', 'hyderabad')",5678
Air India,delhi,cochin,180,0,no info,14,10,9,5,2019,"('delhi', 'cochin')",6094
Jet Airways,kolkata,banglore,520,1,no info,20,0,9,6,2019,"('kolkata', 'banglore')",14178
Jet Airways,banglore,delhi,175,0,in-flight meal not included,11,10,27,5,2019,"('banglore', 'delhi')",4030
Jet Airways,delhi,cochin,1225,1,in-flight meal not included,8,0,21,5,2019,"('delhi', 'cochin')",12898
Multiple Carriers,delhi,cochin,720,1,no info,7,0,9,5,2019,"('delhi', 'cochin')",10197
Jet Airways,banglore,delhi,180,0,no info,17,45,3,6,2019,"('banglore', 'delhi')",8016
Spicejet,mumbai,hyderabad,90,0,no info,13,15,24,6,2019,"('mumbai', 'hyderabad')",2017
Air India,delhi,cochin,1420,1,no info,9,45,27,6,2019,"('delhi', 'cochin')",7480
Jet Airways,banglore,new delhi,1165,1,no info,14,5,6,3,2019,"('banglore', 'new delhi')",17261
Multiple Carriers,delhi,cochin,750,1,no info,13,0,15,5,2019,"('delhi', 'cochin')",13727
Indigo,banglore,delhi,170,0,no info,4,0,6,4,2019,"('banglore', 'delhi')",4423
Jet Airways,kolkata,banglore,775,1,in-flight meal not included,21,10,21,5,2019,"('kolkata', 'banglore')",8586
Indigo,kolkata,banglore,155,0,no info,11,30,3,6,2019,"('kolkata', 'banglore')",4804
Spicejet,chennai,kolkata,140,0,no check-in baggage included,17,45,27,3,2019,"('chennai', 'kolkata')",3332
Indigo,banglore,delhi,170,0,no info,13,0,6,6,2019,"('banglore', 'delhi')",3943
Air India,kolkata,banglore,1200,2,no info,9,25,1,4,2019,"('kolkata', 'banglore')",12219
Air Asia,kolkata,banglore,920,1,no info,7,35,24,3,2019,"('kolkata', 'banglore')",6785
Jet Airways,mumbai,hyderabad,90,0,no info,10,20,18,3,2019,"('mumbai', 'hyderabad')",8040
Spicejet,kolkata,banglore,330,1,no info,15,55,9,6,2019,"('kolkata', 'banglore')",9158
Air India,delhi,cochin,1535,1,no info,5,15,1,6,2019,"('delhi', 'cochin')",7480
Indigo,banglore,new delhi,170,0,no info,16,55,24,3,2019,"('banglore', 'new delhi')",7303
Jet Airways,kolkata,banglore,505,1,no info,9,35,9,6,2019,"('kolkata', 'banglore')",14676
Goair,delhi,cochin,540,1,no info,10,35,9,5,2019,"('delhi', 'cochin')",6591
Spicejet,delhi,cochin,380,1,no info,15,45,21,5,2019,"('delhi', 'cochin')",7317
Jet Airways,delhi,cochin,1760,2,in-flight meal not included,23,5,27,6,2019,"('delhi', 'cochin')",11150
Indigo,mumbai,hyderabad,90,0,no info,12,0,18,5,2019,"('mumbai', 'hyderabad')",2754
Air Asia,kolkata,banglore,215,1,no info,19,55,6,6,2019,"('kolkata', 'banglore')",6857
Jet Airways,delhi,cochin,1530,1,in-flight meal not included,17,30,6,6,2019,"('delhi', 'cochin')",10262
Indigo,delhi,cochin,635,1,no info,11,55,15,5,2019,"('delhi', 'cochin')",6442
Multiple Carriers,delhi,cochin,630,1,no info,8,30,21,5,2019,"('delhi', 'cochin')",9627
Multiple Carriers,delhi,cochin,720,1,no info,9,0,3,6,2019,"('delhi', 'cochin')",8930
Jet Airways,delhi,cochin,550,1,in-flight meal not included,19,15,27,3,2019,"('delhi', 'cochin')",6540
Jet Airways,delhi,cochin,1095,2,no info,18,20,15,6,2019,"('delhi', 'cochin')",14300
Spicejet,kolkata,banglore,145,0,no check-in baggage included,9,0,18,4,2019,"('kolkata', 'banglore')",3841
Air India,banglore,new delhi,745,1,no info,10,30,15,3,2019,"('banglore', 'new delhi')",6383
Multiple Carriers,delhi,cochin,705,1,no info,7,30,12,6,2019,"('delhi', 'cochin')",7354
Air India,banglore,new delhi,880,2,no info,8,15,15,3,2019,"('banglore', 'new delhi')",7904
Indigo,delhi,cochin,895,1,no info,10,35,12,6,2019,"('delhi', 'cochin')",5883
Air India,kolkata,banglore,1620,2,no info,7,0,6,5,2019,"('kolkata', 'banglore')",14508
Air India,mumbai,hyderabad,80,0,no info,21,5,21,3,2019,"('mumbai', 'hyderabad')",2050
Air India,mumbai,hyderabad,80,0,no info,21,5,6,6,2019,"('mumbai', 'hyderabad')",3100
Jet Airways,banglore,new delhi,670,1,no info,8,0,6,3,2019,"('banglore', 'new delhi')",16736
Air India,delhi,cochin,1215,1,no info,23,0,21,3,2019,"('delhi', 'cochin')",6745
Air India,kolkata,banglore,1515,1,no info,12,0,18,5,2019,"('kolkata', 'banglore')",7662
Jet Airways,banglore,new delhi,370,1,no info,22,55,15,3,2019,"('banglore', 'new delhi')",27210
Air India,delhi,cochin,615,1,no info,9,0,15,6,2019,"('delhi', 'cochin')",10454
Jet Airways,kolkata,banglore,1655,1,in-flight meal not included,8,25,18,5,2019,"('kolkata', 'banglore')",10844
Multiple Carriers,delhi,cochin,390,1,no info,19,0,27,6,2019,"('delhi', 'cochin')",6795
Vistara,kolkata,banglore,1640,1,no info,17,0,12,6,2019,"('kolkata', 'banglore')",8085
Jet Airways,kolkata,banglore,910,1,no info,18,55,9,5,2019,"('kolkata', 'banglore')",13941
Air India,delhi,cochin,170,0,no info,5,10,18,6,2019,"('delhi', 'cochin')",5201
Jet Airways,delhi,cochin,805,1,in-flight meal not included,15,0,1,6,2019,"('delhi', 'cochin')",10262
Goair,delhi,cochin,370,1,no info,7,25,27,4,2019,"('delhi', 'cochin')",5140
Jet Airways,banglore,delhi,180,0,in-flight meal not included,17,45,9,5,2019,"('banglore', 'delhi')",5198
Multiple Carriers,delhi,cochin,760,1,no info,12,50,15,5,2019,"('delhi', 'cochin')",7670
Indigo,banglore,new delhi,175,0,no info,18,25,24,3,2019,"('banglore', 'new delhi')",8033
Jet Airways,banglore,delhi,175,0,in-flight meal not included,15,15,1,5,2019,"('banglore', 'delhi')",4544
Jet Airways,kolkata,banglore,590,1,no info,8,25,6,6,2019,"('kolkata', 'banglore')",14571
Indigo,delhi,cochin,665,1,no info,5,5,9,6,2019,"('delhi', 'cochin')",6600
Air India,kolkata,banglore,545,1,no info,9,25,24,5,2019,"('kolkata', 'banglore')",8576
Multiple Carriers,delhi,cochin,915,1,no info,7,5,3,3,2019,"('delhi', 'cochin')",10478
Air Asia,banglore,delhi,170,0,no info,4,55,27,5,2019,"('banglore', 'delhi')",3383
Vistara,kolkata,banglore,945,1,no info,7,10,24,3,2019,"('kolkata', 'banglore')",12732
Jet Airways,banglore,delhi,180,0,no info,8,20,27,5,2019,"('banglore', 'delhi')",7229
Vistara,banglore,new delhi,155,0,no info,16,0,3,3,2019,"('banglore', 'new delhi')",11793
Spicejet,kolkata,banglore,140,0,no check-in baggage included,22,20,9,6,2019,"('kolkata', 'banglore')",3841
Air India,delhi,cochin,1730,2,no info,14,25,1,6,2019,"('delhi', 'cochin')",13591
Air India,banglore,new delhi,410,1,no info,9,30,15,3,2019,"('banglore', 'new delhi')",8714
Multiple Carriers,delhi,cochin,680,1,no info,7,30,6,3,2019,"('delhi', 'cochin')",15411
Indigo,banglore,delhi,175,0,no info,0,30,6,5,2019,"('banglore', 'delhi')",4284
Spicejet,banglore,delhi,175,0,no info,21,10,9,6,2019,"('banglore', 'delhi')",3971
Jet Airways,kolkata,banglore,1495,1,in-flight meal not included,8,25,12,5,2019,"('kolkata', 'banglore')",9663
Jet Airways,delhi,cochin,450,1,no info,20,55,3,6,2019,"('delhi', 'cochin')",14714
Indigo,banglore,delhi,170,0,no info,10,10,15,5,2019,"('banglore', 'delhi')",3943
Multiple Carriers,delhi,cochin,385,1,no info,9,45,12,6,2019,"('delhi', 'cochin')",9646
Multiple Carriers,delhi,cochin,385,1,no info,12,50,6,6,2019,"('delhi', 'cochin')",8266
Goair,delhi,cochin,365,1,no info,7,30,9,6,2019,"('delhi', 'cochin')",6276
Jet Airways,delhi,cochin,1295,2,in-flight meal not included,21,25,6,6,2019,"('delhi', 'cochin')",10588
Vistara,kolkata,banglore,1555,1,no info,7,10,1,5,2019,"('kolkata', 'banglore')",8452
Spicejet,chennai,kolkata,135,0,no info,9,45,15,5,2019,"('chennai', 'kolkata')",3597
Air India,kolkata,banglore,1165,2,no info,10,0,1,5,2019,"('kolkata', 'banglore')",13899
Indigo,delhi,cochin,480,1,no info,7,30,6,3,2019,"('delhi', 'cochin')",14871
Air India,banglore,new delhi,1265,1,no info,11,50,15,3,2019,"('banglore', 'new delhi')",5932
Indigo,delhi,cochin,825,1,no info,8,35,21,3,2019,"('delhi', 'cochin')",6790
Multiple Carriers,delhi,cochin,535,1,no info,10,20,15,6,2019,"('delhi', 'cochin')",9526
Vistara,kolkata,banglore,385,1,no info,17,0,6,5,2019,"('kolkata', 'banglore')",8085
Indigo,banglore,delhi,170,0,no info,8,30,12,6,2019,"('banglore', 'delhi')",4823
Air India,delhi,cochin,1395,2,no info,20,0,3,3,2019,"('delhi', 'cochin')",17266
Spicejet,mumbai,hyderabad,85,0,no check-in baggage included,22,45,18,3,2019,"('mumbai', 'hyderabad')",1965
Air India,delhi,cochin,875,1,no info,17,40,6,3,2019,"('delhi', 'cochin')",11038
Indigo,chennai,kolkata,135,0,no info,13,20,6,3,2019,"('chennai', 'kolkata')",7295
Jet Airways,kolkata,banglore,1400,1,in-flight meal not included,18,55,15,5,2019,"('kolkata', 'banglore')",10844
Spicejet,kolkata,banglore,155,0,no info,6,55,24,4,2019,"('kolkata', 'banglore')",3873
Indigo,kolkata,banglore,160,0,no info,21,25,9,3,2019,"('kolkata', 'banglore')",4148
Jet Airways,kolkata,banglore,1025,1,no info,18,55,24,5,2019,"('kolkata', 'banglore')",14571
Jet Airways,kolkata,banglore,345,1,in-flight meal not included,14,5,9,5,2019,"('kolkata', 'banglore')",10844
Indigo,banglore,delhi,170,0,no info,23,30,24,4,2019,"('banglore', 'delhi')",3943
Jet Airways,delhi,cochin,610,1,no info,18,15,27,3,2019,"('delhi', 'cochin')",12242
Indigo,kolkata,banglore,330,1,no info,7,10,1,5,2019,"('kolkata', 'banglore')",6111
Air India,delhi,cochin,1275,2,no info,22,0,9,4,2019,"('delhi', 'cochin')",8341
Jet Airways,delhi,cochin,550,1,in-flight meal not included,19,15,6,6,2019,"('delhi', 'cochin')",10262
Multiple Carriers,delhi,cochin,390,1,no info,19,0,15,5,2019,"('delhi', 'cochin')",7670
Jet Airways,delhi,cochin,1295,1,no info,6,50,9,3,2019,"('delhi', 'cochin')",16289
Indigo,kolkata,banglore,155,0,no info,14,20,24,3,2019,"('kolkata', 'banglore')",5618
Indigo,delhi,cochin,500,1,no info,17,10,9,6,2019,"('delhi', 'cochin')",6206
Vistara,delhi,cochin,175,0,no info,14,55,15,3,2019,"('delhi', 'cochin')",6688
Air Asia,banglore,delhi,165,0,no info,11,10,18,5,2019,"('banglore', 'delhi')",4483
Multiple Carriers,delhi,cochin,735,1,no info,8,45,1,6,2019,"('delhi', 'cochin')",7740
Jet Airways,delhi,cochin,425,2,no info,5,30,12,6,2019,"('delhi', 'cochin')",14441
Multiple Carriers,delhi,cochin,560,1,in-flight meal not included,11,40,27,6,2019,"('delhi', 'cochin')",6007
Jet Airways,kolkata,banglore,1570,1,in-flight meal not included,17,0,1,5,2019,"('kolkata', 'banglore')",9314
Jet Airways,kolkata,banglore,1745,1,no info,17,0,1,5,2019,"('kolkata', 'banglore')",14151
Indigo,chennai,kolkata,140,0,no info,22,5,24,6,2019,"('chennai', 'kolkata')",5277
Jet Airways,kolkata,banglore,1595,1,in-flight meal not included,20,0,18,5,2019,"('kolkata', 'banglore')",10844
Jet Airways,delhi,cochin,1040,1,in-flight meal not included,19,15,18,5,2019,"('delhi', 'cochin')",12373
Vistara,kolkata,banglore,700,1,no info,7,10,9,6,2019,"('kolkata', 'banglore')",9555
Air Asia,banglore,delhi,170,0,no info,23,55,6,4,2019,"('banglore', 'delhi')",3383
Jet Airways,kolkata,banglore,740,1,no info,8,25,9,5,2019,"('kolkata', 'banglore')",14781
Multiple Carriers,delhi,cochin,460,1,no info,4,55,12,6,2019,"('delhi', 'cochin')",10678
Jet Airways,delhi,cochin,660,1,no info,8,0,21,5,2019,"('delhi', 'cochin')",16289
Jet Airways,banglore,delhi,185,0,no info,18,55,15,4,2019,"('banglore', 'delhi')",7229
Jet Airways,delhi,cochin,450,1,in-flight meal not included,11,30,9,5,2019,"('delhi', 'cochin')",12373
Air India,delhi,cochin,1470,2,no info,18,45,9,6,2019,"('delhi', 'cochin')",12257
Multiple Carriers,delhi,cochin,545,1,no info,7,5,15,6,2019,"('delhi', 'cochin')",9646
Air India,kolkata,banglore,150,0,no info,14,15,9,6,2019,"('kolkata', 'banglore')",6245
Indigo,mumbai,hyderabad,90,0,no info,19,5,24,6,2019,"('mumbai', 'hyderabad')",2754
Air India,kolkata,banglore,805,1,no info,7,0,24,5,2019,"('kolkata', 'banglore')",10413
Jet Airways,delhi,cochin,1105,1,in-flight meal not included,10,0,18,5,2019,"('delhi', 'cochin')",12373
Indigo,chennai,kolkata,140,0,no info,13,15,6,5,2019,"('chennai', 'kolkata')",3597
Indigo,chennai,kolkata,140,0,no info,22,5,9,6,2019,"('chennai', 'kolkata')",5277
Jet Airways,banglore,delhi,180,0,in-flight meal not included,8,20,12,5,2019,"('banglore', 'delhi')",6144
Vistara,mumbai,hyderabad,1065,1,no info,15,40,6,3,2019,"('mumbai', 'hyderabad')",12395
Jet Airways,delhi,cochin,910,2,in-flight meal not included,21,25,3,6,2019,"('delhi', 'cochin')",11507
Vistara,banglore,delhi,170,0,no info,21,0,12,5,2019,"('banglore', 'delhi')",4668
Indigo,delhi,cochin,380,1,no info,9,10,21,3,2019,"('delhi', 'cochin')",9709
Air India,kolkata,banglore,580,1,no info,19,0,6,5,2019,"('kolkata', 'banglore')",6117
Jet Airways,kolkata,banglore,730,1,in-flight meal not included,21,10,1,4,2019,"('kolkata', 'banglore')",8849
Jet Airways,delhi,cochin,1380,2,no info,5,25,3,3,2019,"('delhi', 'cochin')",18799
Air India,delhi,cochin,1580,2,no info,7,5,3,3,2019,"('delhi', 'cochin')",9400
Jet Airways,kolkata,banglore,1695,1,no info,16,30,1,4,2019,"('kolkata', 'banglore')",12681
Jet Airways,kolkata,banglore,1515,1,in-flight meal not included,16,55,24,3,2019,"('kolkata', 'banglore')",11134
Indigo,delhi,cochin,490,1,no info,14,20,15,6,2019,"('delhi', 'cochin')",6412
Jet Airways,banglore,delhi,180,0,no info,7,10,18,6,2019,"('banglore', 'delhi')",8016
Air India,kolkata,banglore,1625,2,no info,5,50,9,6,2019,"('kolkata', 'banglore')",12723
Jet Airways,delhi,cochin,810,2,no info,5,30,9,4,2019,"('delhi', 'cochin')",10909
Jet Airways,banglore,delhi,180,0,in-flight meal not included,17,45,3,6,2019,"('banglore', 'delhi')",6478
Jet Airways,kolkata,banglore,570,1,in-flight meal not included,14,5,15,5,2019,"('kolkata', 'banglore')",8586
Spicejet,mumbai,hyderabad,90,0,no info,22,45,15,5,2019,"('mumbai', 'hyderabad')",2017
Air India,mumbai,hyderabad,80,0,no info,6,20,18,6,2019,"('mumbai', 'hyderabad')",3100
Air India,mumbai,hyderabad,255,2,no info,21,10,12,3,2019,"('mumbai', 'hyderabad')",16172
Air India,delhi,cochin,1580,2,no info,7,5,15,6,2019,"('delhi', 'cochin')",10975
Indigo,chennai,kolkata,145,0,no info,11,35,1,3,2019,"('chennai', 'kolkata')",7900
Indigo,delhi,cochin,415,1,no info,18,35,9,5,2019,"('delhi', 'cochin')",8542
Indigo,delhi,cochin,845,1,no info,11,25,27,5,2019,"('delhi', 'cochin')",6104
Vistara,kolkata,banglore,1070,1,no info,17,0,24,3,2019,"('kolkata', 'banglore')",12890
Indigo,delhi,cochin,305,1,no info,20,25,21,5,2019,"('delhi', 'cochin')",5054
Air India,delhi,cochin,180,0,no info,14,10,1,6,2019,"('delhi', 'cochin')",6934
Multiple Carriers,delhi,cochin,505,1,no info,10,35,1,6,2019,"('delhi', 'cochin')",11200
Indigo,mumbai,hyderabad,90,0,no info,2,35,24,5,2019,"('mumbai', 'hyderabad')",3342
Air India,delhi,cochin,735,1,no info,7,0,21,3,2019,"('delhi', 'cochin')",7934
Air India,kolkata,banglore,965,1,no info,19,0,21,5,2019,"('kolkata', 'banglore')",6117
Jet Airways,banglore,delhi,180,0,in-flight meal not included,7,10,12,6,2019,"('banglore', 'delhi')",5769
Indigo,mumbai,hyderabad,85,0,no info,21,20,9,3,2019,"('mumbai', 'hyderabad')",3838
Jet Airways,banglore,new delhi,760,1,no info,5,45,6,3,2019,"('banglore', 'new delhi')",16736
Air India,banglore,new delhi,745,1,no info,10,30,21,3,2019,"('banglore', 'new delhi')",6383
Jet Airways,banglore,new delhi,805,1,no info,5,45,6,3,2019,"('banglore', 'new delhi')",16736
Indigo,kolkata,banglore,290,1,no info,8,10,6,6,2019,"('kolkata', 'banglore')",5069
Jet Airways,banglore,delhi,185,0,in-flight meal not included,18,55,1,4,2019,"('banglore', 'delhi')",4544
Jet Airways,delhi,cochin,1125,2,in-flight meal not included,9,40,9,5,2019,"('delhi', 'cochin')",13029
Multiple Carriers,delhi,cochin,780,1,no info,6,0,6,6,2019,"('delhi', 'cochin')",11789
Jet Airways,kolkata,banglore,865,1,in-flight meal not included,18,55,15,5,2019,"('kolkata', 'banglore')",9663
Air India,kolkata,banglore,1505,2,no info,9,25,1,4,2019,"('kolkata', 'banglore')",12009
Indigo,banglore,delhi,170,0,no info,10,10,9,4,2019,"('banglore', 'delhi')",4423
Jet Airways,banglore,delhi,175,0,in-flight meal not included,11,10,21,5,2019,"('banglore', 'delhi')",4030
Indigo,kolkata,banglore,155,0,no info,15,30,24,4,2019,"('kolkata', 'banglore')",4804
Jet Airways,delhi,cochin,440,2,no info,11,40,9,4,2019,"('delhi', 'cochin')",15439
Jet Airways,banglore,new delhi,165,0,no info,2,0,24,3,2019,"('banglore', 'new delhi')",7229
Air India,kolkata,banglore,155,0,no info,20,45,12,5,2019,"('kolkata', 'banglore')",4880
Jet Airways,mumbai,hyderabad,90,0,in-flight meal not included,10,20,15,6,2019,"('mumbai', 'hyderabad')",4050
Jet Airways,delhi,cochin,810,2,no info,5,30,15,6,2019,"('delhi', 'cochin')",13292
Indigo,kolkata,banglore,150,0,no info,14,25,6,4,2019,"('kolkata', 'banglore')",4174
Indigo,delhi,cochin,645,1,no info,4,45,21,3,2019,"('delhi', 'cochin')",7738
Jet Airways,delhi,cochin,1295,1,in-flight meal not included,15,0,9,6,2019,"('delhi', 'cochin')",10262
Air India,delhi,cochin,2295,2,no info,5,0,6,3,2019,"('delhi', 'cochin')",10283
Air Asia,kolkata,banglore,150,0,no info,22,50,15,6,2019,"('kolkata', 'banglore')",3807
Multiple Carriers,delhi,cochin,910,1,no info,10,20,21,5,2019,"('delhi', 'cochin')",7485
Indigo,kolkata,banglore,155,0,no info,20,20,1,4,2019,"('kolkata', 'banglore')",4488
Spicejet,mumbai,hyderabad,85,0,no info,22,45,9,3,2019,"('mumbai', 'hyderabad')",3603
Spicejet,banglore,delhi,170,0,no check-in baggage included,9,30,3,4,2019,"('banglore', 'delhi')",3919
Jet Airways,kolkata,banglore,1335,1,in-flight meal not included,20,0,24,5,2019,"('kolkata', 'banglore')",10844
Indigo,banglore,delhi,165,0,no info,1,30,12,4,2019,"('banglore', 'delhi')",4591
Air India,banglore,delhi,165,0,no info,10,0,12,4,2019,"('banglore', 'delhi')",5911
Jet Airways,mumbai,hyderabad,90,0,no info,10,20,21,5,2019,"('mumbai', 'hyderabad')",8040
Indigo,delhi,cochin,415,1,no info,18,35,1,6,2019,"('delhi', 'cochin')",6628
Spicejet,delhi,cochin,270,1,no check-in baggage included,8,45,27,6,2019,"('delhi', 'cochin')",4760
Jet Airways,delhi,cochin,1005,1,no info,2,15,18,5,2019,"('delhi', 'cochin')",15554
Air Asia,kolkata,banglore,720,1,no info,22,40,21,5,2019,"('kolkata', 'banglore')",9719
Jet Airways,kolkata,banglore,870,1,no info,20,25,1,4,2019,"('kolkata', 'banglore')",11467
Jet Airways,mumbai,hyderabad,90,0,no info,19,35,6,5,2019,"('mumbai', 'hyderabad')",5678
Multiple Carriers,delhi,cochin,755,1,no info,13,0,6,3,2019,"('delhi', 'cochin')",15603
Indigo,delhi,cochin,890,1,no info,10,45,27,3,2019,"('delhi', 'cochin')",6628
Spicejet,kolkata,banglore,155,0,no check-in baggage included,6,55,24,6,2019,"('kolkata', 'banglore')",3841
Multiple Carriers,delhi,cochin,845,1,no info,4,55,15,6,2019,"('delhi', 'cochin')",10678
Air India,mumbai,hyderabad,880,1,no info,5,55,12,3,2019,"('mumbai', 'hyderabad')",6901
Indigo,delhi,cochin,195,0,no info,14,25,21,5,2019,"('delhi', 'cochin')",5601
Air India,banglore,new delhi,1580,2,no info,8,50,3,3,2019,"('banglore', 'new delhi')",12599
Multiple Carriers,delhi,cochin,375,1,no info,7,5,21,3,2019,"('delhi', 'cochin')",14486
Air India,delhi,cochin,180,0,no info,14,10,3,6,2019,"('delhi', 'cochin')",6934
Jet Airways,banglore,new delhi,740,1,no info,8,0,6,3,2019,"('banglore', 'new delhi')",16736
Vistara,banglore,delhi,165,0,no info,19,30,24,4,2019,"('banglore', 'delhi')",5613
Jet Airways,delhi,cochin,910,2,in-flight meal not included,21,25,6,6,2019,"('delhi', 'cochin')",11270
Jet Airways,kolkata,banglore,570,1,in-flight meal not included,14,5,6,5,2019,"('kolkata', 'banglore')",11841
Jet Airways,banglore,delhi,175,0,in-flight meal not included,15,15,1,4,2019,"('banglore', 'delhi')",4544
Vistara,kolkata,banglore,790,1,no info,7,10,1,5,2019,"('kolkata', 'banglore')",8610
Indigo,banglore,delhi,170,0,no info,20,0,6,6,2019,"('banglore', 'delhi')",4823
Air India,kolkata,banglore,920,2,no info,10,0,1,4,2019,"('kolkata', 'banglore')",10408
Air India,delhi,cochin,1180,2,no info,12,0,21,5,2019,"('delhi', 'cochin')",9653
Jet Airways,delhi,cochin,1610,1,in-flight meal not included,16,0,21,3,2019,"('delhi', 'cochin')",5963
Jet Airways,mumbai,hyderabad,85,0,in-flight meal not included,7,5,24,6,2019,"('mumbai', 'hyderabad')",4995
Indigo,chennai,kolkata,145,0,no info,5,15,18,6,2019,"('chennai', 'kolkata')",3540
Indigo,chennai,kolkata,140,0,no info,19,35,15,6,2019,"('chennai', 'kolkata')",3597
Indigo,banglore,new delhi,175,0,no info,21,20,24,3,2019,"('banglore', 'new delhi')",4777
Jet Airways,kolkata,banglore,845,1,in-flight meal not included,5,45,18,5,2019,"('kolkata', 'banglore')",10844
Air India,kolkata,banglore,150,0,no info,14,15,18,6,2019,"('kolkata', 'banglore')",5510
Indigo,kolkata,banglore,155,0,no info,17,15,9,6,2019,"('kolkata', 'banglore')",4804
Jet Airways,banglore,new delhi,1525,1,in-flight meal not included,18,55,12,3,2019,"('banglore', 'new delhi')",11087
Spicejet,mumbai,hyderabad,90,0,no info,22,45,3,6,2019,"('mumbai', 'hyderabad')",2017
Multiple Carriers,delhi,cochin,660,1,no info,10,0,24,6,2019,"('delhi', 'cochin')",13587
Jet Airways,banglore,new delhi,685,1,in-flight meal not included,8,55,21,3,2019,"('banglore', 'new delhi')",7832
Air India,delhi,cochin,1180,2,no info,12,0,27,6,2019,"('delhi', 'cochin')",9653
Jet Airways,kolkata,banglore,1500,1,no info,17,0,21,5,2019,"('kolkata', 'banglore')",14151
Jet Airways,delhi,cochin,440,2,no info,11,40,9,5,2019,"('delhi', 'cochin')",21219
Jet Airways,mumbai,hyderabad,815,1,no info,3,0,12,3,2019,"('mumbai', 'hyderabad')",22294
Multiple Carriers,delhi,cochin,755,1,no info,13,0,27,3,2019,"('delhi', 'cochin')",6673
Indigo,chennai,kolkata,140,0,no info,7,55,1,5,2019,"('chennai', 'kolkata')",3850
Indigo,chennai,kolkata,140,0,no info,22,5,21,5,2019,"('chennai', 'kolkata')",5277
Indigo,delhi,cochin,765,2,no info,8,35,9,3,2019,"('delhi', 'cochin')",8146
Multiple Carriers,delhi,cochin,755,1,no info,13,0,21,3,2019,"('delhi', 'cochin')",8098
Indigo,kolkata,banglore,155,0,no info,11,30,6,5,2019,"('kolkata', 'banglore')",5224
Multiple Carriers,delhi,cochin,660,1,no info,8,0,3,6,2019,"('delhi', 'cochin')",12402
Multiple Carriers,delhi,cochin,535,1,no info,10,20,12,6,2019,"('delhi', 'cochin')",8266
Multiple Carriers,delhi,cochin,660,1,no info,10,0,15,5,2019,"('delhi', 'cochin')",8073
Multiple Carriers,delhi,cochin,455,1,no info,11,25,9,5,2019,"('delhi', 'cochin')",9103
Indigo,delhi,cochin,310,1,no info,17,5,24,4,2019,"('delhi', 'cochin')",5912
Jet Airways,kolkata,banglore,330,1,in-flight meal not included,6,30,24,3,2019,"('kolkata', 'banglore')",7826
Jet Airways,kolkata,banglore,800,1,in-flight meal not included,18,55,15,5,2019,"('kolkata', 'banglore')",9663
Vistara,kolkata,banglore,1640,1,no info,17,0,24,5,2019,"('kolkata', 'banglore')",9870
Air Asia,kolkata,banglore,710,1,no info,7,35,15,4,2019,"('kolkata', 'banglore')",5192
Vistara,kolkata,banglore,930,1,no info,7,10,9,5,2019,"('kolkata', 'banglore')",7927
Jet Airways,mumbai,hyderabad,90,0,no info,6,30,9,3,2019,"('mumbai', 'hyderabad')",8040
Spicejet,kolkata,banglore,155,0,no check-in baggage included,6,55,15,6,2019,"('kolkata', 'banglore')",3841
Jet Airways,mumbai,hyderabad,90,0,no info,15,50,18,3,2019,"('mumbai', 'hyderabad')",5678
Air India,kolkata,banglore,965,1,no info,19,0,12,5,2019,"('kolkata', 'banglore')",6327
Air India,chennai,kolkata,135,0,no info,11,40,27,5,2019,"('chennai', 'kolkata')",4667
Jet Airways,mumbai,hyderabad,85,0,in-flight meal not included,2,55,27,5,2019,"('mumbai', 'hyderabad')",4050
Spicejet,chennai,kolkata,135,0,no info,8,20,21,6,2019,"('chennai', 'kolkata')",3597
Jet Airways,delhi,cochin,610,1,in-flight meal not included,18,15,18,5,2019,"('delhi', 'cochin')",12373
Multiple Carriers,delhi,cochin,910,1,no info,3,50,1,6,2019,"('delhi', 'cochin')",12192
Air India,delhi,cochin,1275,2,no info,22,0,9,3,2019,"('delhi', 'cochin')",16373
Jet Airways,delhi,cochin,1595,1,in-flight meal not included,10,0,3,6,2019,"('delhi', 'cochin')",10262
Indigo,chennai,kolkata,140,0,no info,22,5,24,5,2019,"('chennai', 'kolkata')",5277
Air India,banglore,delhi,165,0,no info,17,0,9,5,2019,"('banglore', 'delhi')",5228
Jet Airways,banglore,new delhi,375,1,in-flight meal not included,7,0,21,3,2019,"('banglore', 'new delhi')",7832
Multiple Carriers,delhi,cochin,755,1,no info,6,40,27,3,2019,"('delhi', 'cochin')",9100
Air India,banglore,new delhi,1825,3,no info,5,50,1,3,2019,"('banglore', 'new delhi')",12346
Jet Airways,kolkata,banglore,475,1,no info,8,25,6,6,2019,"('kolkata', 'banglore')",14571
Indigo,kolkata,banglore,150,0,no info,14,25,15,6,2019,"('kolkata', 'banglore')",4804
Spicejet,mumbai,hyderabad,90,0,no check-in baggage included,13,15,3,6,2019,"('mumbai', 'hyderabad')",1965
Goair,banglore,delhi,170,0,no info,11,40,27,5,2019,"('banglore', 'delhi')",3398
Spicejet,kolkata,banglore,150,0,no check-in baggage included,17,10,15,4,2019,"('kolkata', 'banglore')",3841
Multiple Carriers,delhi,cochin,450,1,no info,18,0,27,5,2019,"('delhi', 'cochin')",7198
Air India,delhi,cochin,765,1,no info,20,40,9,6,2019,"('delhi', 'cochin')",7690
Indigo,delhi,cochin,625,1,no info,10,35,3,6,2019,"('delhi', 'cochin')",6093
Spicejet,delhi,cochin,375,1,no info,16,35,3,3,2019,"('delhi', 'cochin')",11726
Indigo,kolkata,banglore,265,1,no info,19,20,9,6,2019,"('kolkata', 'banglore')",4205
Jet Airways,banglore,delhi,175,0,in-flight meal not included,15,15,27,4,2019,"('banglore', 'delhi')",4544
Multiple Carriers,delhi,cochin,780,1,no info,8,0,27,6,2019,"('delhi', 'cochin')",13587
Air India,kolkata,banglore,1210,2,no info,9,25,9,6,2019,"('kolkata', 'banglore')",11642
Multiple Carriers,delhi,cochin,795,1,no info,6,0,6,3,2019,"('delhi', 'cochin')",15353
Air India,delhi,cochin,1820,2,no info,12,55,27,5,2019,"('delhi', 'cochin')",12436
Indigo,mumbai,hyderabad,90,0,no info,2,30,3,3,2019,"('mumbai', 'hyderabad')",4575
Jet Airways,kolkata,banglore,1480,1,no info,20,25,18,5,2019,"('kolkata', 'banglore')",14151
Air India,delhi,cochin,965,1,no info,17,20,3,4,2019,"('delhi', 'cochin')",5117
Jet Airways,banglore,delhi,185,0,no info,18,55,9,4,2019,"('banglore', 'delhi')",7229
Air India,delhi,cochin,1115,2,no info,13,5,27,3,2019,"('delhi', 'cochin')",8875
Air Asia,kolkata,banglore,955,1,no info,7,35,15,5,2019,"('kolkata', 'banglore')",5192
Jet Airways,banglore,delhi,165,0,no info,6,0,15,4,2019,"('banglore', 'delhi')",7229
Jet Airways,banglore,new delhi,1305,1,no info,21,25,6,3,2019,"('banglore', 'new delhi')",17471
Indigo,delhi,cochin,965,1,no info,4,55,9,5,2019,"('delhi', 'cochin')",6979
Spicejet,delhi,cochin,270,1,no info,8,45,6,3,2019,"('delhi', 'cochin')",8488
Jet Airways,kolkata,banglore,1025,1,in-flight meal not included,18,55,1,5,2019,"('kolkata', 'banglore')",9663
Vistara,kolkata,banglore,1065,1,no info,17,0,6,6,2019,"('kolkata', 'banglore')",9187
Jet Airways,delhi,cochin,330,1,no info,7,5,21,5,2019,"('delhi', 'cochin')",16289
Air Asia,kolkata,banglore,155,0,no info,10,20,21,4,2019,"('kolkata', 'banglore')",4409
Jet Airways,kolkata,banglore,690,1,no info,9,35,21,5,2019,"('kolkata', 'banglore')",14151
Air India,kolkata,banglore,965,1,no info,19,0,9,5,2019,"('kolkata', 'banglore')",6117
Spicejet,delhi,cochin,270,1,no check-in baggage included,8,45,21,4,2019,"('delhi', 'cochin')",6356
Indigo,delhi,cochin,310,1,no info,17,5,21,5,2019,"('delhi', 'cochin')",6147
Multiple Carriers,delhi,cochin,375,1,no info,13,0,15,6,2019,"('delhi', 'cochin')",16108
Indigo,kolkata,banglore,155,0,no info,20,20,24,6,2019,"('kolkata', 'banglore')",4804
Air Asia,delhi,cochin,330,1,no info,16,45,21,3,2019,"('delhi', 'cochin')",6151
Jet Airways,delhi,cochin,610,1,no info,18,15,21,3,2019,"('delhi', 'cochin')",12557
Jet Airways,kolkata,banglore,1695,1,no info,13,55,24,3,2019,"('kolkata', 'banglore')",14231
Indigo,kolkata,banglore,155,0,no info,22,15,1,5,2019,"('kolkata', 'banglore')",4804
Spicejet,banglore,delhi,175,0,no check-in baggage included,21,10,21,5,2019,"('banglore', 'delhi')",3573
Air India,kolkata,banglore,805,2,no info,9,50,24,5,2019,"('kolkata', 'banglore')",15170
Jet Airways,kolkata,banglore,475,1,no info,8,25,1,4,2019,"('kolkata', 'banglore')",12996
Air India,banglore,delhi,165,0,no info,17,0,3,6,2019,"('banglore', 'delhi')",6961
Air India,kolkata,banglore,1700,1,no info,16,45,1,5,2019,"('kolkata', 'banglore')",7452
Indigo,mumbai,hyderabad,85,0,no info,6,20,18,3,2019,"('mumbai', 'hyderabad')",3342
Indigo,banglore,delhi,180,0,no info,21,15,3,4,2019,"('banglore', 'delhi')",3943
Jet Airways,kolkata,banglore,865,1,in-flight meal not included,18,55,12,5,2019,"('kolkata', 'banglore')",9663
Jet Airways,banglore,delhi,180,0,no info,7,10,6,4,2019,"('banglore', 'delhi')",7229
Indigo,banglore,delhi,170,0,no info,4,0,27,5,2019,"('banglore', 'delhi')",3943
Indigo,delhi,cochin,425,1,no info,4,55,21,3,2019,"('delhi', 'cochin')",6287
Air India,delhi,cochin,1660,1,no info,4,0,24,3,2019,"('delhi', 'cochin')",8635
Indigo,kolkata,banglore,155,0,no info,11,30,3,4,2019,"('kolkata', 'banglore')",4174
Multiple Carriers,delhi,cochin,855,2,no info,7,5,9,3,2019,"('delhi', 'cochin')",8620
Spicejet,mumbai,hyderabad,85,0,no info,8,50,9,3,2019,"('mumbai', 'hyderabad')",5755
Multiple Carriers,delhi,cochin,600,1,no info,9,15,18,5,2019,"('delhi', 'cochin')",8309
Spicejet,kolkata,banglore,150,0,no check-in baggage included,17,10,21,4,2019,"('kolkata', 'banglore')",4807
Indigo,kolkata,banglore,160,0,no info,21,25,6,5,2019,"('kolkata', 'banglore')",4804
Jet Airways,banglore,new delhi,1475,1,in-flight meal not included,8,55,9,3,2019,"('banglore', 'new delhi')",11087
Jet Airways,delhi,cochin,1485,1,in-flight meal not included,18,15,3,6,2019,"('delhi', 'cochin')",10262
Vistara,delhi,cochin,175,0,no info,14,55,21,3,2019,"('delhi', 'cochin')",5586
Jet Airways,kolkata,banglore,960,1,no info,20,0,6,5,2019,"('kolkata', 'banglore')",14388
Jet Airways,kolkata,banglore,865,1,in-flight meal not included,18,55,9,5,2019,"('kolkata', 'banglore')",9663
Jet Airways,delhi,cochin,560,2,in-flight meal not included,9,40,15,6,2019,"('delhi', 'cochin')",10368
Air Asia,delhi,cochin,870,1,no info,7,55,3,6,2019,"('delhi', 'cochin')",8759
Indigo,banglore,delhi,170,0,no info,23,30,3,4,2019,"('banglore', 'delhi')",4591
Multiple Carriers,delhi,cochin,540,1,no info,10,0,6,6,2019,"('delhi', 'cochin')",12717
Indigo,delhi,cochin,415,1,no info,18,35,15,6,2019,"('delhi', 'cochin')",5883
Jet Airways,banglore,new delhi,1035,1,no info,5,45,12,3,2019,"('banglore', 'new delhi')",13817
Vistara,banglore,delhi,160,0,no info,7,0,9,5,2019,"('banglore', 'delhi')",4668
Indigo,banglore,delhi,170,0,no info,22,10,12,6,2019,"('banglore', 'delhi')",3419
Vistara,banglore,new delhi,160,0,no info,19,40,9,3,2019,"('banglore', 'new delhi')",8290
Indigo,kolkata,banglore,155,0,no info,4,40,15,5,2019,"('kolkata', 'banglore')",4804
Air India,kolkata,banglore,1165,2,no info,10,0,24,5,2019,"('kolkata', 'banglore')",15422
Indigo,banglore,delhi,175,0,no info,18,55,9,6,2019,"('banglore', 'delhi')",4823
Jet Airways,delhi,cochin,425,2,in-flight meal not included,5,30,6,6,2019,"('delhi', 'cochin')",13344
Indigo,banglore,delhi,175,0,no info,0,30,1,5,2019,"('banglore', 'delhi')",4284
Air India,banglore,new delhi,1640,2,no info,7,30,3,3,2019,"('banglore', 'new delhi')",12074
Vistara,banglore,delhi,155,0,no info,17,0,18,5,2019,"('banglore', 'delhi')",4878
Jet Airways,delhi,cochin,1270,1,in-flight meal not included,21,50,6,6,2019,"('delhi', 'cochin')",10262
Air India,kolkata,banglore,625,1,no info,10,0,9,5,2019,"('kolkata', 'banglore')",10203
Indigo,mumbai,hyderabad,90,0,no info,9,10,27,5,2019,"('mumbai', 'hyderabad')",4049
Indigo,kolkata,banglore,155,0,no info,17,15,24,4,2019,"('kolkata', 'banglore')",4804
Spicejet,kolkata,banglore,155,0,no info,6,55,9,5,2019,"('kolkata', 'banglore')",3873
Multiple Carriers,delhi,cochin,760,1,no info,12,50,3,6,2019,"('delhi', 'cochin')",7530
Multiple Carriers,delhi,cochin,725,1,no info,8,55,3,3,2019,"('delhi', 'cochin')",15147
Vistara,banglore,delhi,170,0,no info,21,0,27,6,2019,"('banglore', 'delhi')",4878
Vistara,chennai,kolkata,135,0,no info,7,5,9,5,2019,"('chennai', 'kolkata')",3687
Air India,delhi,cochin,795,1,no info,9,45,9,5,2019,"('delhi', 'cochin')",7174
Indigo,kolkata,banglore,325,1,no info,18,5,12,5,2019,"('kolkata', 'banglore')",6218
Indigo,delhi,cochin,885,1,no info,7,35,6,3,2019,"('delhi', 'cochin')",7094
Multiple Carriers,delhi,cochin,480,1,no info,17,30,9,5,2019,"('delhi', 'cochin')",15078
Air India,banglore,delhi,170,0,no info,13,20,18,4,2019,"('banglore', 'delhi')",6121
Jet Airways,banglore,delhi,180,0,no info,19,50,18,6,2019,"('banglore', 'delhi')",8016
Multiple Carriers,delhi,cochin,840,1,no info,7,0,27,3,2019,"('delhi', 'cochin')",6358
Jet Airways,banglore,new delhi,160,0,no info,19,55,24,3,2019,"('banglore', 'new delhi')",7229
Jet Airways,delhi,cochin,1010,1,in-flight meal not included,19,45,24,6,2019,"('delhi', 'cochin')",10262
Indigo,banglore,new delhi,170,0,no info,10,10,24,3,2019,"('banglore', 'new delhi')",4777
Jet Airways,kolkata,banglore,1685,1,no info,17,0,1,5,2019,"('kolkata', 'banglore')",12121
Vistara,banglore,new delhi,160,0,no info,12,0,24,3,2019,"('banglore', 'new delhi')",7608
Air India,delhi,cochin,1180,2,no info,12,0,9,5,2019,"('delhi', 'cochin')",9968
Air India,delhi,cochin,1420,2,no info,9,45,18,5,2019,"('delhi', 'cochin')",10975
Jet Airways,kolkata,banglore,800,1,in-flight meal not included,6,30,12,6,2019,"('kolkata', 'banglore')",9899
Indigo,delhi,cochin,635,1,no info,15,0,3,3,2019,"('delhi', 'cochin')",14871
Jet Airways,delhi,cochin,1040,1,in-flight meal not included,19,15,15,6,2019,"('delhi', 'cochin')",10262
Air India,kolkata,banglore,805,1,no info,7,0,9,6,2019,"('kolkata', 'banglore')",10413
Air India,delhi,cochin,865,2,no info,17,15,21,5,2019,"('delhi', 'cochin')",13039
Air India,delhi,cochin,1475,2,no info,7,5,9,5,2019,"('delhi', 'cochin')",13547
Vistara,kolkata,banglore,1440,1,no info,20,20,1,5,2019,"('kolkata', 'banglore')",8610
Indigo,banglore,delhi,175,0,no info,18,25,6,6,2019,"('banglore', 'delhi')",4823
Indigo,kolkata,banglore,155,0,no info,14,20,15,3,2019,"('kolkata', 'banglore')",4778
Multiple Carriers,delhi,cochin,490,1,in-flight meal not included,17,25,9,3,2019,"('delhi', 'cochin')",12616
Goair,banglore,delhi,175,0,no info,7,45,15,6,2019,"('banglore', 'delhi')",3898
Jet Airways,kolkata,banglore,400,1,no info,14,5,15,5,2019,"('kolkata', 'banglore')",14781
Indigo,banglore,new delhi,175,0,no info,20,0,15,3,2019,"('banglore', 'new delhi')",8855
Indigo,delhi,cochin,885,1,no info,7,35,21,3,2019,"('delhi', 'cochin')",6558
Jet Airways,delhi,cochin,995,1,no info,2,15,3,3,2019,"('delhi', 'cochin')",17024
Air India,banglore,new delhi,980,2,no info,5,50,1,3,2019,"('banglore', 'new delhi')",13576
Jet Airways,kolkata,banglore,1220,1,in-flight meal not included,20,0,6,6,2019,"('kolkata', 'banglore')",10844
Air India,delhi,cochin,1410,2,no info,19,45,3,6,2019,"('delhi', 'cochin')",10441
Air India,delhi,cochin,1640,1,no info,6,5,3,4,2019,"('delhi', 'cochin')",5117
Multiple Carriers,delhi,cochin,640,1,no info,10,20,27,6,2019,"('delhi', 'cochin')",6480
Jet Airways,delhi,cochin,1005,1,in-flight meal not included,2,15,15,6,2019,"('delhi', 'cochin')",10262
Indigo,mumbai,hyderabad,95,0,no info,20,5,24,6,2019,"('mumbai', 'hyderabad')",2227
Vistara,banglore,delhi,170,0,no info,11,30,27,5,2019,"('banglore', 'delhi')",4668
Vistara,kolkata,banglore,965,1,no info,17,0,6,5,2019,"('kolkata', 'banglore')",8137
Jet Airways,delhi,cochin,1165,1,in-flight meal not included,9,0,9,5,2019,"('delhi', 'cochin')",12373
Jet Airways,kolkata,banglore,750,1,no info,5,45,18,5,2019,"('kolkata', 'banglore')",14781
Spicejet,mumbai,hyderabad,90,0,no check-in baggage included,22,45,12,5,2019,"('mumbai', 'hyderabad')",1965
Air India,banglore,delhi,165,0,no info,10,0,27,4,2019,"('banglore', 'delhi')",5228
Jet Airways,banglore,delhi,165,0,no info,6,0,3,4,2019,"('banglore', 'delhi')",7229
Air Asia,kolkata,banglore,150,0,no info,22,50,27,5,2019,"('kolkata', 'banglore')",3807
Multiple Carriers,delhi,cochin,385,1,no info,9,45,24,6,2019,"('delhi', 'cochin')",9646
Jet Airways,delhi,cochin,1325,1,in-flight meal not included,20,55,24,6,2019,"('delhi', 'cochin')",10262
Multiple Carriers,delhi,cochin,690,1,no info,7,30,12,6,2019,"('delhi', 'cochin')",10877
Indigo,delhi,cochin,625,1,no info,10,35,27,6,2019,"('delhi', 'cochin')",5894
Jet Airways,delhi,cochin,1570,1,in-flight meal not included,2,15,3,6,2019,"('delhi', 'cochin')",11627
Jet Airways,kolkata,banglore,1495,1,no info,8,25,21,5,2019,"('kolkata', 'banglore')",14388
Multiple Carriers,delhi,cochin,560,1,no info,11,40,27,3,2019,"('delhi', 'cochin')",6637
Air India,delhi,cochin,615,1,no info,9,0,9,5,2019,"('delhi', 'cochin')",8372
Air India,kolkata,banglore,1555,2,no info,9,10,24,5,2019,"('kolkata', 'banglore')",6117
Jet Airways,kolkata,banglore,435,1,no info,10,20,21,5,2019,"('kolkata', 'banglore')",8355
Jet Airways,kolkata,banglore,590,1,no info,8,25,9,6,2019,"('kolkata', 'banglore')",14571
Indigo,mumbai,hyderabad,90,0,no info,9,10,3,6,2019,"('mumbai', 'hyderabad')",4049
Jet Airways,delhi,cochin,810,2,no info,5,30,6,6,2019,"('delhi', 'cochin')",13014
Air India,banglore,new delhi,170,0,no info,13,20,24,3,2019,"('banglore', 'new delhi')",7276
Multiple Carriers,delhi,cochin,490,1,no info,12,50,18,5,2019,"('delhi', 'cochin')",7670
Indigo,banglore,delhi,170,0,no info,10,10,15,6,2019,"('banglore', 'delhi')",3943
Air India,kolkata,banglore,970,2,no info,16,45,15,5,2019,"('kolkata', 'banglore')",14960
Goair,banglore,delhi,165,0,no info,20,55,27,5,2019,"('banglore', 'delhi')",3419
Multiple Carriers,delhi,cochin,510,1,no info,7,0,6,3,2019,"('delhi', 'cochin')",15603
Jet Airways,kolkata,banglore,735,1,no info,20,0,1,4,2019,"('kolkata', 'banglore')",12681
Jet Airways,banglore,new delhi,570,1,in-flight meal not included,8,55,15,3,2019,"('banglore', 'new delhi')",9134
Jet Airways,delhi,cochin,940,1,in-flight meal not included,20,55,27,6,2019,"('delhi', 'cochin')",10262
Jet Airways,kolkata,banglore,875,1,no info,14,5,9,5,2019,"('kolkata', 'banglore')",13941
Indigo,kolkata,banglore,155,0,no info,17,15,6,5,2019,"('kolkata', 'banglore')",4804
Jet Airways,kolkata,banglore,1450,1,no info,9,35,12,6,2019,"('kolkata', 'banglore')",12692
Jet Airways,kolkata,banglore,1540,1,in-flight meal not included,20,25,6,5,2019,"('kolkata', 'banglore')",9314
Jet Airways,delhi,cochin,450,1,no info,11,30,27,5,2019,"('delhi', 'cochin')",16079
Spicejet,kolkata,banglore,330,1,no info,15,55,12,6,2019,"('kolkata', 'banglore')",8224
Vistara,banglore,new delhi,155,0,no info,16,0,24,3,2019,"('banglore', 'new delhi')",5613
Air India,mumbai,hyderabad,90,0,no info,13,55,18,6,2019,"('mumbai', 'hyderabad')",3100
Jet Airways,banglore,new delhi,625,1,no info,5,45,1,3,2019,"('banglore', 'new delhi')",26890
Air India,banglore,delhi,170,0,no info,13,20,24,6,2019,"('banglore', 'delhi')",6961
Indigo,kolkata,banglore,280,1,no info,17,35,9,5,2019,"('kolkata', 'banglore')",5386
Indigo,banglore,new delhi,170,0,no info,23,30,15,3,2019,"('banglore', 'new delhi')",8033
Spicejet,kolkata,banglore,145,0,no check-in baggage included,9,0,27,5,2019,"('kolkata', 'banglore')",3841
Goair,delhi,cochin,310,1,no info,14,25,9,6,2019,"('delhi', 'cochin')",9069
Jet Airways,mumbai,hyderabad,90,0,in-flight meal not included,10,20,1,6,2019,"('mumbai', 'hyderabad')",4050
Jet Airways,banglore,new delhi,960,1,no info,7,0,12,3,2019,"('banglore', 'new delhi')",13817
Air Asia,banglore,delhi,170,0,no info,23,55,1,6,2019,"('banglore', 'delhi')",7120
Jet Airways,kolkata,banglore,1655,1,in-flight meal not included,8,25,24,3,2019,"('kolkata', 'banglore')",10031
Jet Airways,delhi,cochin,520,1,in-flight meal not included,19,45,24,6,2019,"('delhi', 'cochin')",10262
Jet Airways,delhi,cochin,1760,2,no info,23,5,27,6,2019,"('delhi', 'cochin')",15339
Multiple Carriers,delhi,cochin,690,1,no info,14,0,15,5,2019,"('delhi', 'cochin')",13727
Jet Airways,kolkata,banglore,690,1,in-flight meal not included,9,35,6,5,2019,"('kolkata', 'banglore')",10703
Multiple Carriers,delhi,cochin,660,1,no info,8,0,6,6,2019,"('delhi', 'cochin')",12192
Jet Airways,banglore,new delhi,885,1,no info,16,55,12,3,2019,"('banglore', 'new delhi')",13817
Jet Airways,banglore,new delhi,610,1,in-flight meal not included,22,50,18,3,2019,"('banglore', 'new delhi')",11087
Air India,banglore,new delhi,1625,2,no info,8,15,6,3,2019,"('banglore', 'new delhi')",13942
Multiple Carriers,delhi,cochin,705,1,no info,8,0,9,3,2019,"('delhi', 'cochin')",16287
Spicejet,chennai,kolkata,135,0,no check-in baggage included,8,20,6,5,2019,"('chennai', 'kolkata')",3859
Jet Airways,kolkata,banglore,735,1,no info,20,0,15,5,2019,"('kolkata', 'banglore')",13941
Jet Airways,delhi,cochin,535,2,no info,19,30,12,6,2019,"('delhi', 'cochin')",13014
Jet Airways,delhi,cochin,1125,2,in-flight meal not included,9,40,21,5,2019,"('delhi', 'cochin')",13029
Air India,kolkata,banglore,1700,2,no info,9,25,12,5,2019,"('kolkata', 'banglore')",12592
Multiple Carriers,delhi,cochin,665,1,no info,2,15,21,3,2019,"('delhi', 'cochin')",13961
Indigo,delhi,cochin,300,1,no info,16,0,15,6,2019,"('delhi', 'cochin')",6069
Jet Airways,delhi,cochin,810,2,no info,23,5,27,6,2019,"('delhi', 'cochin')",12819
Air India,banglore,delhi,170,0,no info,13,20,3,6,2019,"('banglore', 'delhi')",6961
Jet Airways,delhi,cochin,1125,2,in-flight meal not included,9,40,9,6,2019,"('delhi', 'cochin')",10368
Air India,delhi,cochin,1545,2,no info,5,55,21,5,2019,"('delhi', 'cochin')",11911
Indigo,banglore,delhi,170,0,no info,10,30,15,6,2019,"('banglore', 'delhi')",3943
Indigo,banglore,delhi,170,0,no info,20,0,21,6,2019,"('banglore', 'delhi')",4823
Jet Airways,delhi,cochin,1790,2,in-flight meal not included,6,45,27,6,2019,"('delhi', 'cochin')",10919
Multiple Carriers,delhi,cochin,390,1,no info,19,0,24,6,2019,"('delhi', 'cochin')",7198
Indigo,banglore,new delhi,170,0,no info,10,10,24,3,2019,"('banglore', 'new delhi')",5734
Jet Airways,kolkata,banglore,1410,1,no info,21,10,24,3,2019,"('kolkata', 'banglore')",13759
Indigo,delhi,cochin,710,1,no info,9,10,6,3,2019,"('delhi', 'cochin')",14871
Indigo,delhi,cochin,320,1,no info,17,5,12,6,2019,"('delhi', 'cochin')",6147
Air India,delhi,cochin,180,0,no info,14,10,18,5,2019,"('delhi', 'cochin')",6934
Spicejet,mumbai,hyderabad,85,0,no check-in baggage included,22,45,15,3,2019,"('mumbai', 'hyderabad')",2647
Jet Airways,delhi,cochin,2315,2,in-flight meal not included,5,10,27,3,2019,"('delhi', 'cochin')",8938
Spicejet,kolkata,banglore,160,0,no info,6,55,27,3,2019,"('kolkata', 'banglore')",3847
Jet Airways,kolkata,banglore,575,1,no info,9,35,12,6,2019,"('kolkata', 'banglore')",12692
Jet Airways,kolkata,banglore,1400,1,in-flight meal not included,18,55,6,6,2019,"('kolkata', 'banglore')",10844
Spicejet,banglore,delhi,170,0,no info,9,30,15,5,2019,"('banglore', 'delhi')",4423
Air India,delhi,cochin,1490,2,no info,6,50,18,5,2019,"('delhi', 'cochin')",13591
Jet Airways,delhi,cochin,440,2,no info,11,40,24,5,2019,"('delhi', 'cochin')",21219
Jet Airways,delhi,cochin,1430,2,no info,19,10,9,5,2019,"('delhi', 'cochin')",15129
Jet Airways,delhi,cochin,1015,1,no info,11,30,3,3,2019,"('delhi', 'cochin')",19828
Jet Airways,delhi,cochin,715,1,no info,7,5,3,6,2019,"('delhi', 'cochin')",14924
Spicejet,banglore,delhi,170,0,no check-in baggage included,9,30,21,5,2019,"('banglore', 'delhi')",3573
Air India,delhi,cochin,865,2,no info,17,15,15,5,2019,"('delhi', 'cochin')",13039
Jet Airways,delhi,cochin,395,1,in-flight meal not included,21,50,6,6,2019,"('delhi', 'cochin')",10262
Jet Airways,delhi,cochin,1595,1,in-flight meal not included,10,0,27,5,2019,"('delhi', 'cochin')",12898
Jet Airways,mumbai,hyderabad,90,0,in-flight meal not included,19,35,15,5,2019,"('mumbai', 'hyderabad')",2228
Indigo,delhi,cochin,895,1,no info,10,35,18,5,2019,"('delhi', 'cochin')",7503
Air India,delhi,cochin,2280,3,no info,5,15,21,3,2019,"('delhi', 'cochin')",9128
Indigo,delhi,cochin,565,2,no info,11,55,3,3,2019,"('delhi', 'cochin')",9413
Air India,delhi,cochin,1580,2,no info,7,5,6,3,2019,"('delhi', 'cochin')",9190
Jet Airways,delhi,cochin,1365,2,in-flight meal not included,5,40,21,3,2019,"('delhi', 'cochin')",9181
Vistara,kolkata,banglore,1440,1,no info,20,20,9,6,2019,"('kolkata', 'banglore')",8085
Jet Airways,banglore,delhi,175,0,no info,11,10,12,5,2019,"('banglore', 'delhi')",7229
Multiple Carriers,delhi,cochin,560,1,no info,11,40,12,6,2019,"('delhi', 'cochin')",7005
Jet Airways,mumbai,hyderabad,90,0,no info,19,35,24,6,2019,"('mumbai', 'hyderabad')",5678
Jet Airways,kolkata,banglore,690,1,in-flight meal not included,9,35,15,5,2019,"('kolkata', 'banglore')",10703
Spicejet,kolkata,banglore,145,0,no check-in baggage included,9,0,9,6,2019,"('kolkata', 'banglore')",3841
Goair,delhi,cochin,535,1,no info,10,25,27,3,2019,"('delhi', 'cochin')",5281
Spicejet,banglore,delhi,160,0,no info,5,55,15,4,2019,"('banglore', 'delhi')",4423
Air India,kolkata,banglore,1665,2,no info,10,0,12,6,2019,"('kolkata', 'banglore')",12224
Multiple Carriers,delhi,cochin,460,1,no info,4,55,15,5,2019,"('delhi', 'cochin')",9103
Air India,delhi,cochin,1560,2,no info,17,15,18,5,2019,"('delhi', 'cochin')",12392
Jet Airways,delhi,cochin,1505,1,in-flight meal not included,11,30,27,6,2019,"('delhi', 'cochin')",10262
Jet Airways,delhi,cochin,1415,1,in-flight meal not included,13,0,12,6,2019,"('delhi', 'cochin')",10262
Jet Airways,kolkata,banglore,980,1,no info,16,55,24,3,2019,"('kolkata', 'banglore')",14231
Indigo,mumbai,hyderabad,85,0,no info,6,20,6,3,2019,"('mumbai', 'hyderabad')",4784
Air India,kolkata,banglore,965,1,no info,19,0,6,6,2019,"('kolkata', 'banglore')",6117
Multiple Carriers,delhi,cochin,660,1,no info,10,0,6,6,2019,"('delhi', 'cochin')",7933
Spicejet,delhi,cochin,315,1,no info,6,5,27,6,2019,"('delhi', 'cochin')",5583
Jet Airways,banglore,delhi,175,0,in-flight meal not included,11,10,27,6,2019,"('banglore', 'delhi')",5769
Multiple Carriers,delhi,cochin,930,1,no info,10,0,15,6,2019,"('delhi', 'cochin')",8510
Indigo,delhi,cochin,275,1,no info,7,35,6,6,2019,"('delhi', 'cochin')",5458
Air India,kolkata,banglore,1045,2,no info,5,50,24,5,2019,"('kolkata', 'banglore')",12723
Jet Airways,kolkata,banglore,520,1,no info,20,0,21,5,2019,"('kolkata', 'banglore')",14781
Indigo,chennai,kolkata,165,0,no info,15,40,15,6,2019,"('chennai', 'kolkata')",3540
Air India,delhi,cochin,1480,1,no info,7,0,6,3,2019,"('delhi', 'cochin')",15407
Spicejet,kolkata,banglore,155,0,no check-in baggage included,6,55,1,4,2019,"('kolkata', 'banglore')",3841
Air India,delhi,cochin,765,1,no info,20,40,15,5,2019,"('delhi', 'cochin')",7480
Indigo,chennai,kolkata,145,0,no info,11,35,18,3,2019,"('chennai', 'kolkata')",3858
Jet Airways,delhi,cochin,1620,2,no info,9,35,15,6,2019,"('delhi', 'cochin')",12609
Air India,delhi,cochin,1855,2,no info,12,20,27,5,2019,"('delhi', 'cochin')",12488
Jet Airways,delhi,cochin,1995,2,in-flight meal not included,19,10,27,3,2019,"('delhi', 'cochin')",6643
Multiple Carriers,delhi,cochin,440,1,no info,11,40,15,5,2019,"('delhi', 'cochin')",10529
Jet Airways,delhi,cochin,330,1,no info,7,5,12,6,2019,"('delhi', 'cochin')",16289
Air India,kolkata,banglore,1200,2,no info,9,25,24,5,2019,"('kolkata', 'banglore')",14897
Jet Airways,delhi,cochin,560,2,in-flight meal not included,9,40,1,6,2019,"('delhi', 'cochin')",10368
Jet Airways,kolkata,banglore,1595,1,in-flight meal not included,20,0,9,6,2019,"('kolkata', 'banglore')",10844
Jet Airways,kolkata,banglore,1655,1,in-flight meal not included,6,30,21,5,2019,"('kolkata', 'banglore')",8586
Air India,delhi,cochin,615,1,no info,9,0,6,3,2019,"('delhi', 'cochin')",15284
Air India,kolkata,banglore,1100,2,no info,7,0,24,5,2019,"('kolkata', 'banglore')",14083
Jet Airways,delhi,cochin,1995,2,no info,19,10,6,3,2019,"('delhi', 'cochin')",16809
Spicejet,chennai,kolkata,135,0,no check-in baggage included,9,45,27,5,2019,"('chennai', 'kolkata')",3543
Multiple Carriers,delhi,cochin,520,1,no info,10,35,3,6,2019,"('delhi', 'cochin')",7354
Multiple Carriers,delhi,cochin,480,1,no info,17,30,27,6,2019,"('delhi', 'cochin')",13377
Air Asia,banglore,new delhi,165,0,red-eye flight,23,25,1,3,2019,"('banglore', 'new delhi')",10873
Jet Airways,banglore,new delhi,725,1,no info,21,25,18,3,2019,"('banglore', 'new delhi')",13555
Indigo,kolkata,banglore,170,0,no info,5,30,3,3,2019,"('kolkata', 'banglore')",4778
Jet Airways,mumbai,hyderabad,85,0,no info,7,5,1,5,2019,"('mumbai', 'hyderabad')",8040
Multiple Carriers,delhi,cochin,640,1,no info,10,20,27,5,2019,"('delhi', 'cochin')",7005
Indigo,kolkata,banglore,155,0,no info,4,40,18,4,2019,"('kolkata', 'banglore')",4174
Indigo,kolkata,banglore,160,0,no info,21,25,9,4,2019,"('kolkata', 'banglore')",4174
Jet Airways,kolkata,banglore,1640,1,in-flight meal not included,16,30,24,5,2019,"('kolkata', 'banglore')",10844
Air Asia,banglore,delhi,165,0,no info,11,10,27,4,2019,"('banglore', 'delhi')",4483
Indigo,delhi,cochin,625,1,no info,10,35,21,5,2019,"('delhi', 'cochin')",6794
Spicejet,mumbai,hyderabad,90,0,no check-in baggage included,22,45,21,5,2019,"('mumbai', 'hyderabad')",1965
Multiple Carriers,delhi,cochin,575,1,no info,16,0,27,3,2019,"('delhi', 'cochin')",12327
Vistara,kolkata,banglore,865,1,no info,20,20,6,5,2019,"('kolkata', 'banglore')",8662
Jet Airways,delhi,cochin,1325,1,no info,20,55,21,5,2019,"('delhi', 'cochin')",16079
Vistara,delhi,cochin,190,0,no info,6,0,24,4,2019,"('delhi', 'cochin')",6216
Jet Airways,mumbai,hyderabad,85,0,no info,7,5,9,6,2019,"('mumbai', 'hyderabad')",5678
Multiple Carriers,delhi,cochin,555,1,no info,13,15,27,6,2019,"('delhi', 'cochin')",8018
Jet Airways,delhi,cochin,450,1,no info,11,30,6,6,2019,"('delhi', 'cochin')",14714
Jet Airways,delhi,cochin,1040,1,no info,19,15,3,6,2019,"('delhi', 'cochin')",14714
Jet Airways,mumbai,hyderabad,85,0,in-flight meal not included,7,10,18,3,2019,"('mumbai', 'hyderabad')",4995
Indigo,chennai,kolkata,140,0,no info,19,35,3,6,2019,"('chennai', 'kolkata')",3597
Indigo,delhi,cochin,305,1,no info,23,30,6,6,2019,"('delhi', 'cochin')",10112
Jet Airways,delhi,cochin,820,2,in-flight meal not included,5,10,27,3,2019,"('delhi', 'cochin')",8728
Indigo,delhi,cochin,965,1,no info,4,55,3,6,2019,"('delhi', 'cochin')",6838
Indigo,kolkata,banglore,280,1,no info,17,35,18,5,2019,"('kolkata', 'banglore')",5699
Indigo,delhi,cochin,705,1,no info,9,15,12,6,2019,"('delhi', 'cochin')",6838
Jet Airways,kolkata,banglore,365,1,no info,16,30,15,5,2019,"('kolkata', 'banglore')",14781
Jet Airways,delhi,cochin,520,1,in-flight meal not included,19,45,27,3,2019,"('delhi', 'cochin')",6540
Goair,delhi,cochin,355,1,no info,7,0,9,6,2019,"('delhi', 'cochin')",5897
Jet Airways,kolkata,banglore,1330,1,no info,6,30,6,5,2019,"('kolkata', 'banglore')",13941
Air India,kolkata,banglore,245,1,no info,9,10,9,6,2019,"('kolkata', 'banglore')",8996
Multiple Carriers,delhi,cochin,555,1,in-flight meal not included,10,0,27,5,2019,"('delhi', 'cochin')",11446
Spicejet,delhi,cochin,270,1,no check-in baggage included,8,45,9,5,2019,"('delhi', 'cochin')",4760
Multiple Carriers,delhi,cochin,830,1,no info,11,40,9,4,2019,"('delhi', 'cochin')",6645
Indigo,mumbai,hyderabad,85,0,no info,9,10,21,3,2019,"('mumbai', 'hyderabad')",4049
Jet Airways,kolkata,banglore,730,1,no info,16,30,9,6,2019,"('kolkata', 'banglore')",13731
Jet Airways,mumbai,hyderabad,85,0,no info,2,55,27,6,2019,"('mumbai', 'hyderabad')",5678
Jet Airways,kolkata,banglore,750,1,no info,9,35,15,5,2019,"('kolkata', 'banglore')",12121
Jet Airways,delhi,cochin,2300,2,no info,5,25,27,3,2019,"('delhi', 'cochin')",11664
Spicejet,delhi,cochin,380,1,no info,15,45,15,6,2019,"('delhi', 'cochin')",5583
Jet Airways,banglore,delhi,175,0,no info,15,15,27,5,2019,"('banglore', 'delhi')",7229
Indigo,delhi,cochin,480,1,no info,14,20,6,3,2019,"('delhi', 'cochin')",7451
Air India,delhi,cochin,675,1,no info,8,0,18,5,2019,"('delhi', 'cochin')",8879
Jet Airways,delhi,cochin,590,1,in-flight meal not included,9,0,6,3,2019,"('delhi', 'cochin')",15400
Indigo,kolkata,banglore,335,1,no info,10,30,6,6,2019,"('kolkata', 'banglore')",6301
Indigo,delhi,cochin,325,1,no info,2,0,24,4,2019,"('delhi', 'cochin')",5636
Multiple Carriers,delhi,cochin,630,1,no info,15,0,15,6,2019,"('delhi', 'cochin')",13377
Jet Airways,banglore,new delhi,1220,1,in-flight meal not included,14,5,21,3,2019,"('banglore', 'new delhi')",7832
Indigo,chennai,kolkata,145,0,no info,5,15,3,5,2019,"('chennai', 'kolkata')",3850
Jet Airways,banglore,new delhi,615,1,no info,8,55,18,3,2019,"('banglore', 'new delhi')",13555
Vistara,kolkata,banglore,1580,1,no info,20,20,21,5,2019,"('kolkata', 'banglore')",8452
Air India,mumbai,hyderabad,80,0,no info,6,20,3,3,2019,"('mumbai', 'hyderabad')",4937
Air India,kolkata,banglore,1435,1,no info,20,30,12,6,2019,"('kolkata', 'banglore')",10203
Indigo,delhi,cochin,500,1,no info,17,10,3,6,2019,"('delhi', 'cochin')",6104
Jet Airways,delhi,cochin,1430,2,no info,19,10,27,5,2019,"('delhi', 'cochin')",15129
Indigo,banglore,delhi,180,0,no info,21,15,6,6,2019,"('banglore', 'delhi')",3943
Multiple Carriers,delhi,cochin,780,1,no info,8,0,21,5,2019,"('delhi', 'cochin')",14277
Indigo,banglore,delhi,175,0,no info,18,55,1,5,2019,"('banglore', 'delhi')",4823
Goair,kolkata,banglore,455,1,no info,16,40,1,4,2019,"('kolkata', 'banglore')",5171
Jet Airways,kolkata,banglore,575,1,in-flight meal not included,9,35,15,5,2019,"('kolkata', 'banglore')",12384
Spicejet,kolkata,banglore,435,1,no info,11,15,6,6,2019,"('kolkata', 'banglore')",10156
Jet Airways,delhi,cochin,1280,1,in-flight meal not included,7,5,27,5,2019,"('delhi', 'cochin')",12898
Jet Airways,delhi,cochin,425,2,in-flight meal not included,5,30,18,5,2019,"('delhi', 'cochin')",15544
Air India,delhi,cochin,1600,2,no info,5,0,15,6,2019,"('delhi', 'cochin')",10231
Indigo,chennai,kolkata,140,0,no info,7,55,6,3,2019,"('chennai', 'kolkata')",7295
Multiple Carriers,delhi,cochin,535,1,no info,10,20,6,6,2019,"('delhi', 'cochin')",8266
Spicejet,kolkata,banglore,145,0,no check-in baggage included,9,0,6,6,2019,"('kolkata', 'banglore')",3841
Jet Airways,delhi,cochin,1670,1,no info,15,0,21,3,2019,"('delhi', 'cochin')",12767
Air India,delhi,cochin,500,2,no info,10,55,27,5,2019,"('delhi', 'cochin')",13223
Jet Airways,delhi,cochin,1530,1,in-flight meal not included,17,30,21,5,2019,"('delhi', 'cochin')",12898
Jet Airways,banglore,delhi,180,0,in-flight meal not included,7,10,24,5,2019,"('banglore', 'delhi')",4030
Indigo,banglore,delhi,175,0,no info,7,10,27,5,2019,"('banglore', 'delhi')",4823
Indigo,delhi,cochin,325,1,no info,2,0,27,6,2019,"('delhi', 'cochin')",5636
Indigo,mumbai,hyderabad,90,0,no info,2,35,15,5,2019,"('mumbai', 'hyderabad')",2754
Air India,banglore,new delhi,1475,1,no info,8,15,15,3,2019,"('banglore', 'new delhi')",5521
Multiple Carriers,delhi,cochin,450,1,no info,8,0,3,3,2019,"('delhi', 'cochin')",15078
Jet Airways,banglore,delhi,180,0,in-flight meal not included,19,50,15,5,2019,"('banglore', 'delhi')",4030
Jet Airways,banglore,delhi,175,0,in-flight meal not included,11,10,24,6,2019,"('banglore', 'delhi')",5769
Air Asia,kolkata,banglore,710,1,no info,7,35,6,5,2019,"('kolkata', 'banglore')",5192
Indigo,delhi,cochin,315,1,no info,7,15,27,6,2019,"('delhi', 'cochin')",6582
Spicejet,kolkata,banglore,140,0,no info,22,20,6,4,2019,"('kolkata', 'banglore')",3873
Air India,delhi,cochin,1180,2,no info,12,0,15,5,2019,"('delhi', 'cochin')",10651
Air India,delhi,cochin,2170,2,no info,7,5,9,3,2019,"('delhi', 'cochin')",11762
Spicejet,delhi,cochin,315,1,no info,6,5,21,5,2019,"('delhi', 'cochin')",6297
Air India,kolkata,banglore,155,0,no info,20,45,21,5,2019,"('kolkata', 'banglore')",4145
Indigo,delhi,cochin,860,1,no info,6,40,9,6,2019,"('delhi', 'cochin')",6093
Goair,delhi,cochin,310,1,no info,14,25,6,6,2019,"('delhi', 'cochin')",7870
Indigo,delhi,cochin,195,0,no info,5,35,24,6,2019,"('delhi', 'cochin')",5000
Jet Airways,kolkata,banglore,665,1,no info,21,10,1,5,2019,"('kolkata', 'banglore')",14781
Jet Airways,delhi,cochin,535,1,no info,9,55,27,3,2019,"('delhi', 'cochin')",12032
Jet Airways,delhi,cochin,360,1,no info,13,0,1,6,2019,"('delhi', 'cochin')",14714
Air India,chennai,kolkata,135,0,no info,11,40,27,3,2019,"('chennai', 'kolkata')",3145
Jet Airways,delhi,cochin,1425,1,in-flight meal not included,19,15,15,6,2019,"('delhi', 'cochin')",10262
Jet Airways,kolkata,banglore,590,1,in-flight meal not included,6,30,21,5,2019,"('kolkata', 'banglore')",10844
Air India,kolkata,banglore,1170,2,no info,9,10,15,5,2019,"('kolkata', 'banglore')",6117
Jet Airways,kolkata,banglore,660,1,no info,21,10,24,3,2019,"('kolkata', 'banglore')",14231
Indigo,banglore,new delhi,170,0,no info,18,55,24,3,2019,"('banglore', 'new delhi')",7303
Jet Airways,banglore,delhi,165,0,no info,6,0,12,5,2019,"('banglore', 'delhi')",7229
Indigo,banglore,delhi,180,0,no info,16,55,3,6,2019,"('banglore', 'delhi')",4823
Jet Airways,kolkata,banglore,1480,1,no info,20,25,21,5,2019,"('kolkata', 'banglore')",14151
Jet Airways,banglore,new delhi,900,1,in-flight meal not included,14,5,6,3,2019,"('banglore', 'new delhi')",13502
Jet Airways,kolkata,banglore,1285,1,no info,18,55,1,4,2019,"('kolkata', 'banglore')",12681
Indigo,kolkata,banglore,295,1,no info,9,20,6,6,2019,"('kolkata', 'banglore')",11160
Air India,kolkata,banglore,555,1,no info,7,0,12,6,2019,"('kolkata', 'banglore')",11936
Spicejet,delhi,cochin,380,1,no info,15,45,15,5,2019,"('delhi', 'cochin')",7947
Spicejet,mumbai,hyderabad,90,0,no info,22,45,3,5,2019,"('mumbai', 'hyderabad')",2227
Air India,kolkata,banglore,760,2,no info,9,10,24,3,2019,"('kolkata', 'banglore')",15187
Vistara,kolkata,banglore,1445,1,no info,20,20,24,3,2019,"('kolkata', 'banglore')",11105
Jet Airways,delhi,cochin,1225,1,no info,8,0,9,3,2019,"('delhi', 'cochin')",17549
Jet Airways,banglore,delhi,185,0,in-flight meal not included,18,55,21,5,2019,"('banglore', 'delhi')",4030
Multiple Carriers,delhi,cochin,395,1,no info,19,0,1,3,2019,"('delhi', 'cochin')",23533
Air India,delhi,cochin,1420,2,no info,9,45,3,6,2019,"('delhi', 'cochin')",10975
Air Asia,kolkata,banglore,955,1,no info,7,35,6,5,2019,"('kolkata', 'banglore')",5192
Multiple Carriers,delhi,cochin,465,1,no info,11,30,6,3,2019,"('delhi', 'cochin')",15077
Jet Airways,kolkata,banglore,540,1,in-flight meal not included,19,45,24,3,2019,"('kolkata', 'banglore')",10031
Jet Airways,delhi,cochin,1530,1,in-flight meal not included,17,30,9,6,2019,"('delhi', 'cochin')",10262
Vistara,banglore,new delhi,160,0,no info,11,30,24,3,2019,"('banglore', 'new delhi')",5403
Spicejet,chennai,kolkata,140,0,no check-in baggage included,17,45,1,6,2019,"('chennai', 'kolkata')",3543
Jet Airways,banglore,delhi,180,0,no info,7,10,27,5,2019,"('banglore', 'delhi')",7229
Multiple Carriers,delhi,cochin,660,1,in-flight meal not included,10,0,18,5,2019,"('delhi', 'cochin')",9275
Jet Airways,delhi,cochin,1790,2,no info,6,45,9,6,2019,"('delhi', 'cochin')",13376
Jet Airways,delhi,cochin,1270,1,no info,21,50,27,5,2019,"('delhi', 'cochin')",16079
Jet Airways,kolkata,banglore,520,1,no info,20,0,15,5,2019,"('kolkata', 'banglore')",13941
Jet Airways,delhi,cochin,455,1,no info,20,50,9,3,2019,"('delhi', 'cochin')",15554
Jet Airways,delhi,cochin,600,1,no info,9,0,21,5,2019,"('delhi', 'cochin')",16079
Air India,delhi,cochin,1395,1,no info,20,0,9,6,2019,"('delhi', 'cochin')",8372
Air Asia,delhi,cochin,660,1,no info,20,10,9,3,2019,"('delhi', 'cochin')",8327
Spicejet,kolkata,banglore,150,0,no info,17,10,6,4,2019,"('kolkata', 'banglore')",3873
Multiple Carriers,delhi,cochin,730,1,in-flight meal not included,7,5,9,5,2019,"('delhi', 'cochin')",11142
Vistara,banglore,delhi,155,0,no info,17,0,6,5,2019,"('banglore', 'delhi')",4878
Jet Airways,kolkata,banglore,875,1,no info,14,5,1,5,2019,"('kolkata', 'banglore')",13941
Goair,delhi,cochin,355,1,no info,7,0,27,5,2019,"('delhi', 'cochin')",5752
Jet Airways,banglore,delhi,175,0,in-flight meal not included,15,15,6,4,2019,"('banglore', 'delhi')",5198
Air India,kolkata,banglore,965,1,no info,19,0,9,4,2019,"('kolkata', 'banglore')",4647
Indigo,banglore,new delhi,290,1,no info,7,30,21,3,2019,"('banglore', 'new delhi')",5694
Spicejet,kolkata,banglore,140,0,no check-in baggage included,22,20,24,4,2019,"('kolkata', 'banglore')",3841
Jet Airways,delhi,cochin,825,1,in-flight meal not included,22,50,27,5,2019,"('delhi', 'cochin')",12898
Vistara,kolkata,banglore,1640,1,no info,17,0,1,4,2019,"('kolkata', 'banglore')",9135
Air India,kolkata,banglore,155,0,no info,20,45,6,4,2019,"('kolkata', 'banglore')",4460
Multiple Carriers,delhi,cochin,600,1,no info,9,15,1,6,2019,"('delhi', 'cochin')",9779
Spicejet,mumbai,hyderabad,90,0,no check-in baggage included,5,45,3,5,2019,"('mumbai', 'hyderabad')",1965
Jet Airways,banglore,new delhi,1290,1,no info,22,50,6,3,2019,"('banglore', 'new delhi')",17471
Jet Airways,kolkata,banglore,795,1,no info,18,55,24,3,2019,"('kolkata', 'banglore')",14231
Spicejet,mumbai,hyderabad,90,0,no info,5,45,18,6,2019,"('mumbai', 'hyderabad')",2753
Indigo,kolkata,banglore,165,0,no info,22,10,27,3,2019,"('kolkata', 'banglore')",4148
Vistara,delhi,cochin,190,0,no info,6,0,15,3,2019,"('delhi', 'cochin')",6111
Jet Airways,banglore,delhi,180,0,no info,17,45,12,6,2019,"('banglore', 'delhi')",8016
Jet Airways,kolkata,banglore,1605,1,in-flight meal not included,16,55,24,3,2019,"('kolkata', 'banglore')",11134
Indigo,banglore,delhi,180,0,no info,16,55,18,5,2019,"('banglore', 'delhi')",4823
Indigo,kolkata,banglore,155,0,no info,17,15,9,5,2019,"('kolkata', 'banglore')",4804
Jet Airways,delhi,cochin,1760,2,no info,23,5,15,6,2019,"('delhi', 'cochin')",15339
Air India,kolkata,banglore,535,2,no info,9,25,18,5,2019,"('kolkata', 'banglore')",8366
Jet Airways,kolkata,banglore,875,1,no info,14,5,24,5,2019,"('kolkata', 'banglore')",13731
Indigo,banglore,delhi,180,0,no info,21,15,9,4,2019,"('banglore', 'delhi')",3943
Jet Airways,kolkata,banglore,1220,1,in-flight meal not included,20,0,12,5,2019,"('kolkata', 'banglore')",10844
Jet Airways,delhi,cochin,610,1,in-flight meal not included,18,15,6,6,2019,"('delhi', 'cochin')",10262
Spicejet,chennai,kolkata,140,0,no info,17,45,15,3,2019,"('chennai', 'kolkata')",6300
Jet Airways,delhi,cochin,540,1,no info,10,0,6,6,2019,"('delhi', 'cochin')",14714
Jet Airways,banglore,new delhi,1280,1,no info,11,40,6,3,2019,"('banglore', 'new delhi')",17261
Indigo,chennai,kolkata,140,0,no info,13,15,1,5,2019,"('chennai', 'kolkata')",3597
Air India,delhi,cochin,735,1,no info,7,0,1,6,2019,"('delhi', 'cochin')",9929
Air India,mumbai,hyderabad,85,0,no info,15,0,21,6,2019,"('mumbai', 'hyderabad')",3100
Multiple Carriers,delhi,cochin,935,1,no info,10,0,3,3,2019,"('delhi', 'cochin')",16863
Indigo,delhi,cochin,810,1,no info,7,30,3,6,2019,"('delhi', 'cochin')",6093
Jet Airways,kolkata,banglore,1210,1,in-flight meal not included,13,55,24,3,2019,"('kolkata', 'banglore')",11134
Jet Airways,kolkata,banglore,585,1,no info,18,55,18,5,2019,"('kolkata', 'banglore')",13941
Spicejet,banglore,delhi,170,0,no info,9,30,3,5,2019,"('banglore', 'delhi')",4423
Air India,kolkata,banglore,805,2,no info,9,50,12,6,2019,"('kolkata', 'banglore')",14960
Jet Airways,delhi,cochin,1005,1,no info,2,15,9,5,2019,"('delhi', 'cochin')",15554
Multiple Carriers,delhi,cochin,795,1,no info,6,0,27,3,2019,"('delhi', 'cochin')",8371
Jet Airways,kolkata,banglore,705,1,in-flight meal not included,6,30,9,5,2019,"('kolkata', 'banglore')",10844
Jet Airways,delhi,cochin,1100,1,in-flight meal not included,18,15,27,5,2019,"('delhi', 'cochin')",12898
Jet Airways,delhi,cochin,1015,1,in-flight meal not included,11,30,21,5,2019,"('delhi', 'cochin')",12898
Air Asia,kolkata,banglore,155,0,no info,10,20,6,4,2019,"('kolkata', 'banglore')",3807
Indigo,kolkata,banglore,150,0,no info,15,15,12,4,2019,"('kolkata', 'banglore')",4174
Air India,banglore,new delhi,920,1,no info,22,0,15,3,2019,"('banglore', 'new delhi')",8845
Spicejet,chennai,kolkata,135,0,no info,8,20,24,5,2019,"('chennai', 'kolkata')",3597
Air Asia,kolkata,banglore,155,0,no info,10,20,1,6,2019,"('kolkata', 'banglore')",4409
Jet Airways,kolkata,banglore,1315,1,no info,14,5,6,5,2019,"('kolkata', 'banglore')",14388
Jet Airways,kolkata,banglore,840,1,no info,9,35,15,5,2019,"('kolkata', 'banglore')",14151
Jet Airways,delhi,cochin,885,1,no info,21,50,1,6,2019,"('delhi', 'cochin')",14714
Spicejet,kolkata,banglore,315,1,no info,15,5,1,5,2019,"('kolkata', 'banglore')",4649
Indigo,chennai,kolkata,140,0,no info,14,45,1,6,2019,"('chennai', 'kolkata')",3597
Air India,mumbai,hyderabad,80,0,no info,21,5,12,6,2019,"('mumbai', 'hyderabad')",3100
Spicejet,kolkata,banglore,145,0,no info,9,0,24,5,2019,"('kolkata', 'banglore')",3873
Indigo,delhi,cochin,895,1,no info,10,35,21,5,2019,"('delhi', 'cochin')",6794
Multiple Carriers,delhi,cochin,795,1,no info,6,0,27,5,2019,"('delhi', 'cochin')",10786
Indigo,delhi,cochin,195,0,no info,5,35,6,3,2019,"('delhi', 'cochin')",7673
Goair,delhi,cochin,460,1,no info,5,55,9,6,2019,"('delhi', 'cochin')",5199
Jet Airways,kolkata,banglore,450,1,no info,21,10,6,6,2019,"('kolkata', 'banglore')",13374
Indigo,delhi,cochin,275,1,no info,7,35,3,4,2019,"('delhi', 'cochin')",5073
Indigo,kolkata,banglore,165,0,no info,9,35,27,3,2019,"('kolkata', 'banglore')",4148
Multiple Carriers,delhi,cochin,750,1,no info,13,0,18,5,2019,"('delhi', 'cochin')",9385
Air India,delhi,cochin,1420,2,no info,9,45,27,3,2019,"('delhi', 'cochin')",7090
Spicejet,kolkata,banglore,435,1,no info,11,35,9,5,2019,"('kolkata', 'banglore')",8479
Jet Airways,delhi,cochin,540,1,in-flight meal not included,10,0,27,5,2019,"('delhi', 'cochin')",11924
Jet Airways,kolkata,banglore,800,1,in-flight meal not included,18,55,12,5,2019,"('kolkata', 'banglore')",9663
Jet Airways,banglore,new delhi,615,1,in-flight meal not included,8,55,21,3,2019,"('banglore', 'new delhi')",7832
Air India,delhi,cochin,700,1,no info,20,0,9,6,2019,"('delhi', 'cochin')",8372
Jet Airways,banglore,delhi,175,0,no info,15,15,12,4,2019,"('banglore', 'delhi')",7229
Multiple Carriers,delhi,cochin,520,1,no info,10,35,9,5,2019,"('delhi', 'cochin')",7575
Multiple Carriers,delhi,cochin,625,1,no info,8,25,3,3,2019,"('delhi', 'cochin')",15135
Air India,mumbai,hyderabad,90,0,no info,13,55,12,6,2019,"('mumbai', 'hyderabad')",3100
Jet Airways,banglore,new delhi,1420,1,in-flight meal not included,8,0,15,3,2019,"('banglore', 'new delhi')",9134
Multiple Carriers,delhi,cochin,920,1,no info,7,10,9,6,2019,"('delhi', 'cochin')",6513
Multiple Carriers,delhi,cochin,520,1,no info,10,20,9,6,2019,"('delhi', 'cochin')",11789
Air India,banglore,new delhi,1030,2,no info,6,45,3,3,2019,"('banglore', 'new delhi')",10573
Air India,delhi,cochin,1335,1,no info,21,0,9,6,2019,"('delhi', 'cochin')",8372
Multiple Carriers,delhi,cochin,590,1,no info,9,0,21,3,2019,"('delhi', 'cochin')",11667
Jet Airways,delhi,cochin,1485,1,no info,18,15,1,6,2019,"('delhi', 'cochin')",14714
Multiple Carriers,delhi,cochin,915,1,no info,10,20,6,3,2019,"('delhi', 'cochin')",15147
Indigo,delhi,cochin,895,1,no info,7,35,9,6,2019,"('delhi', 'cochin')",6442
Air Asia,delhi,cochin,865,1,no info,16,45,3,3,2019,"('delhi', 'cochin')",13474
Spicejet,chennai,kolkata,140,0,no info,17,45,27,5,2019,"('chennai', 'kolkata')",3597
Jet Airways,delhi,cochin,1145,1,in-flight meal not included,17,30,21,5,2019,"('delhi', 'cochin')",12898
Goair,banglore,delhi,165,0,no info,20,55,27,4,2019,"('banglore', 'delhi')",3898
Multiple Carriers,delhi,cochin,385,1,no info,12,50,9,4,2019,"('delhi', 'cochin')",6481
Air India,kolkata,banglore,955,2,no info,9,25,24,5,2019,"('kolkata', 'banglore')",12718
Air Asia,kolkata,banglore,150,0,no info,22,50,27,6,2019,"('kolkata', 'banglore')",3807
Air India,delhi,cochin,675,1,no info,8,0,6,3,2019,"('delhi', 'cochin')",15284
Jet Airways,kolkata,banglore,975,1,in-flight meal not included,19,45,24,3,2019,"('kolkata', 'banglore')",11134
Jet Airways,banglore,new delhi,1310,1,no info,11,40,1,3,2019,"('banglore', 'new delhi')",25735
Multiple Carriers,delhi,cochin,395,1,no info,19,0,9,3,2019,"('delhi', 'cochin')",13677
Jet Airways,kolkata,banglore,575,1,in-flight meal not included,9,35,12,6,2019,"('kolkata', 'banglore')",10539
Indigo,delhi,cochin,635,1,no info,11,55,3,6,2019,"('delhi', 'cochin')",6442
Jet Airways,delhi,cochin,520,1,in-flight meal not included,19,45,21,5,2019,"('delhi', 'cochin')",12898
Indigo,kolkata,banglore,165,0,no info,20,25,6,6,2019,"('kolkata', 'banglore')",4804
Indigo,delhi,cochin,305,1,no info,23,30,27,5,2019,"('delhi', 'cochin')",9476
Multiple Carriers,delhi,cochin,830,1,no info,11,40,27,5,2019,"('delhi', 'cochin')",6795
Vistara,kolkata,banglore,975,1,no info,7,10,12,5,2019,"('kolkata', 'banglore')",9345
Indigo,delhi,cochin,195,0,no info,14,20,3,4,2019,"('delhi', 'cochin')",4729
Air Asia,kolkata,banglore,155,0,no info,10,20,24,4,2019,"('kolkata', 'banglore')",4409
Jet Airways,kolkata,banglore,1235,1,in-flight meal not included,19,45,24,3,2019,"('kolkata', 'banglore')",10031
Spicejet,chennai,kolkata,140,0,no check-in baggage included,17,45,3,6,2019,"('chennai', 'kolkata')",3543
Jet Airways,delhi,cochin,1615,2,no info,9,40,1,5,2019,"('delhi', 'cochin')",15129
Jet Airways,delhi,cochin,1655,1,in-flight meal not included,9,0,15,6,2019,"('delhi', 'cochin')",10262
Vistara,mumbai,hyderabad,745,1,no info,7,30,12,3,2019,"('mumbai', 'hyderabad')",12080
Multiple Carriers,delhi,cochin,860,1,no info,4,55,9,5,2019,"('delhi', 'cochin')",7575
Jet Airways,kolkata,banglore,365,1,no info,16,30,21,5,2019,"('kolkata', 'banglore')",14781
Multiple Carriers,delhi,cochin,930,1,no info,10,0,12,6,2019,"('delhi', 'cochin')",7198
Air India,delhi,cochin,1305,2,no info,21,30,6,3,2019,"('delhi', 'cochin')",11552
Jet Airways,mumbai,hyderabad,1610,1,no info,14,0,6,3,2019,"('mumbai', 'hyderabad')",19595
Spicejet,banglore,delhi,170,0,no check-in baggage included,9,30,12,4,2019,"('banglore', 'delhi')",4885
Indigo,delhi,cochin,320,1,no info,6,40,27,3,2019,"('delhi', 'cochin')",5298
Jet Airways,kolkata,banglore,1090,1,in-flight meal not included,14,5,9,5,2019,"('kolkata', 'banglore')",7757
Air India,mumbai,hyderabad,545,2,no info,10,5,12,3,2019,"('mumbai', 'hyderabad')",9736
Jet Airways,delhi,cochin,1025,2,in-flight meal not included,19,30,15,6,2019,"('delhi', 'cochin')",10368
Multiple Carriers,delhi,cochin,690,1,no info,7,30,27,5,2019,"('delhi', 'cochin')",9315
Vistara,banglore,delhi,170,0,no info,11,30,18,6,2019,"('banglore', 'delhi')",4668
Indigo,delhi,cochin,480,1,no info,17,30,21,5,2019,"('delhi', 'cochin')",6794
Multiple Carriers,delhi,cochin,520,1,no info,10,35,27,6,2019,"('delhi', 'cochin')",7155
Jet Airways,kolkata,banglore,960,1,in-flight meal not included,20,0,9,5,2019,"('kolkata', 'banglore')",9663
Indigo,kolkata,banglore,155,0,no info,17,15,15,5,2019,"('kolkata', 'banglore')",4804
Jet Airways,kolkata,banglore,1075,1,no info,17,0,6,6,2019,"('kolkata', 'banglore')",12692
Jet Airways,delhi,cochin,1125,2,in-flight meal not included,9,40,12,6,2019,"('delhi', 'cochin')",10368
Air Asia,kolkata,banglore,220,1,no info,6,50,1,4,2019,"('kolkata', 'banglore')",5162
Jet Airways,delhi,cochin,810,2,in-flight meal not included,5,30,27,5,2019,"('delhi', 'cochin')",13029
Indigo,kolkata,banglore,165,0,no info,20,25,18,6,2019,"('kolkata', 'banglore')",4804
Spicejet,mumbai,hyderabad,80,0,no info,5,45,27,3,2019,"('mumbai', 'hyderabad')",1759
Air India,kolkata,banglore,1385,2,no info,9,50,24,5,2019,"('kolkata', 'banglore')",15170
Jet Airways,delhi,cochin,620,1,no info,2,15,9,5,2019,"('delhi', 'cochin')",15851
Air India,delhi,cochin,1210,2,no info,13,15,1,6,2019,"('delhi', 'cochin')",10467
Multiple Carriers,delhi,cochin,455,1,no info,11,25,1,6,2019,"('delhi', 'cochin')",11200
Indigo,banglore,delhi,170,0,no info,22,10,18,5,2019,"('banglore', 'delhi')",3943
Indigo,banglore,delhi,180,0,no info,21,15,24,5,2019,"('banglore', 'delhi')",3943
Jet Airways,delhi,cochin,1295,2,no info,21,25,3,6,2019,"('delhi', 'cochin')",13292
Indigo,kolkata,banglore,155,0,no info,15,10,27,3,2019,"('kolkata', 'banglore')",4148
Jet Airways,kolkata,banglore,800,1,in-flight meal not included,18,55,9,5,2019,"('kolkata', 'banglore')",8586
Jet Airways,mumbai,hyderabad,85,0,no info,2,55,6,5,2019,"('mumbai', 'hyderabad')",5678
Jet Airways,kolkata,banglore,735,1,in-flight meal not included,20,0,6,6,2019,"('kolkata', 'banglore')",10844
Jet Airways,kolkata,banglore,960,1,in-flight meal not included,20,0,6,6,2019,"('kolkata', 'banglore')",10844
Jet Airways,kolkata,banglore,1520,1,no info,9,35,12,5,2019,"('kolkata', 'banglore')",14151
Multiple Carriers,delhi,cochin,465,1,no info,11,30,18,5,2019,"('delhi', 'cochin')",14533
Air India,banglore,new delhi,700,1,no info,11,5,1,3,2019,"('banglore', 'new delhi')",14069
Air India,delhi,cochin,1600,2,no info,5,0,9,5,2019,"('delhi', 'cochin')",11281
Jet Airways,banglore,new delhi,1110,1,in-flight meal not included,16,55,21,3,2019,"('banglore', 'new delhi')",7832
Spicejet,mumbai,hyderabad,90,0,no info,5,45,1,5,2019,"('mumbai', 'hyderabad')",2017
Jet Airways,banglore,new delhi,840,1,no info,21,25,6,3,2019,"('banglore', 'new delhi')",17261
Indigo,delhi,cochin,195,0,no info,14,25,27,5,2019,"('delhi', 'cochin')",6015
Vistara,banglore,delhi,165,0,no info,19,30,1,4,2019,"('banglore', 'delhi')",5613
Jet Airways,banglore,delhi,175,0,no info,11,10,21,6,2019,"('banglore', 'delhi')",8016
Air India,kolkata,banglore,1830,3,no info,16,45,1,4,2019,"('kolkata', 'banglore')",8607
Vistara,banglore,delhi,160,0,no info,7,0,27,6,2019,"('banglore', 'delhi')",4668
Jet Airways,delhi,cochin,1375,2,no info,5,30,9,4,2019,"('delhi', 'cochin')",10909
Jet Airways,kolkata,banglore,590,1,in-flight meal not included,8,25,6,5,2019,"('kolkata', 'banglore')",10844
Vistara,kolkata,banglore,385,1,no info,17,0,9,5,2019,"('kolkata', 'banglore')",8085
Air India,kolkata,banglore,1700,1,no info,16,45,9,6,2019,"('kolkata', 'banglore')",7662
Indigo,banglore,delhi,165,0,no info,6,5,12,6,2019,"('banglore', 'delhi')",3943
Air India,mumbai,hyderabad,150,2,no info,17,20,6,3,2019,"('mumbai', 'hyderabad')",11972
Spicejet,banglore,delhi,175,0,no info,21,10,3,6,2019,"('banglore', 'delhi')",3311
Jet Airways,delhi,cochin,830,2,in-flight meal not included,14,35,15,6,2019,"('delhi', 'cochin')",10919
Jet Airways,kolkata,banglore,845,1,no info,20,0,9,5,2019,"('kolkata', 'banglore')",13584
Jet Airways,delhi,cochin,925,1,in-flight meal not included,13,0,27,3,2019,"('delhi', 'cochin')",6960
Indigo,delhi,cochin,570,1,no info,16,0,15,5,2019,"('delhi', 'cochin')",7923
Multiple Carriers,delhi,cochin,465,1,no info,11,30,27,6,2019,"('delhi', 'cochin')",14848
Spicejet,chennai,kolkata,135,0,no check-in baggage included,9,45,12,5,2019,"('chennai', 'kolkata')",3543
Jet Airways,kolkata,banglore,510,1,in-flight meal not included,14,5,18,5,2019,"('kolkata', 'banglore')",10844
Indigo,delhi,cochin,985,2,no info,4,55,27,3,2019,"('delhi', 'cochin')",6223
Jet Airways,delhi,cochin,870,1,in-flight meal not included,13,55,6,3,2019,"('delhi', 'cochin')",13843
Air India,kolkata,banglore,1620,2,no info,7,0,1,4,2019,"('kolkata', 'banglore')",9836
Jet Airways,delhi,cochin,1045,2,in-flight meal not included,19,10,27,6,2019,"('delhi', 'cochin')",11150
Multiple Carriers,delhi,cochin,640,1,no info,10,20,6,6,2019,"('delhi', 'cochin')",7005
Air India,delhi,cochin,1210,2,no info,13,15,6,6,2019,"('delhi', 'cochin')",10939
Jet Airways,kolkata,banglore,1495,1,no info,18,55,1,4,2019,"('kolkata', 'banglore')",12681
Jet Airways,kolkata,banglore,450,1,in-flight meal not included,21,10,9,5,2019,"('kolkata', 'banglore')",9663
Jet Airways,delhi,cochin,1295,1,in-flight meal not included,15,0,9,5,2019,"('delhi', 'cochin')",12373
Multiple Carriers,delhi,cochin,665,1,no info,2,15,27,3,2019,"('delhi', 'cochin')",12327
Indigo,delhi,cochin,325,1,no info,2,0,3,6,2019,"('delhi', 'cochin')",5636
Jet Airways,delhi,cochin,1130,2,in-flight meal not included,9,35,15,6,2019,"('delhi', 'cochin')",11507
Indigo,kolkata,banglore,150,0,no info,15,15,12,5,2019,"('kolkata', 'banglore')",4804
Multiple Carriers,delhi,cochin,690,1,no info,7,30,6,5,2019,"('delhi', 'cochin')",10529
Indigo,chennai,kolkata,140,0,no info,22,5,6,5,2019,"('chennai', 'kolkata')",5277
Indigo,banglore,new delhi,165,0,no info,0,40,24,3,2019,"('banglore', 'new delhi')",4777
Goair,banglore,new delhi,175,0,no info,7,45,24,3,2019,"('banglore', 'new delhi')",5048
Indigo,delhi,cochin,355,1,no info,7,45,27,3,2019,"('delhi', 'cochin')",4832
Air Asia,banglore,new delhi,170,0,no info,5,50,9,3,2019,"('banglore', 'new delhi')",4284
Indigo,banglore,delhi,175,0,no info,0,30,1,4,2019,"('banglore', 'delhi')",4423
Spicejet,kolkata,banglore,150,0,no info,17,15,3,3,2019,"('kolkata', 'banglore')",6251
Vistara,banglore,delhi,170,0,no info,21,0,18,5,2019,"('banglore', 'delhi')",4668
Spicejet,chennai,kolkata,135,0,no check-in baggage included,9,45,21,6,2019,"('chennai', 'kolkata')",3543
Jet Airways,delhi,cochin,1655,1,in-flight meal not included,9,0,21,5,2019,"('delhi', 'cochin')",12898
Vistara,banglore,delhi,160,0,no info,7,0,15,5,2019,"('banglore', 'delhi')",4668
Jet Airways,delhi,cochin,1485,1,in-flight meal not included,18,15,6,6,2019,"('delhi', 'cochin')",10262
Air Asia,kolkata,banglore,155,0,no info,10,20,9,6,2019,"('kolkata', 'banglore')",5645
Indigo,delhi,cochin,835,1,no info,8,35,27,5,2019,"('delhi', 'cochin')",6442
Spicejet,banglore,delhi,175,0,no info,21,10,18,4,2019,"('banglore', 'delhi')",5621
Jet Airways,delhi,cochin,2245,2,no info,5,25,21,3,2019,"('delhi', 'cochin')",12814
Jet Airways,kolkata,banglore,570,1,no info,14,5,9,5,2019,"('kolkata', 'banglore')",14781
Jet Airways,kolkata,banglore,435,1,no info,10,20,12,6,2019,"('kolkata', 'banglore')",8355
Jet Airways,kolkata,banglore,1170,1,in-flight meal not included,16,30,24,5,2019,"('kolkata', 'banglore')",10844
Indigo,banglore,new delhi,170,0,no info,13,0,3,3,2019,"('banglore', 'new delhi')",7648
Jet Airways,delhi,cochin,1165,1,in-flight meal not included,9,0,24,6,2019,"('delhi', 'cochin')",10262
Indigo,banglore,delhi,170,0,no info,4,0,15,4,2019,"('banglore', 'delhi')",4423
Indigo,chennai,kolkata,140,0,no info,7,55,12,3,2019,"('chennai', 'kolkata')",6297
Indigo,banglore,new delhi,165,0,no info,1,30,9,3,2019,"('banglore', 'new delhi')",4545
Jet Airways,kolkata,banglore,590,1,no info,8,25,6,5,2019,"('kolkata', 'banglore')",14781
Spicejet,banglore,delhi,175,0,no check-in baggage included,21,10,18,5,2019,"('banglore', 'delhi')",3919
Jet Airways,delhi,cochin,440,2,no info,11,40,24,6,2019,"('delhi', 'cochin')",18804
Jet Airways,kolkata,banglore,510,1,no info,14,5,24,5,2019,"('kolkata', 'banglore')",14571
Jet Airways,mumbai,hyderabad,90,0,in-flight meal not included,19,35,24,5,2019,"('mumbai', 'hyderabad')",3210
Indigo,chennai,kolkata,145,0,no info,11,35,21,6,2019,"('chennai', 'kolkata')",3858
Jet Airways,banglore,delhi,180,0,in-flight meal not included,7,10,6,6,2019,"('banglore', 'delhi')",6478
Multiple Carriers,delhi,cochin,510,1,no info,17,0,1,6,2019,"('delhi', 'cochin')",7408
Jet Airways,delhi,cochin,1425,1,in-flight meal not included,19,15,9,5,2019,"('delhi', 'cochin')",12373
Multiple Carriers,delhi,cochin,585,1,no info,9,15,12,6,2019,"('delhi', 'cochin')",11622
Spicejet,kolkata,banglore,145,0,no info,9,0,9,5,2019,"('kolkata', 'banglore')",3873
Spicejet,chennai,kolkata,155,0,no info,9,30,24,3,2019,"('chennai', 'kolkata')",3859
Multiple Carriers,delhi,cochin,470,1,no info,11,25,21,5,2019,"('delhi', 'cochin')",7575
Spicejet,kolkata,banglore,155,0,no check-in baggage included,6,55,3,6,2019,"('kolkata', 'banglore')",3841
Multiple Carriers,delhi,cochin,545,1,no info,7,5,1,6,2019,"('delhi', 'cochin')",9646
Goair,kolkata,banglore,455,1,no info,16,40,18,5,2019,"('kolkata', 'banglore')",10586
Jet Airways,kolkata,banglore,395,1,no info,17,0,15,5,2019,"('kolkata', 'banglore')",14151
Indigo,banglore,delhi,175,0,no info,18,55,24,4,2019,"('banglore', 'delhi')",4823
Jet Airways,delhi,cochin,1485,1,in-flight meal not included,18,15,27,6,2019,"('delhi', 'cochin')",10262
Spicejet,delhi,cochin,270,1,no check-in baggage included,8,45,3,6,2019,"('delhi', 'cochin')",5726
Spicejet,delhi,cochin,315,1,no info,6,5,3,6,2019,"('delhi', 'cochin')",5583
Indigo,kolkata,banglore,220,1,no info,19,35,24,4,2019,"('kolkata', 'banglore')",4226
Indigo,delhi,cochin,625,1,no info,10,35,9,6,2019,"('delhi', 'cochin')",6314
Air India,kolkata,banglore,1440,1,no info,14,35,12,5,2019,"('kolkata', 'banglore')",6528
Goair,delhi,cochin,310,1,no info,14,10,27,3,2019,"('delhi', 'cochin')",10188
Air India,mumbai,hyderabad,80,0,no info,6,20,18,3,2019,"('mumbai', 'hyderabad')",3100
Indigo,delhi,cochin,630,1,no info,15,0,21,5,2019,"('delhi', 'cochin')",6896
Indigo,banglore,new delhi,170,0,no info,13,0,21,3,2019,"('banglore', 'new delhi')",5694
Air India,kolkata,banglore,1435,1,no info,20,30,6,5,2019,"('kolkata', 'banglore')",10203
Jet Airways,kolkata,banglore,1150,1,in-flight meal not included,21,10,15,5,2019,"('kolkata', 'banglore')",10844
Indigo,kolkata,banglore,155,0,no info,9,35,6,6,2019,"('kolkata', 'banglore')",4804
Spicejet,kolkata,banglore,435,1,no info,11,15,1,5,2019,"('kolkata', 'banglore')",8844
Air India,delhi,cochin,1420,1,no info,9,45,24,5,2019,"('delhi', 'cochin')",7480
Indigo,delhi,cochin,300,1,no info,16,0,27,5,2019,"('delhi', 'cochin')",5054
Jet Airways,banglore,new delhi,625,1,in-flight meal not included,8,0,15,3,2019,"('banglore', 'new delhi')",9134
Indigo,delhi,cochin,195,0,no info,5,35,12,5,2019,"('delhi', 'cochin')",6015
Air India,chennai,kolkata,135,0,no info,11,40,9,3,2019,"('chennai', 'kolkata')",7817
Air India,kolkata,banglore,965,1,no info,19,0,18,5,2019,"('kolkata', 'banglore')",6327
Jet Airways,banglore,delhi,165,0,in-flight meal not included,6,0,1,5,2019,"('banglore', 'delhi')",4030
Jet Airways,mumbai,hyderabad,90,0,in-flight meal not included,19,35,1,6,2019,"('mumbai', 'hyderabad')",3210
Spicejet,kolkata,banglore,435,1,no info,11,35,12,6,2019,"('kolkata', 'banglore')",8479
Jet Airways,delhi,cochin,1010,1,in-flight meal not included,19,45,1,6,2019,"('delhi', 'cochin')",10262
Indigo,chennai,kolkata,140,0,no info,22,5,18,6,2019,"('chennai', 'kolkata')",5277
Air India,delhi,cochin,1470,2,no info,18,45,9,5,2019,"('delhi', 'cochin')",11942
Jet Airways,delhi,cochin,1165,1,in-flight meal not included,9,0,1,6,2019,"('delhi', 'cochin')",10262
Vistara,kolkata,banglore,700,1,no info,7,10,12,6,2019,"('kolkata', 'banglore')",8610
Spicejet,kolkata,banglore,150,0,no check-in baggage included,17,10,27,5,2019,"('kolkata', 'banglore')",3841
Air India,delhi,cochin,965,1,no info,17,20,3,3,2019,"('delhi', 'cochin')",16352
Indigo,kolkata,banglore,165,0,no info,9,35,12,6,2019,"('kolkata', 'banglore')",4804
Air India,mumbai,hyderabad,205,2,no info,13,30,6,3,2019,"('mumbai', 'hyderabad')",18797
Air India,banglore,new delhi,370,1,no info,17,0,1,3,2019,"('banglore', 'new delhi')",11628
Jet Airways,banglore,delhi,175,0,no info,15,15,24,4,2019,"('banglore', 'delhi')",7229
Jet Airways,mumbai,hyderabad,85,0,in-flight meal not included,2,55,24,5,2019,"('mumbai', 'hyderabad')",4995
Jet Airways,banglore,new delhi,805,1,in-flight meal not included,22,50,24,3,2019,"('banglore', 'new delhi')",7832
Jet Airways,kolkata,banglore,690,1,in-flight meal not included,9,35,9,5,2019,"('kolkata', 'banglore')",12384
Goair,banglore,delhi,170,0,no info,11,40,24,6,2019,"('banglore', 'delhi')",3898
Indigo,banglore,delhi,180,0,no info,21,15,27,6,2019,"('banglore', 'delhi')",3943
Jet Airways,delhi,cochin,300,1,in-flight meal not included,14,0,27,6,2019,"('delhi', 'cochin')",10262
Jet Airways,delhi,cochin,1015,1,in-flight meal not included,11,30,9,5,2019,"('delhi', 'cochin')",12373
Jet Airways,delhi,cochin,450,1,in-flight meal not included,11,30,6,4,2019,"('delhi', 'cochin')",5177
Indigo,delhi,cochin,835,1,no info,8,35,15,6,2019,"('delhi', 'cochin')",6442
Air India,kolkata,banglore,905,1,no info,16,50,1,4,2019,"('kolkata', 'banglore')",7893
Jet Airways,delhi,cochin,535,2,no info,19,30,18,5,2019,"('delhi', 'cochin')",15129
Air India,kolkata,banglore,590,2,no info,12,0,6,5,2019,"('kolkata', 'banglore')",10151
Jet Airways,kolkata,banglore,1215,1,in-flight meal not included,8,25,1,5,2019,"('kolkata', 'banglore')",8586
Vistara,banglore,delhi,160,0,no info,7,0,18,6,2019,"('banglore', 'delhi')",4668
Jet Airways,kolkata,banglore,800,1,no info,18,55,18,5,2019,"('kolkata', 'banglore')",13584
Jet Airways,delhi,cochin,1320,2,no info,14,35,15,6,2019,"('delhi', 'cochin')",13376
Indigo,delhi,cochin,625,1,no info,10,35,24,6,2019,"('delhi', 'cochin')",5894
Jet Airways,banglore,delhi,165,0,no info,6,0,21,6,2019,"('banglore', 'delhi')",8016
Spicejet,kolkata,banglore,435,1,no info,11,35,1,5,2019,"('kolkata', 'banglore')",8479
Spicejet,mumbai,hyderabad,90,0,no check-in baggage included,22,45,9,5,2019,"('mumbai', 'hyderabad')",1965
Indigo,banglore,delhi,165,0,no info,6,5,21,6,2019,"('banglore', 'delhi')",3943
Spicejet,kolkata,banglore,435,1,no info,11,35,6,5,2019,"('kolkata', 'banglore')",8479
Jet Airways,kolkata,banglore,845,1,no info,20,0,6,5,2019,"('kolkata', 'banglore')",14388
Jet Airways,banglore,delhi,185,0,in-flight meal not included,18,55,12,5,2019,"('banglore', 'delhi')",4030
Indigo,delhi,cochin,195,0,no info,14,25,3,6,2019,"('delhi', 'cochin')",6015
Goair,banglore,new delhi,175,0,no info,11,40,9,3,2019,"('banglore', 'new delhi')",7305
Indigo,kolkata,banglore,165,0,no info,9,35,18,4,2019,"('kolkata', 'banglore')",5644
Multiple Carriers,delhi,cochin,835,1,no info,7,5,15,6,2019,"('delhi', 'cochin')",13587
Air India,kolkata,banglore,1390,2,no info,12,0,6,5,2019,"('kolkata', 'banglore')",10676
Indigo,chennai,kolkata,140,0,no info,14,45,12,5,2019,"('chennai', 'kolkata')",3858
Indigo,mumbai,hyderabad,90,0,no info,2,35,27,6,2019,"('mumbai', 'hyderabad')",2754
Indigo,delhi,cochin,300,1,no info,5,5,21,3,2019,"('delhi', 'cochin')",6893
Goair,banglore,delhi,175,0,no info,7,45,18,6,2019,"('banglore', 'delhi')",3419
Jet Airways,delhi,cochin,1395,1,in-flight meal not included,19,45,27,6,2019,"('delhi', 'cochin')",10262
Multiple Carriers,delhi,cochin,510,1,no info,17,0,9,6,2019,"('delhi', 'cochin')",7408
Multiple Carriers,delhi,cochin,435,1,no info,18,15,15,5,2019,"('delhi', 'cochin')",13727
Jet Airways,delhi,cochin,600,2,no info,18,25,9,6,2019,"('delhi', 'cochin')",14237
Vistara,mumbai,hyderabad,745,1,no info,7,30,6,3,2019,"('mumbai', 'hyderabad')",12395
Air Asia,kolkata,banglore,955,1,no info,7,35,15,4,2019,"('kolkata', 'banglore')",5192
Air India,delhi,cochin,1180,2,no info,12,0,1,6,2019,"('delhi', 'cochin')",10966
Indigo,kolkata,banglore,155,0,no info,20,20,27,5,2019,"('kolkata', 'banglore')",4804
Multiple Carriers,delhi,cochin,510,1,no info,17,0,18,5,2019,"('delhi', 'cochin')",8283
Indigo,banglore,new delhi,175,0,no info,21,20,1,3,2019,"('banglore', 'new delhi')",12649
Multiple Carriers,delhi,cochin,390,1,no info,19,0,24,6,2019,"('delhi', 'cochin')",6795
Air Asia,kolkata,banglore,155,0,no info,10,20,6,6,2019,"('kolkata', 'banglore')",4508
Goair,delhi,cochin,440,1,no info,6,0,6,3,2019,"('delhi', 'cochin')",6393
Jet Airways,delhi,cochin,1415,1,no info,19,15,9,3,2019,"('delhi', 'cochin')",16289
Jet Airways,banglore,delhi,165,0,no info,6,0,24,5,2019,"('banglore', 'delhi')",7229
Multiple Carriers,delhi,cochin,565,3,no info,11,35,12,6,2019,"('delhi', 'cochin')",15629
Jet Airways,delhi,cochin,1280,1,in-flight meal not included,7,5,9,5,2019,"('delhi', 'cochin')",12373
Goair,kolkata,banglore,455,1,no info,16,40,24,5,2019,"('kolkata', 'banglore')",8855
Vistara,banglore,delhi,165,0,no info,19,30,12,6,2019,"('banglore', 'delhi')",4878
Spicejet,delhi,cochin,270,1,no check-in baggage included,8,45,21,5,2019,"('delhi', 'cochin')",5158
Indigo,delhi,cochin,195,0,no info,5,35,18,4,2019,"('delhi', 'cochin')",6015
Jet Airways,delhi,cochin,425,2,no info,5,30,27,5,2019,"('delhi', 'cochin')",16274
Spicejet,banglore,new delhi,485,1,no info,15,35,15,3,2019,"('banglore', 'new delhi')",5822
Jet Airways,kolkata,banglore,1730,1,in-flight meal not included,9,35,24,5,2019,"('kolkata', 'banglore')",10703
Indigo,banglore,delhi,170,0,no info,23,30,9,6,2019,"('banglore', 'delhi')",4591
Multiple Carriers,delhi,cochin,460,1,no info,4,55,27,6,2019,"('delhi', 'cochin')",10678
Jet Airways,kolkata,banglore,1025,1,no info,18,55,9,6,2019,"('kolkata', 'banglore')",14571
Indigo,delhi,cochin,425,1,no info,5,5,15,4,2019,"('delhi', 'cochin')",6287
Goair,delhi,cochin,540,1,no info,10,35,27,6,2019,"('delhi', 'cochin')",3948
Jet Airways,banglore,delhi,180,0,no info,7,10,9,4,2019,"('banglore', 'delhi')",7229
Air India,delhi,cochin,180,0,no info,14,10,15,5,2019,"('delhi', 'cochin')",6094
Jet Airways,mumbai,hyderabad,90,0,no info,19,35,27,3,2019,"('mumbai', 'hyderabad')",5678
Jet Airways,delhi,cochin,620,1,in-flight meal not included,2,15,27,5,2019,"('delhi', 'cochin')",10152
Spicejet,kolkata,banglore,140,0,no info,22,20,1,6,2019,"('kolkata', 'banglore')",3873
Air India,kolkata,banglore,2480,2,no info,5,55,24,3,2019,"('kolkata', 'banglore')",13990
Air India,kolkata,banglore,745,1,no info,9,25,6,6,2019,"('kolkata', 'banglore')",8366
Indigo,mumbai,hyderabad,85,0,no info,21,20,6,3,2019,"('mumbai', 'hyderabad')",4784
Air India,delhi,cochin,1590,1,no info,20,30,21,3,2019,"('delhi', 'cochin')",5704
Multiple Carriers,delhi,cochin,830,1,no info,11,40,21,5,2019,"('delhi', 'cochin')",7485
Jet Airways,kolkata,banglore,1430,1,no info,16,30,1,4,2019,"('kolkata', 'banglore')",12681
Multiple Carriers,delhi,cochin,495,2,no info,13,5,3,3,2019,"('delhi', 'cochin')",11966
Indigo,delhi,cochin,405,1,no info,4,45,3,3,2019,"('delhi', 'cochin')",14871
Multiple Carriers,delhi,cochin,520,1,no info,10,20,27,6,2019,"('delhi', 'cochin')",11264
Jet Airways,banglore,new delhi,1170,1,in-flight meal not included,22,55,12,3,2019,"('banglore', 'new delhi')",11087
Air India,kolkata,banglore,1830,2,no info,16,45,1,4,2019,"('kolkata', 'banglore')",9237
Air Asia,kolkata,banglore,155,0,no info,10,20,21,6,2019,"('kolkata', 'banglore')",3807
Spicejet,banglore,delhi,160,0,no info,5,55,15,6,2019,"('banglore', 'delhi')",4423
Jet Airways,mumbai,hyderabad,90,0,no info,19,40,9,3,2019,"('mumbai', 'hyderabad')",5678
Air India,kolkata,banglore,1845,2,no info,7,0,24,3,2019,"('kolkata', 'banglore')",12829
Air India,kolkata,banglore,745,1,no info,9,25,21,5,2019,"('kolkata', 'banglore')",8366
Multiple Carriers,delhi,cochin,615,1,no info,9,0,27,5,2019,"('delhi', 'cochin')",15898
Jet Airways,banglore,new delhi,565,1,in-flight meal not included,22,50,18,3,2019,"('banglore', 'new delhi')",11087
Jet Airways,kolkata,banglore,1495,1,in-flight meal not included,18,55,1,4,2019,"('kolkata', 'banglore')",7064
Jet Airways,delhi,cochin,535,2,no info,19,30,21,5,2019,"('delhi', 'cochin')",15129
Indigo,delhi,cochin,750,1,no info,8,30,3,6,2019,"('delhi', 'cochin')",6416
Multiple Carriers,delhi,cochin,390,1,no info,19,0,6,5,2019,"('delhi', 'cochin')",8073
Air India,delhi,cochin,2280,3,no info,5,15,9,5,2019,"('delhi', 'cochin')",10703
Jet Airways,mumbai,hyderabad,85,0,in-flight meal not included,7,5,12,5,2019,"('mumbai', 'hyderabad')",4050
Indigo,delhi,cochin,845,1,no info,11,25,1,6,2019,"('delhi', 'cochin')",6206
Indigo,banglore,delhi,170,0,no info,20,0,15,5,2019,"('banglore', 'delhi')",4823
Spicejet,kolkata,banglore,145,0,no info,9,0,27,4,2019,"('kolkata', 'banglore')",4174
Jet Airways,delhi,cochin,1000,2,no info,11,45,9,6,2019,"('delhi', 'cochin')",13882
Jet Airways,kolkata,banglore,1540,1,no info,20,25,9,6,2019,"('kolkata', 'banglore')",12692
Indigo,kolkata,banglore,155,0,no info,22,15,18,6,2019,"('kolkata', 'banglore')",4804
Air India,banglore,delhi,170,0,no info,21,5,3,5,2019,"('banglore', 'delhi')",6121
Jet Airways,mumbai,hyderabad,90,0,in-flight meal not included,15,50,24,3,2019,"('mumbai', 'hyderabad')",2228
Indigo,delhi,cochin,195,0,no info,21,5,15,5,2019,"('delhi', 'cochin')",6834
Jet Airways,delhi,cochin,1615,2,no info,9,40,12,6,2019,"('delhi', 'cochin')",13014
Jet Airways,banglore,new delhi,1420,1,no info,8,0,18,3,2019,"('banglore', 'new delhi')",12284
Air India,kolkata,banglore,1700,1,no info,16,45,15,5,2019,"('kolkata', 'banglore')",7452
Indigo,mumbai,hyderabad,90,0,no info,19,5,9,6,2019,"('mumbai', 'hyderabad')",2754
Jet Airways,kolkata,banglore,520,1,in-flight meal not included,20,0,21,5,2019,"('kolkata', 'banglore')",10844
Indigo,kolkata,banglore,150,0,no info,15,15,27,5,2019,"('kolkata', 'banglore')",4804
Jet Airways,delhi,cochin,450,1,no info,20,55,18,5,2019,"('delhi', 'cochin')",15554
Jet Airways,delhi,cochin,1615,2,no info,9,40,27,6,2019,"('delhi', 'cochin')",13014
Jet Airways,kolkata,banglore,775,1,no info,21,10,9,6,2019,"('kolkata', 'banglore')",14939
Multiple Carriers,delhi,cochin,490,1,no info,12,50,1,6,2019,"('delhi', 'cochin')",7005
Jet Airways,delhi,cochin,2070,2,no info,17,55,6,3,2019,"('delhi', 'cochin')",17072
Jet Airways,delhi,cochin,450,1,in-flight meal not included,11,30,27,6,2019,"('delhi', 'cochin')",10262
Air India,delhi,cochin,800,2,no info,5,55,9,5,2019,"('delhi', 'cochin')",10861
Indigo,delhi,cochin,295,1,no info,5,10,15,6,2019,"('delhi', 'cochin')",7010
Indigo,banglore,delhi,180,0,no info,16,55,12,6,2019,"('banglore', 'delhi')",4823
Jet Airways,banglore,delhi,175,0,in-flight meal not included,11,10,15,5,2019,"('banglore', 'delhi')",4030
Multiple Carriers,delhi,cochin,600,1,no info,9,0,21,5,2019,"('delhi', 'cochin')",10197
Air India,delhi,cochin,1275,2,no info,22,0,3,6,2019,"('delhi', 'cochin')",10231
Vistara,banglore,delhi,155,0,no info,17,0,15,6,2019,"('banglore', 'delhi')",4878
Jet Airways,delhi,cochin,715,1,in-flight meal not included,7,5,21,5,2019,"('delhi', 'cochin')",12239
Jet Airways,banglore,new delhi,750,1,in-flight meal not included,22,55,12,3,2019,"('banglore', 'new delhi')",11087
Indigo,kolkata,banglore,290,1,no info,8,10,9,5,2019,"('kolkata', 'banglore')",5069
Jet Airways,kolkata,banglore,520,1,in-flight meal not included,20,0,6,5,2019,"('kolkata', 'banglore')",9663
Indigo,chennai,kolkata,140,0,no info,5,15,21,3,2019,"('chennai', 'kolkata')",4326
Air Asia,delhi,cochin,470,1,no info,7,55,27,5,2019,"('delhi', 'cochin')",6451
Jet Airways,kolkata,banglore,665,1,in-flight meal not included,21,10,1,5,2019,"('kolkata', 'banglore')",10844
Goair,kolkata,banglore,455,1,no info,16,40,15,5,2019,"('kolkata', 'banglore')",7831
Air India,kolkata,banglore,930,1,no info,20,30,1,4,2019,"('kolkata', 'banglore')",7893
Indigo,delhi,cochin,570,1,no info,6,40,21,3,2019,"('delhi', 'cochin')",6558
Jet Airways,delhi,cochin,650,1,in-flight meal not included,8,0,21,3,2019,"('delhi', 'cochin')",6540
Jet Airways,banglore,delhi,185,0,no info,18,55,6,6,2019,"('banglore', 'delhi')",8016
Multiple Carriers,delhi,cochin,505,1,no info,10,35,3,6,2019,"('delhi', 'cochin')",10877
Jet Airways,kolkata,banglore,1570,1,no info,17,0,6,5,2019,"('kolkata', 'banglore')",13067
Air India,delhi,cochin,675,1,no info,8,0,3,3,2019,"('delhi', 'cochin')",15197
Air India,delhi,cochin,795,1,no info,9,45,6,6,2019,"('delhi', 'cochin')",8907
Jet Airways,delhi,cochin,1110,1,in-flight meal not included,9,55,27,3,2019,"('delhi', 'cochin')",6540
Indigo,banglore,delhi,170,0,no info,8,30,6,6,2019,"('banglore', 'delhi')",4823
Indigo,mumbai,hyderabad,90,0,no info,9,10,12,6,2019,"('mumbai', 'hyderabad')",4049
Air India,kolkata,banglore,1105,2,no info,14,30,21,5,2019,"('kolkata', 'banglore')",15107
Jet Airways,kolkata,banglore,800,1,no info,20,0,1,5,2019,"('kolkata', 'banglore')",14388
Multiple Carriers,delhi,cochin,455,1,no info,14,55,27,5,2019,"('delhi', 'cochin')",7038
Multiple Carriers,delhi,cochin,630,1,no info,15,0,15,5,2019,"('delhi', 'cochin')",13727
Jet Airways,kolkata,banglore,1495,1,in-flight meal not included,8,25,1,4,2019,"('kolkata', 'banglore')",7064
Jet Airways,kolkata,banglore,775,1,no info,21,10,24,3,2019,"('kolkata', 'banglore')",14914
Spicejet,kolkata,banglore,155,0,no check-in baggage included,6,55,3,5,2019,"('kolkata', 'banglore')",3841
Air India,banglore,new delhi,700,1,no info,11,5,3,3,2019,"('banglore', 'new delhi')",11444
Jet Airways,kolkata,banglore,1055,1,in-flight meal not included,16,30,12,6,2019,"('kolkata', 'banglore')",8529
Vistara,kolkata,banglore,790,1,no info,7,10,15,5,2019,"('kolkata', 'banglore')",8610
Indigo,banglore,delhi,170,0,no info,5,30,9,4,2019,"('banglore', 'delhi')",3943
Jet Airways,banglore,delhi,175,0,no info,15,15,12,6,2019,"('banglore', 'delhi')",8016
Jet Airways,kolkata,banglore,865,1,no info,18,55,12,5,2019,"('kolkata', 'banglore')",14388
Spicejet,delhi,cochin,380,1,no info,15,45,6,6,2019,"('delhi', 'cochin')",5583
Air India,delhi,cochin,2280,3,no info,5,15,27,6,2019,"('delhi', 'cochin')",10703
Jet Airways,delhi,cochin,1530,1,in-flight meal not included,17,30,3,6,2019,"('delhi', 'cochin')",10262
Air India,kolkata,banglore,1410,2,no info,16,45,12,5,2019,"('kolkata', 'banglore')",13437
Multiple Carriers,delhi,cochin,480,1,no info,17,30,9,4,2019,"('delhi', 'cochin')",13017
Indigo,kolkata,banglore,155,0,no info,22,15,21,4,2019,"('kolkata', 'banglore')",4804
Air India,banglore,new delhi,385,1,no info,8,50,15,3,2019,"('banglore', 'new delhi')",8714
Indigo,kolkata,banglore,155,0,no info,14,20,9,3,2019,"('kolkata', 'banglore')",4148
Indigo,kolkata,banglore,155,0,no info,15,10,12,3,2019,"('kolkata', 'banglore')",4148
Jet Airways,kolkata,banglore,1480,1,no info,20,25,1,5,2019,"('kolkata', 'banglore')",12121
Jet Airways,banglore,delhi,180,0,in-flight meal not included,17,45,21,5,2019,"('banglore', 'delhi')",4030
Spicejet,delhi,cochin,375,1,no info,16,35,9,3,2019,"('delhi', 'cochin')",7084
Vistara,kolkata,banglore,1550,1,no info,17,0,15,5,2019,"('kolkata', 'banglore')",9345
Jet Airways,delhi,cochin,1380,2,no info,5,25,27,3,2019,"('delhi', 'cochin')",11664
Jet Airways,banglore,delhi,185,0,in-flight meal not included,18,55,1,6,2019,"('banglore', 'delhi')",7229
Air India,banglore,new delhi,480,1,no info,11,50,12,3,2019,"('banglore', 'new delhi')",11707
Jet Airways,delhi,cochin,330,1,in-flight meal not included,7,5,21,5,2019,"('delhi', 'cochin')",12898
Vistara,kolkata,banglore,1350,1,no info,20,20,12,6,2019,"('kolkata', 'banglore')",8610
Multiple Carriers,delhi,cochin,630,1,no info,15,0,3,6,2019,"('delhi', 'cochin')",13377
Air India,delhi,cochin,1395,2,no info,20,0,15,6,2019,"('delhi', 'cochin')",11071
Jet Airways,mumbai,hyderabad,85,0,no info,2,55,27,5,2019,"('mumbai', 'hyderabad')",5678
Jet Airways,delhi,cochin,1620,2,no info,9,35,9,5,2019,"('delhi', 'cochin')",14657
Indigo,delhi,cochin,975,1,no info,4,45,21,3,2019,"('delhi', 'cochin')",6314
Air Asia,banglore,delhi,170,0,no info,23,55,9,6,2019,"('banglore', 'delhi')",7120
Air India,banglore,delhi,165,0,no info,10,0,27,6,2019,"('banglore', 'delhi')",6961
Jet Airways,mumbai,hyderabad,90,0,in-flight meal not included,10,20,27,5,2019,"('mumbai', 'hyderabad')",4995
Indigo,delhi,cochin,425,1,no info,8,25,27,3,2019,"('delhi', 'cochin')",8075
Indigo,kolkata,banglore,155,0,no info,9,35,1,6,2019,"('kolkata', 'banglore')",4804
Air Asia,kolkata,banglore,955,1,no info,7,35,9,5,2019,"('kolkata', 'banglore')",5192
Jet Airways,kolkata,banglore,775,1,in-flight meal not included,21,10,1,5,2019,"('kolkata', 'banglore')",10844
Jet Airways,kolkata,banglore,1010,1,in-flight meal not included,16,30,9,5,2019,"('kolkata', 'banglore')",9663
Air India,delhi,cochin,1350,1,no info,9,45,27,3,2019,"('delhi', 'cochin')",7416
Air India,banglore,new delhi,165,0,no info,21,10,9,3,2019,"('banglore', 'new delhi')",4966
Air India,delhi,cochin,1275,2,no info,22,0,15,6,2019,"('delhi', 'cochin')",10441
Jet Airways,delhi,cochin,600,1,in-flight meal not included,9,0,18,5,2019,"('delhi', 'cochin')",12373
Jet Airways,banglore,new delhi,1280,1,in-flight meal not included,11,40,24,3,2019,"('banglore', 'new delhi')",8147
Jet Airways,delhi,cochin,1655,1,in-flight meal not included,9,0,24,6,2019,"('delhi', 'cochin')",10262
Spicejet,mumbai,hyderabad,90,0,no check-in baggage included,5,45,12,5,2019,"('mumbai', 'hyderabad')",1965
Air India,banglore,new delhi,725,1,no info,11,50,21,3,2019,"('banglore', 'new delhi')",5092
Goair,banglore,new delhi,175,0,no info,20,55,1,3,2019,"('banglore', 'new delhi')",18558
Vistara,banglore,new delhi,160,0,no info,11,30,1,3,2019,"('banglore', 'new delhi')",12648
Multiple Carriers,delhi,cochin,930,1,in-flight meal not included,10,0,27,5,2019,"('delhi', 'cochin')",8925
Jet Airways,delhi,cochin,450,1,in-flight meal not included,20,55,9,6,2019,"('delhi', 'cochin')",10577
Multiple Carriers,delhi,cochin,860,1,no info,4,55,1,6,2019,"('delhi', 'cochin')",8835
Jet Airways,kolkata,banglore,635,1,no info,5,45,18,5,2019,"('kolkata', 'banglore')",14781
Air Asia,delhi,cochin,330,1,no info,7,55,9,6,2019,"('delhi', 'cochin')",8759
Indigo,delhi,cochin,835,1,no info,8,35,9,5,2019,"('delhi', 'cochin')",6734
Air India,mumbai,hyderabad,75,0,no info,19,30,1,4,2019,"('mumbai', 'hyderabad')",2050
Air Asia,kolkata,banglore,155,0,no info,10,20,15,3,2019,"('kolkata', 'banglore')",4384
Jet Airways,banglore,new delhi,1310,1,in-flight meal not included,11,40,18,3,2019,"('banglore', 'new delhi')",11087
Multiple Carriers,delhi,cochin,560,1,no info,4,0,3,3,2019,"('delhi', 'cochin')",14973
Air India,delhi,cochin,1410,2,no info,19,45,9,3,2019,"('delhi', 'cochin')",11701
Vistara,kolkata,banglore,765,1,no info,20,20,9,5,2019,"('kolkata', 'banglore')",9187
Air Asia,kolkata,banglore,220,1,no info,6,50,21,5,2019,"('kolkata', 'banglore')",5162
Indigo,banglore,delhi,175,0,no info,18,25,12,5,2019,"('banglore', 'delhi')",4823
Jet Airways,delhi,cochin,1530,1,in-flight meal not included,17,30,15,6,2019,"('delhi', 'cochin')",10262
Jet Airways,delhi,cochin,900,2,no info,13,25,9,5,2019,"('delhi', 'cochin')",16704
Air India,banglore,new delhi,165,0,no info,10,0,18,3,2019,"('banglore', 'new delhi')",4441
Air Asia,kolkata,banglore,150,0,no info,22,50,18,3,2019,"('kolkata', 'banglore')",4082
Jet Airways,delhi,cochin,395,1,in-flight meal not included,21,50,27,3,2019,"('delhi', 'cochin')",6017
Multiple Carriers,delhi,cochin,660,1,no info,10,0,15,5,2019,"('delhi', 'cochin')",13727
Jet Airways,kolkata,banglore,800,1,in-flight meal not included,20,0,24,5,2019,"('kolkata', 'banglore')",10844
Air India,banglore,delhi,165,0,no info,6,10,15,4,2019,"('banglore', 'delhi')",5228
Spicejet,mumbai,hyderabad,80,0,no info,5,45,18,3,2019,"('mumbai', 'hyderabad')",2437
Air India,banglore,new delhi,330,1,no info,6,45,6,3,2019,"('banglore', 'new delhi')",13912
Jet Airways,kolkata,banglore,1685,1,in-flight meal not included,17,0,12,5,2019,"('kolkata', 'banglore')",10703
Multiple Carriers,delhi,cochin,455,1,no info,14,55,9,5,2019,"('delhi', 'cochin')",6805
Air India,kolkata,banglore,625,1,no info,10,0,6,6,2019,"('kolkata', 'banglore')",10203
Jet Airways,mumbai,hyderabad,85,0,no info,2,55,12,5,2019,"('mumbai', 'hyderabad')",5678
Vistara,banglore,delhi,160,0,no info,7,0,27,5,2019,"('banglore', 'delhi')",4668
Jet Airways,kolkata,banglore,730,1,no info,16,30,18,5,2019,"('kolkata', 'banglore')",13941
Jet Airways,kolkata,banglore,1685,1,no info,17,0,18,5,2019,"('kolkata', 'banglore')",14151
Air India,mumbai,hyderabad,75,0,no info,19,30,1,3,2019,"('mumbai', 'hyderabad')",15385
Multiple Carriers,delhi,cochin,540,1,no info,10,0,27,6,2019,"('delhi', 'cochin')",12192
Indigo,banglore,delhi,175,0,no info,18,55,3,4,2019,"('banglore', 'delhi')",4823
Multiple Carriers,delhi,cochin,425,1,no info,13,55,3,3,2019,"('delhi', 'cochin')",17057
Air India,delhi,cochin,1410,2,no info,19,45,9,6,2019,"('delhi', 'cochin')",9968
Jet Airways,kolkata,banglore,1395,1,no info,18,55,24,3,2019,"('kolkata', 'banglore')",14231
Jet Airways,kolkata,banglore,1610,1,in-flight meal not included,6,30,24,5,2019,"('kolkata', 'banglore')",9663
Spicejet,kolkata,banglore,330,1,no info,15,55,18,5,2019,"('kolkata', 'banglore')",8224
Multiple Carriers,delhi,cochin,385,1,no info,9,45,3,3,2019,"('delhi', 'cochin')",11265
Multiple Carriers,delhi,cochin,910,1,no info,10,20,6,6,2019,"('delhi', 'cochin')",6795
Air India,delhi,cochin,1275,2,no info,22,0,24,5,2019,"('delhi', 'cochin')",10441
Jet Airways,kolkata,banglore,870,1,no info,20,25,9,5,2019,"('kolkata', 'banglore')",10953
Multiple Carriers,delhi,cochin,460,2,no info,17,50,27,5,2019,"('delhi', 'cochin')",18275
Jet Airways,kolkata,banglore,890,1,in-flight meal not included,21,10,24,5,2019,"('kolkata', 'banglore')",9663
Indigo,chennai,kolkata,135,0,no info,13,20,24,3,2019,"('chennai', 'kolkata')",4752
Spicejet,mumbai,hyderabad,85,0,no info,22,45,24,3,2019,"('mumbai', 'hyderabad')",2227
Indigo,delhi,cochin,300,1,no info,10,35,3,4,2019,"('delhi', 'cochin')",5073
Jet Airways,kolkata,banglore,1540,1,no info,20,25,6,5,2019,"('kolkata', 'banglore')",11467
Air India,kolkata,banglore,545,1,no info,9,25,24,3,2019,"('kolkata', 'banglore')",10493
Spicejet,kolkata,banglore,140,0,no info,22,20,6,6,2019,"('kolkata', 'banglore')",3873
Jet Airways,kolkata,banglore,875,1,in-flight meal not included,14,5,21,5,2019,"('kolkata', 'banglore')",9663
Jet Airways,delhi,cochin,1570,1,in-flight meal not included,2,15,21,3,2019,"('delhi', 'cochin')",7438
Jet Airways,kolkata,banglore,590,1,no info,6,30,15,5,2019,"('kolkata', 'banglore')",14781
Goair,banglore,delhi,175,0,no info,7,45,12,4,2019,"('banglore', 'delhi')",6722
Multiple Carriers,delhi,cochin,465,1,no info,14,35,1,3,2019,"('delhi', 'cochin')",14762
Jet Airways,kolkata,banglore,365,1,no info,16,30,1,5,2019,"('kolkata', 'banglore')",14781
Jet Airways,kolkata,banglore,1525,1,in-flight meal not included,21,10,24,3,2019,"('kolkata', 'banglore')",10031
Jet Airways,kolkata,banglore,690,1,no info,9,35,6,5,2019,"('kolkata', 'banglore')",12121
Jet Airways,kolkata,banglore,1575,1,in-flight meal not included,14,5,15,5,2019,"('kolkata', 'banglore')",10844
Indigo,banglore,new delhi,285,1,no info,5,15,1,3,2019,"('banglore', 'new delhi')",8064
Jet Airways,kolkata,banglore,850,1,in-flight meal not included,8,25,24,3,2019,"('kolkata', 'banglore')",10031
Jet Airways,delhi,cochin,505,2,in-flight meal not included,20,0,3,6,2019,"('delhi', 'cochin')",15318
Jet Airways,delhi,cochin,1125,2,no info,9,40,21,5,2019,"('delhi', 'cochin')",15129
Air Asia,delhi,cochin,870,1,no info,7,55,27,4,2019,"('delhi', 'cochin')",6451
Air India,kolkata,banglore,1505,2,no info,9,25,24,5,2019,"('kolkata', 'banglore')",12797
Jet Airways,kolkata,banglore,505,1,no info,9,35,12,6,2019,"('kolkata', 'banglore')",12692
Air India,delhi,cochin,760,1,no info,19,0,3,3,2019,"('delhi', 'cochin')",14777
Multiple Carriers,delhi,cochin,575,1,no info,16,0,3,3,2019,"('delhi', 'cochin')",21226
Spicejet,kolkata,banglore,150,0,no check-in baggage included,9,0,15,3,2019,"('kolkata', 'banglore')",3815
Spicejet,mumbai,hyderabad,85,0,no info,22,45,27,3,2019,"('mumbai', 'hyderabad')",1759
Air India,kolkata,banglore,625,1,no info,10,0,1,5,2019,"('kolkata', 'banglore')",10203
Jet Airways,delhi,cochin,2315,2,in-flight meal not included,5,10,27,3,2019,"('delhi', 'cochin')",8098
Indigo,delhi,cochin,985,1,no info,9,10,3,3,2019,"('delhi', 'cochin')",14871
Multiple Carriers,delhi,cochin,420,1,no info,14,0,24,6,2019,"('delhi', 'cochin')",13587
Indigo,banglore,delhi,175,0,no info,18,25,1,5,2019,"('banglore', 'delhi')",4823
Indigo,kolkata,banglore,150,0,no info,14,25,24,4,2019,"('kolkata', 'banglore')",4804
Spicejet,chennai,kolkata,140,0,no info,17,45,21,5,2019,"('chennai', 'kolkata')",3597
Jet Airways,kolkata,banglore,900,1,in-flight meal not included,8,25,24,3,2019,"('kolkata', 'banglore')",10031
Jet Airways,delhi,cochin,810,2,no info,23,5,18,5,2019,"('delhi', 'cochin')",15129
Jet Airways,kolkata,banglore,425,1,no info,16,30,18,5,2019,"('kolkata', 'banglore')",14781
Air India,banglore,delhi,170,0,no info,21,5,6,6,2019,"('banglore', 'delhi')",6121
Multiple Carriers,delhi,cochin,575,1,no info,2,15,21,5,2019,"('delhi', 'cochin')",14067
Jet Airways,banglore,new delhi,710,1,in-flight meal not included,22,55,12,3,2019,"('banglore', 'new delhi')",11087
Jet Airways,banglore,new delhi,405,1,no info,11,40,18,3,2019,"('banglore', 'new delhi')",12284
Jet Airways,delhi,cochin,1620,2,in-flight meal not included,9,35,15,6,2019,"('delhi', 'cochin')",10824
Vistara,mumbai,hyderabad,1500,1,no info,21,55,6,3,2019,"('mumbai', 'hyderabad')",12395
Multiple Carriers,delhi,cochin,830,1,no info,11,40,6,6,2019,"('delhi', 'cochin')",6795
Jet Airways,delhi,cochin,360,1,no info,13,0,6,6,2019,"('delhi', 'cochin')",14714
Air India,delhi,cochin,1595,2,no info,16,40,9,3,2019,"('delhi', 'cochin')",11911
Jet Airways,delhi,cochin,810,2,no info,5,30,27,6,2019,"('delhi', 'cochin')",13292
Multiple Carriers,delhi,cochin,570,1,no info,11,30,6,6,2019,"('delhi', 'cochin')",13587
Air India,kolkata,banglore,905,1,no info,16,50,9,5,2019,"('kolkata', 'banglore')",8366
Indigo,banglore,delhi,170,0,no info,20,0,3,4,2019,"('banglore', 'delhi')",4823
Jet Airways,delhi,cochin,1505,1,in-flight meal not included,11,30,3,6,2019,"('delhi', 'cochin')",10262
Air India,kolkata,banglore,895,2,no info,8,20,9,5,2019,"('kolkata', 'banglore')",11432
Spicejet,kolkata,banglore,150,0,no info,17,10,18,6,2019,"('kolkata', 'banglore')",3873
Air India,kolkata,banglore,1700,2,no info,9,25,9,5,2019,"('kolkata', 'banglore')",11542
Vistara,banglore,new delhi,160,0,no info,7,0,3,3,2019,"('banglore', 'new delhi')",8028
Multiple Carriers,delhi,cochin,930,1,no info,10,0,9,6,2019,"('delhi', 'cochin')",13377
Jet Airways,delhi,cochin,560,2,in-flight meal not included,9,40,18,5,2019,"('delhi', 'cochin')",13029
Jet Airways,delhi,cochin,300,1,no info,14,0,18,5,2019,"('delhi', 'cochin')",15554
Air India,banglore,delhi,165,0,no info,17,0,18,5,2019,"('banglore', 'delhi')",7171
Jet Airways,kolkata,banglore,1515,1,no info,16,55,24,3,2019,"('kolkata', 'banglore')",14231
Indigo,delhi,cochin,665,1,no info,5,5,6,6,2019,"('delhi', 'cochin')",6818
Multiple Carriers,delhi,cochin,840,1,no info,7,0,27,5,2019,"('delhi', 'cochin')",7618
Vistara,delhi,cochin,190,0,no info,14,40,18,5,2019,"('delhi', 'cochin')",6741
Jet Airways,delhi,cochin,1125,2,no info,9,40,9,5,2019,"('delhi', 'cochin')",15129
Jet Airways,banglore,new delhi,725,1,no info,21,25,6,3,2019,"('banglore', 'new delhi')",17261
Jet Airways,delhi,cochin,1620,1,no info,16,0,3,6,2019,"('delhi', 'cochin')",14714
Air India,delhi,cochin,1855,2,no info,12,20,6,5,2019,"('delhi', 'cochin')",13538
Jet Airways,kolkata,banglore,1215,1,in-flight meal not included,8,25,6,6,2019,"('kolkata', 'banglore')",8586
Vistara,banglore,new delhi,155,0,no info,16,0,24,3,2019,"('banglore', 'new delhi')",11913
Indigo,kolkata,banglore,155,0,no info,20,20,24,5,2019,"('kolkata', 'banglore')",4804
Jet Airways,delhi,cochin,195,0,in-flight meal not included,11,0,21,6,2019,"('delhi', 'cochin')",4256
Indigo,delhi,cochin,835,1,no info,8,35,27,6,2019,"('delhi', 'cochin')",6442
Jet Airways,banglore,new delhi,840,1,in-flight meal not included,21,25,21,3,2019,"('banglore', 'new delhi')",7832
Indigo,delhi,cochin,940,1,no info,6,50,3,6,2019,"('delhi', 'cochin')",7514
Air Asia,banglore,delhi,165,0,no info,11,10,18,6,2019,"('banglore', 'delhi')",3383
Jet Airways,delhi,cochin,535,2,in-flight meal not included,19,30,27,5,2019,"('delhi', 'cochin')",13029
Jet Airways,delhi,cochin,2045,2,no info,18,20,21,3,2019,"('delhi', 'cochin')",13082
Air India,delhi,cochin,170,0,no info,5,10,21,5,2019,"('delhi', 'cochin')",6094
Spicejet,delhi,cochin,295,1,no info,17,55,12,6,2019,"('delhi', 'cochin')",4957
Air India,banglore,new delhi,165,0,no info,17,0,24,3,2019,"('banglore', 'new delhi')",7486
Air India,kolkata,banglore,155,0,no info,20,45,15,4,2019,"('kolkata', 'banglore')",4145
Spicejet,chennai,kolkata,135,0,no info,8,20,15,3,2019,"('chennai', 'kolkata')",6300
Indigo,delhi,cochin,290,1,no info,15,10,9,6,2019,"('delhi', 'cochin')",7060
Air India,banglore,delhi,165,0,no info,10,0,3,5,2019,"('banglore', 'delhi')",6121
Indigo,delhi,cochin,345,1,no info,2,0,21,3,2019,"('delhi', 'cochin')",6426
Jet Airways,mumbai,hyderabad,90,0,no info,8,45,27,6,2019,"('mumbai', 'hyderabad')",8040
Spicejet,kolkata,banglore,520,1,no info,8,35,1,4,2019,"('kolkata', 'banglore')",6013
Air India,kolkata,banglore,1440,1,no info,14,35,1,5,2019,"('kolkata', 'banglore')",7001
Air Asia,banglore,delhi,170,0,no info,4,55,18,4,2019,"('banglore', 'delhi')",4282
Jet Airways,delhi,cochin,535,2,no info,19,30,27,5,2019,"('delhi', 'cochin')",15129
Indigo,delhi,cochin,195,0,no info,14,25,21,6,2019,"('delhi', 'cochin')",5000
Jet Airways,kolkata,banglore,1730,1,no info,9,35,9,6,2019,"('kolkata', 'banglore')",14151
Jet Airways,kolkata,banglore,1005,1,in-flight meal not included,17,0,1,5,2019,"('kolkata', 'banglore')",9314
Multiple Carriers,delhi,cochin,645,1,no info,8,30,24,6,2019,"('delhi', 'cochin')",7354
Jet Airways,delhi,cochin,1000,2,no info,11,45,15,6,2019,"('delhi', 'cochin')",13882
Multiple Carriers,delhi,cochin,485,2,no info,13,15,9,3,2019,"('delhi', 'cochin')",11560
Jet Airways,kolkata,banglore,1575,1,in-flight meal not included,14,5,12,6,2019,"('kolkata', 'banglore')",8529
Jet Airways,kolkata,banglore,910,1,no info,18,55,12,5,2019,"('kolkata', 'banglore')",14388
Jet Airways,banglore,new delhi,1475,1,no info,8,55,6,3,2019,"('banglore', 'new delhi')",17261
Spicejet,chennai,kolkata,135,0,no info,8,20,1,3,2019,"('chennai', 'kolkata')",7298
Jet Airways,banglore,new delhi,615,1,no info,21,25,12,3,2019,"('banglore', 'new delhi')",11717
Air Asia,kolkata,banglore,220,1,no info,6,50,15,5,2019,"('kolkata', 'banglore')",5162
Jet Airways,delhi,cochin,1125,2,in-flight meal not included,9,40,6,6,2019,"('delhi', 'cochin')",10368
Indigo,mumbai,hyderabad,90,0,no info,19,5,15,6,2019,"('mumbai', 'hyderabad')",2754
Jet Airways,banglore,delhi,180,0,in-flight meal not included,7,10,12,5,2019,"('banglore', 'delhi')",5198
Indigo,banglore,delhi,170,0,no info,8,30,9,6,2019,"('banglore', 'delhi')",4823
Multiple Carriers,delhi,cochin,660,1,no info,10,0,27,5,2019,"('delhi', 'cochin')",9718
Jet Airways,delhi,cochin,1045,2,no info,19,10,27,6,2019,"('delhi', 'cochin')",12819
Vistara,banglore,delhi,165,0,no info,19,30,15,5,2019,"('banglore', 'delhi')",4878
Jet Airways,delhi,cochin,1620,2,in-flight meal not included,9,35,21,5,2019,"('delhi', 'cochin')",12719
Jet Airways,delhi,cochin,1355,1,in-flight meal not included,14,0,3,4,2019,"('delhi', 'cochin')",5177
Multiple Carriers,delhi,cochin,910,1,in-flight meal not included,10,20,24,6,2019,"('delhi', 'cochin')",5797
Air India,kolkata,banglore,805,2,no info,9,50,15,5,2019,"('kolkata', 'banglore')",14960
Multiple Carriers,delhi,cochin,690,1,no info,7,30,27,5,2019,"('delhi', 'cochin')",11264
Multiple Carriers,delhi,cochin,570,1,no info,11,30,21,3,2019,"('delhi', 'cochin')",13062
Spicejet,mumbai,hyderabad,90,0,no info,22,45,18,5,2019,"('mumbai', 'hyderabad')",2017
Indigo,banglore,new delhi,170,0,no info,4,0,15,3,2019,"('banglore', 'new delhi')",5694
Spicejet,banglore,delhi,175,0,no info,21,10,9,5,2019,"('banglore', 'delhi')",4423
Indigo,banglore,new delhi,175,0,no info,20,0,3,3,2019,"('banglore', 'new delhi')",6860
Indigo,delhi,cochin,490,1,no info,14,20,12,6,2019,"('delhi', 'cochin')",6938
Air India,banglore,delhi,170,0,no info,21,5,15,6,2019,"('banglore', 'delhi')",5228
Air Asia,banglore,delhi,170,0,no info,23,55,6,5,2019,"('banglore', 'delhi')",3383
Jet Airways,kolkata,banglore,520,1,in-flight meal not included,20,0,1,5,2019,"('kolkata', 'banglore')",8586
Jet Airways,mumbai,hyderabad,85,0,no info,7,5,18,5,2019,"('mumbai', 'hyderabad')",5678
Indigo,banglore,new delhi,175,0,no info,7,10,9,3,2019,"('banglore', 'new delhi')",7303
Indigo,kolkata,banglore,265,1,no info,19,20,21,5,2019,"('kolkata', 'banglore')",3574
Jet Airways,banglore,new delhi,850,1,in-flight meal not included,20,35,12,3,2019,"('banglore', 'new delhi')",11087
Air India,kolkata,banglore,545,1,no info,9,25,12,6,2019,"('kolkata', 'banglore')",8366
Vistara,banglore,delhi,170,0,no info,11,30,6,5,2019,"('banglore', 'delhi')",4668
Air India,delhi,cochin,735,1,no info,7,0,15,6,2019,"('delhi', 'cochin')",9929
Multiple Carriers,delhi,cochin,755,1,no info,6,40,6,3,2019,"('delhi', 'cochin')",15077
Jet Airways,kolkata,banglore,1575,1,no info,21,10,24,3,2019,"('kolkata', 'banglore')",13759
Jet Airways,kolkata,banglore,1080,1,no info,20,25,12,5,2019,"('kolkata', 'banglore')",13067
Jet Airways,kolkata,banglore,800,1,no info,18,55,24,5,2019,"('kolkata', 'banglore')",13731
Air India,delhi,cochin,1820,2,no info,12,55,6,6,2019,"('delhi', 'cochin')",12646
Jet Airways,kolkata,banglore,910,1,no info,18,55,24,5,2019,"('kolkata', 'banglore')",13731
Jet Airways,delhi,cochin,715,1,no info,7,5,27,6,2019,"('delhi', 'cochin')",18371
Multiple Carriers,delhi,cochin,730,1,no info,7,5,3,6,2019,"('delhi', 'cochin')",15058
Indigo,kolkata,banglore,280,1,no info,17,35,9,6,2019,"('kolkata', 'banglore')",5699
Air India,delhi,cochin,925,1,no info,3,50,3,6,2019,"('delhi', 'cochin')",8669
Jet Airways,kolkata,banglore,1285,1,in-flight meal not included,18,55,9,6,2019,"('kolkata', 'banglore')",10844
Jet Airways,banglore,new delhi,890,1,in-flight meal not included,20,35,21,3,2019,"('banglore', 'new delhi')",7832
Jet Airways,delhi,cochin,330,1,no info,7,5,3,6,2019,"('delhi', 'cochin')",14924
Indigo,delhi,cochin,185,0,no info,14,30,18,3,2019,"('delhi', 'cochin')",5406
Jet Airways,delhi,cochin,805,1,in-flight meal not included,15,0,24,6,2019,"('delhi', 'cochin')",10262
Jet Airways,kolkata,banglore,505,1,no info,9,35,18,5,2019,"('kolkata', 'banglore')",14151
Indigo,chennai,kolkata,140,0,no info,19,35,21,6,2019,"('chennai', 'kolkata')",3597
Jet Airways,banglore,delhi,175,0,in-flight meal not included,15,15,12,5,2019,"('banglore', 'delhi')",4544
Goair,delhi,cochin,370,1,no info,7,25,1,4,2019,"('delhi', 'cochin')",4563
Multiple Carriers,delhi,cochin,705,1,no info,7,30,27,5,2019,"('delhi', 'cochin')",10786
Spicejet,delhi,cochin,270,1,no check-in baggage included,8,45,3,4,2019,"('delhi', 'cochin')",4098
Jet Airways,delhi,cochin,1620,1,in-flight meal not included,16,0,6,6,2019,"('delhi', 'cochin')",10262
Jet Airways,delhi,cochin,1570,1,in-flight meal not included,2,15,15,6,2019,"('delhi', 'cochin')",10262
Multiple Carriers,delhi,cochin,645,1,no info,8,30,27,5,2019,"('delhi', 'cochin')",9149
Spicejet,banglore,delhi,160,0,no check-in baggage included,5,55,6,6,2019,"('banglore', 'delhi')",3573
Indigo,kolkata,banglore,290,1,no info,8,10,15,5,2019,"('kolkata', 'banglore')",5069
Jet Airways,kolkata,banglore,435,1,in-flight meal not included,10,20,9,5,2019,"('kolkata', 'banglore')",5608
Jet Airways,kolkata,banglore,665,1,no info,21,10,21,5,2019,"('kolkata', 'banglore')",14781
Jet Airways,delhi,cochin,600,1,in-flight meal not included,9,0,12,6,2019,"('delhi', 'cochin')",10262
Indigo,mumbai,hyderabad,90,0,no info,12,0,1,6,2019,"('mumbai', 'hyderabad')",2754
Jet Airways,kolkata,banglore,590,1,no info,6,30,12,6,2019,"('kolkata', 'banglore')",13626
Indigo,kolkata,banglore,170,0,no info,5,30,15,3,2019,"('kolkata', 'banglore')",4148
Air India,kolkata,banglore,970,2,no info,16,45,12,5,2019,"('kolkata', 'banglore')",13437
Jet Airways,banglore,new delhi,175,0,no info,8,20,24,3,2019,"('banglore', 'new delhi')",7229
Indigo,banglore,delhi,175,0,no info,18,25,15,6,2019,"('banglore', 'delhi')",4823
Jet Airways,kolkata,banglore,750,1,no info,9,35,12,5,2019,"('kolkata', 'banglore')",14151
Jet Airways,banglore,new delhi,1365,1,in-flight meal not included,11,40,21,3,2019,"('banglore', 'new delhi')",7832
Indigo,banglore,delhi,170,0,no info,20,0,9,6,2019,"('banglore', 'delhi')",4823
Multiple Carriers,delhi,cochin,480,1,no info,13,0,6,6,2019,"('delhi', 'cochin')",7408
Spicejet,mumbai,hyderabad,90,0,no info,13,15,12,6,2019,"('mumbai', 'hyderabad')",2017
Air Asia,banglore,delhi,165,0,no info,11,10,6,4,2019,"('banglore', 'delhi')",3383
Multiple Carriers,delhi,cochin,440,1,no info,11,30,6,3,2019,"('delhi', 'cochin')",15135
Indigo,delhi,cochin,195,0,no info,14,25,12,6,2019,"('delhi', 'cochin')",5601
Jet Airways,kolkata,banglore,1495,1,no info,18,55,12,6,2019,"('kolkata', 'banglore')",13044
Jet Airways,kolkata,banglore,800,1,in-flight meal not included,20,0,1,5,2019,"('kolkata', 'banglore')",9663
Indigo,banglore,delhi,170,0,no info,23,30,18,4,2019,"('banglore', 'delhi')",4591
Indigo,kolkata,banglore,220,1,no info,19,35,24,5,2019,"('kolkata', 'banglore')",4226
Jet Airways,kolkata,banglore,1570,1,no info,17,0,6,6,2019,"('kolkata', 'banglore')",14151
Air India,delhi,cochin,185,0,no info,18,5,3,3,2019,"('delhi', 'cochin')",8666
Jet Airways,delhi,cochin,825,1,no info,22,50,3,6,2019,"('delhi', 'cochin')",14714
Multiple Carriers,delhi,cochin,690,1,no info,7,30,21,5,2019,"('delhi', 'cochin')",9315
Vistara,banglore,delhi,165,0,no info,19,30,21,5,2019,"('banglore', 'delhi')",4878
Multiple Carriers,delhi,cochin,845,1,no info,4,55,9,6,2019,"('delhi', 'cochin')",10877
Jet Airways,mumbai,hyderabad,90,0,no info,10,20,9,5,2019,"('mumbai', 'hyderabad')",8040
Spicejet,banglore,new delhi,170,0,no info,5,45,24,3,2019,"('banglore', 'new delhi')",4377
Goair,delhi,cochin,370,1,no info,7,25,27,6,2019,"('delhi', 'cochin')",4525
Jet Airways,delhi,cochin,1250,1,in-flight meal not included,22,0,21,3,2019,"('delhi', 'cochin')",6017
Spicejet,chennai,kolkata,140,0,no info,17,45,24,6,2019,"('chennai', 'kolkata')",3597
Jet Airways,delhi,cochin,825,1,in-flight meal not included,22,50,27,6,2019,"('delhi', 'cochin')",10262
Air Asia,banglore,delhi,170,0,no info,4,55,24,4,2019,"('banglore', 'delhi')",3383
Spicejet,kolkata,banglore,155,0,no info,6,55,1,6,2019,"('kolkata', 'banglore')",3873
Multiple Carriers,delhi,cochin,625,2,no info,15,5,27,6,2019,"('delhi', 'cochin')",15965
Spicejet,chennai,kolkata,135,0,no check-in baggage included,8,20,9,6,2019,"('chennai', 'kolkata')",3543
Air India,banglore,delhi,165,0,no info,10,0,12,6,2019,"('banglore', 'delhi')",6961
Jet Airways,delhi,cochin,1165,1,in-flight meal not included,9,0,9,6,2019,"('delhi', 'cochin')",10262
Indigo,banglore,new delhi,285,1,no info,16,50,9,3,2019,"('banglore', 'new delhi')",10231
Air Asia,kolkata,banglore,150,0,no info,19,55,3,4,2019,"('kolkata', 'banglore')",4107
Multiple Carriers,delhi,cochin,440,1,no info,11,40,1,6,2019,"('delhi', 'cochin')",12524
Multiple Carriers,delhi,cochin,540,1,no info,7,10,24,6,2019,"('delhi', 'cochin')",6723
Jet Airways,delhi,cochin,1620,2,no info,9,35,21,5,2019,"('delhi', 'cochin')",13559
Air India,kolkata,banglore,1210,2,no info,9,25,24,3,2019,"('kolkata', 'banglore')",11774
Jet Airways,banglore,new delhi,380,1,no info,8,55,1,3,2019,"('banglore', 'new delhi')",26890
Air India,delhi,cochin,1255,1,no info,12,30,1,6,2019,"('delhi', 'cochin')",7480
Air India,delhi,cochin,1395,2,no info,20,0,21,5,2019,"('delhi', 'cochin')",10861
Indigo,delhi,cochin,755,1,no info,8,25,6,3,2019,"('delhi', 'cochin')",14871
Jet Airways,delhi,cochin,1655,1,in-flight meal not included,9,0,1,4,2019,"('delhi', 'cochin')",5406
Jet Airways,kolkata,banglore,800,1,no info,18,55,21,5,2019,"('kolkata', 'banglore')",14388
Jet Airways,mumbai,hyderabad,85,0,no info,7,10,21,3,2019,"('mumbai', 'hyderabad')",8040
Air Asia,banglore,delhi,170,0,no info,4,55,3,5,2019,"('banglore', 'delhi')",6181
Indigo,kolkata,banglore,150,0,no info,14,25,24,6,2019,"('kolkata', 'banglore')",4804
Indigo,delhi,cochin,195,0,no info,5,35,3,4,2019,"('delhi', 'cochin')",4729
Jet Airways,kolkata,banglore,1150,1,in-flight meal not included,21,10,12,5,2019,"('kolkata', 'banglore')",10844
Multiple Carriers,delhi,cochin,570,1,no info,16,0,12,6,2019,"('delhi', 'cochin')",13377
Jet Airways,kolkata,banglore,705,1,no info,6,30,21,5,2019,"('kolkata', 'banglore')",14781
Jet Airways,delhi,cochin,505,2,in-flight meal not included,20,0,27,5,2019,"('delhi', 'cochin')",15318
Jet Airways,kolkata,banglore,730,1,no info,16,30,9,5,2019,"('kolkata', 'banglore')",14781
Jet Airways,kolkata,banglore,1480,1,no info,20,25,12,5,2019,"('kolkata', 'banglore')",12121
Jet Airways,delhi,cochin,810,2,no info,23,5,21,5,2019,"('delhi', 'cochin')",15129
Multiple Carriers,delhi,cochin,660,1,no info,10,0,21,5,2019,"('delhi', 'cochin')",7888
Multiple Carriers,delhi,cochin,870,1,no info,4,45,27,3,2019,"('delhi', 'cochin')",7574
Vistara,banglore,delhi,170,0,no info,9,45,9,6,2019,"('banglore', 'delhi')",4668
Multiple Carriers,delhi,cochin,750,1,in-flight meal not included,13,0,27,5,2019,"('delhi', 'cochin')",6943
Multiple Carriers,delhi,cochin,555,1,no info,10,0,21,5,2019,"('delhi', 'cochin')",14848
Air India,delhi,cochin,320,1,no info,17,40,9,5,2019,"('delhi', 'cochin')",7174
Jet Airways,banglore,new delhi,920,1,no info,16,55,1,3,2019,"('banglore', 'new delhi')",26890
Indigo,kolkata,banglore,150,0,no info,14,25,15,5,2019,"('kolkata', 'banglore')",5224
Jet Airways,banglore,delhi,165,0,in-flight meal not included,6,0,9,4,2019,"('banglore', 'delhi')",4544
Multiple Carriers,delhi,cochin,760,1,no info,12,50,9,5,2019,"('delhi', 'cochin')",34273
Goair,kolkata,banglore,455,1,no info,16,40,1,5,2019,"('kolkata', 'banglore')",6484
Air India,delhi,cochin,170,0,no info,5,10,27,6,2019,"('delhi', 'cochin')",5201
Jet Airways,kolkata,banglore,570,1,in-flight meal not included,14,5,6,6,2019,"('kolkata', 'banglore')",10844
Multiple Carriers,delhi,cochin,460,2,no info,17,50,3,6,2019,"('delhi', 'cochin')",18275
Jet Airways,banglore,delhi,185,0,no info,18,55,1,4,2019,"('banglore', 'delhi')",7229
Indigo,delhi,cochin,560,1,no info,6,50,15,5,2019,"('delhi', 'cochin')",6442
Multiple Carriers,delhi,cochin,435,1,no info,18,15,9,5,2019,"('delhi', 'cochin')",15078
Air India,delhi,cochin,735,1,no info,7,0,9,3,2019,"('delhi', 'cochin')",15704
Air India,delhi,cochin,180,0,no info,14,10,24,6,2019,"('delhi', 'cochin')",5201
Multiple Carriers,delhi,cochin,555,1,no info,13,15,18,5,2019,"('delhi', 'cochin')",11188
Jet Airways,delhi,cochin,1425,1,no info,19,15,3,6,2019,"('delhi', 'cochin')",14714
Air India,banglore,new delhi,685,3,no info,12,0,6,3,2019,"('banglore', 'new delhi')",14195
Air India,delhi,cochin,435,2,no info,12,0,3,6,2019,"('delhi', 'cochin')",8603
Air India,kolkata,banglore,1700,1,no info,16,45,6,6,2019,"('kolkata', 'banglore')",7662
Air India,kolkata,banglore,150,0,no info,14,15,27,5,2019,"('kolkata', 'banglore')",5510
Jet Airways,kolkata,banglore,730,1,no info,21,10,12,6,2019,"('kolkata', 'banglore')",13044
Air Asia,delhi,cochin,330,1,no info,16,45,27,3,2019,"('delhi', 'cochin')",6151
Air Asia,kolkata,banglore,500,2,no info,15,10,6,6,2019,"('kolkata', 'banglore')",6810
Indigo,banglore,delhi,175,0,no info,18,55,18,4,2019,"('banglore', 'delhi')",5780
Vistara,delhi,cochin,190,0,no info,6,0,21,3,2019,"('delhi', 'cochin')",6688
Multiple Carriers,delhi,cochin,665,1,in-flight meal not included,9,55,6,3,2019,"('delhi', 'cochin')",15136
Jet Airways,banglore,delhi,175,0,no info,11,10,27,4,2019,"('banglore', 'delhi')",7229
Jet Airways,kolkata,banglore,740,1,no info,8,25,6,5,2019,"('kolkata', 'banglore')",14388
Vistara,banglore,new delhi,160,0,no info,7,0,9,3,2019,"('banglore', 'new delhi')",7975
Indigo,delhi,cochin,275,1,no info,7,35,6,4,2019,"('delhi', 'cochin')",5073
Air India,delhi,cochin,1420,2,no info,9,45,9,5,2019,"('delhi', 'cochin')",9925
Multiple Carriers,delhi,cochin,910,1,no info,10,20,3,6,2019,"('delhi', 'cochin')",6795
Multiple Carriers,delhi,cochin,720,1,no info,9,0,27,5,2019,"('delhi', 'cochin')",7618
Goair,banglore,delhi,165,0,no info,20,55,18,6,2019,"('banglore', 'delhi')",3419
Air India,delhi,cochin,570,1,no info,13,30,24,6,2019,"('delhi', 'cochin')",8907
Air India,delhi,cochin,1590,1,no info,20,30,27,3,2019,"('delhi', 'cochin')",5022
Jet Airways,delhi,cochin,425,2,no info,5,30,3,6,2019,"('delhi', 'cochin')",14441
Air India,banglore,new delhi,165,0,no info,17,0,24,3,2019,"('banglore', 'new delhi')",5176
Indigo,kolkata,banglore,155,0,no info,4,40,15,6,2019,"('kolkata', 'banglore')",4804
Indigo,delhi,cochin,835,1,no info,8,35,12,6,2019,"('delhi', 'cochin')",6442
Jet Airways,mumbai,hyderabad,90,0,no info,10,20,6,6,2019,"('mumbai', 'hyderabad')",8040
Multiple Carriers,delhi,cochin,385,1,no info,9,45,9,3,2019,"('delhi', 'cochin')",8386
Multiple Carriers,delhi,cochin,440,1,no info,18,15,21,3,2019,"('delhi', 'cochin')",13542
Air India,banglore,new delhi,165,0,no info,10,0,9,3,2019,"('banglore', 'new delhi')",7801
Indigo,chennai,kolkata,140,0,no info,13,15,18,6,2019,"('chennai', 'kolkata')",3597
Indigo,banglore,delhi,170,0,no info,20,0,1,6,2019,"('banglore', 'delhi')",4823
Jet Airways,banglore,new delhi,375,1,no info,14,5,1,3,2019,"('banglore', 'new delhi')",27992
Indigo,kolkata,banglore,155,0,no info,22,15,27,4,2019,"('kolkata', 'banglore')",4804
Jet Airways,banglore,new delhi,490,1,no info,8,0,1,3,2019,"('banglore', 'new delhi')",22270
Air India,banglore,new delhi,2120,3,no info,6,45,12,3,2019,"('banglore', 'new delhi')",13387
Jet Airways,kolkata,banglore,960,1,no info,20,0,9,6,2019,"('kolkata', 'banglore')",14571
Jet Airways,mumbai,hyderabad,90,0,no info,10,20,21,6,2019,"('mumbai', 'hyderabad')",8040
Jet Airways,delhi,cochin,1415,1,in-flight meal not included,13,0,27,5,2019,"('delhi', 'cochin')",12898
Jet Airways,banglore,new delhi,1365,1,no info,11,40,6,3,2019,"('banglore', 'new delhi')",17261
Jet Airways,delhi,cochin,1325,1,no info,20,55,3,6,2019,"('delhi', 'cochin')",14714
Vistara,banglore,delhi,155,0,no info,17,0,1,6,2019,"('banglore', 'delhi')",4878
Air India,delhi,cochin,1275,2,no info,22,0,12,6,2019,"('delhi', 'cochin')",10231
Multiple Carriers,delhi,cochin,520,1,no info,10,20,1,5,2019,"('delhi', 'cochin')",9794
Jet Airways,delhi,cochin,1060,2,in-flight meal not included,10,45,21,3,2019,"('delhi', 'cochin')",7791
Multiple Carriers,delhi,cochin,720,1,no info,9,0,9,6,2019,"('delhi', 'cochin')",13587
Jet Airways,banglore,delhi,180,0,no info,7,10,21,5,2019,"('banglore', 'delhi')",7229
Multiple Carriers,delhi,cochin,540,1,in-flight meal not included,7,10,3,3,2019,"('delhi', 'cochin')",8552
Air India,kolkata,banglore,2115,3,no info,12,0,24,3,2019,"('kolkata', 'banglore')",14221
Indigo,mumbai,hyderabad,90,0,no info,21,20,1,4,2019,"('mumbai', 'hyderabad')",2227
Indigo,delhi,cochin,615,1,no info,10,45,27,3,2019,"('delhi', 'cochin')",6838
Jet Airways,delhi,cochin,610,1,in-flight meal not included,18,15,9,3,2019,"('delhi', 'cochin')",14053
Jet Airways,delhi,cochin,535,2,no info,19,30,1,6,2019,"('delhi', 'cochin')",13014
Indigo,delhi,cochin,195,0,no info,5,35,24,4,2019,"('delhi', 'cochin')",5013
Multiple Carriers,delhi,cochin,665,1,no info,2,15,3,3,2019,"('delhi', 'cochin')",17057
Jet Airways,kolkata,banglore,1210,1,no info,13,55,24,3,2019,"('kolkata', 'banglore')",14231
Jet Airways,mumbai,hyderabad,90,0,in-flight meal not included,19,35,3,6,2019,"('mumbai', 'hyderabad')",3210
Spicejet,banglore,delhi,170,0,no info,9,30,1,6,2019,"('banglore', 'delhi')",3971
Jet Airways,kolkata,banglore,1375,1,in-flight meal not included,5,45,18,5,2019,"('kolkata', 'banglore')",8586
Multiple Carriers,delhi,cochin,675,1,no info,8,0,15,5,2019,"('delhi', 'cochin')",14533
Goair,banglore,delhi,175,0,no info,7,45,15,5,2019,"('banglore', 'delhi')",3419
Indigo,delhi,cochin,315,1,no info,7,15,9,5,2019,"('delhi', 'cochin')",5636
Jet Airways,delhi,cochin,455,1,in-flight meal not included,20,50,21,3,2019,"('delhi', 'cochin')",9212
Air Asia,delhi,cochin,870,1,no info,7,55,12,6,2019,"('delhi', 'cochin')",6152
Jet Airways,delhi,cochin,1735,2,in-flight meal not included,13,55,21,3,2019,"('delhi', 'cochin')",8728
Multiple Carriers,delhi,cochin,755,1,no info,6,40,27,6,2019,"('delhi', 'cochin')",7354
Air Asia,kolkata,banglore,150,0,no info,22,50,1,6,2019,"('kolkata', 'banglore')",4409
Air India,delhi,cochin,800,2,no info,5,55,21,5,2019,"('delhi', 'cochin')",10861
Jet Airways,kolkata,banglore,1450,1,no info,9,35,1,5,2019,"('kolkata', 'banglore')",11467
Indigo,banglore,delhi,165,0,no info,1,30,6,6,2019,"('banglore', 'delhi')",3943
Multiple Carriers,delhi,cochin,390,1,no info,19,0,18,5,2019,"('delhi', 'cochin')",8283
Air India,delhi,cochin,1640,1,no info,6,5,21,5,2019,"('delhi', 'cochin')",7480
Indigo,banglore,delhi,170,0,no info,20,0,1,4,2019,"('banglore', 'delhi')",4823
Air India,kolkata,banglore,1195,2,no info,12,0,12,5,2019,"('kolkata', 'banglore')",10676
Jet Airways,kolkata,banglore,960,1,in-flight meal not included,20,0,6,5,2019,"('kolkata', 'banglore')",9663
Jet Airways,kolkata,banglore,450,1,no info,21,10,9,5,2019,"('kolkata', 'banglore')",14388
Jet Airways,kolkata,banglore,345,1,no info,14,5,9,5,2019,"('kolkata', 'banglore')",14781
Goair,banglore,delhi,175,0,no info,7,45,15,4,2019,"('banglore', 'delhi')",4632
Indigo,banglore,delhi,175,0,no info,18,25,3,4,2019,"('banglore', 'delhi')",4823
Multiple Carriers,delhi,cochin,930,1,no info,10,0,21,5,2019,"('delhi', 'cochin')",7888
Indigo,mumbai,hyderabad,90,0,no info,2,35,1,4,2019,"('mumbai', 'hyderabad')",2754
Jet Airways,delhi,cochin,1365,2,no info,5,40,27,3,2019,"('delhi', 'cochin')",12074
Jet Airways,banglore,delhi,180,0,no info,17,45,24,4,2019,"('banglore', 'delhi')",7229
Air India,mumbai,hyderabad,1440,1,no info,9,15,12,3,2019,"('mumbai', 'hyderabad')",8065
Spicejet,kolkata,banglore,155,0,no info,6,55,27,6,2019,"('kolkata', 'banglore')",3873
Air India,kolkata,banglore,1385,2,no info,9,50,6,5,2019,"('kolkata', 'banglore')",13227
Indigo,mumbai,hyderabad,90,0,no info,20,5,18,3,2019,"('mumbai', 'hyderabad')",2227
Spicejet,banglore,delhi,175,0,no check-in baggage included,21,10,1,6,2019,"('banglore', 'delhi')",3573
Multiple Carriers,delhi,cochin,545,1,no info,7,5,9,5,2019,"('delhi', 'cochin')",8018
Jet Airways,kolkata,banglore,800,1,no info,18,55,15,5,2019,"('kolkata', 'banglore')",14388
Jet Airways,kolkata,banglore,730,1,no info,21,10,6,6,2019,"('kolkata', 'banglore')",14571
Air India,banglore,new delhi,1625,2,no info,8,15,15,3,2019,"('banglore', 'new delhi')",8534
Jet Airways,banglore,new delhi,1425,1,in-flight meal not included,20,35,12,3,2019,"('banglore', 'new delhi')",11087
Jet Airways,kolkata,banglore,665,1,no info,21,10,1,4,2019,"('kolkata', 'banglore')",13364
Jet Airways,kolkata,banglore,330,1,in-flight meal not included,6,30,12,5,2019,"('kolkata', 'banglore')",8586
Spicejet,kolkata,banglore,520,1,no info,8,35,6,6,2019,"('kolkata', 'banglore')",6643
Jet Airways,banglore,delhi,175,0,no info,15,15,9,5,2019,"('banglore', 'delhi')",7229
Spicejet,banglore,delhi,170,0,no info,9,30,15,4,2019,"('banglore', 'delhi')",4423
Jet Airways,delhi,cochin,1015,1,in-flight meal not included,11,30,18,5,2019,"('delhi', 'cochin')",12373
Air Asia,kolkata,banglore,150,0,no info,19,35,24,3,2019,"('kolkata', 'banglore')",5964
Air India,delhi,cochin,170,0,no info,5,10,24,4,2019,"('delhi', 'cochin')",5201
Jet Airways,delhi,cochin,1395,1,no info,19,45,9,6,2019,"('delhi', 'cochin')",14924
Air India,delhi,cochin,1560,2,no info,17,15,18,5,2019,"('delhi', 'cochin')",12409
Indigo,delhi,cochin,940,1,no info,6,50,27,5,2019,"('delhi', 'cochin')",6674
Indigo,mumbai,hyderabad,90,0,no info,6,25,21,5,2019,"('mumbai', 'hyderabad')",4049
Indigo,chennai,kolkata,140,0,no info,14,45,27,6,2019,"('chennai', 'kolkata')",3597
Jet Airways,kolkata,banglore,910,1,no info,18,55,6,6,2019,"('kolkata', 'banglore')",14571
Jet Airways,kolkata,banglore,1025,1,no info,6,30,9,6,2019,"('kolkata', 'banglore')",14571
Indigo,kolkata,banglore,240,1,no info,6,20,12,6,2019,"('kolkata', 'banglore')",4226
Air India,banglore,delhi,165,0,no info,17,0,27,6,2019,"('banglore', 'delhi')",6961
Air India,delhi,cochin,1180,2,no info,12,0,6,3,2019,"('delhi', 'cochin')",14746
Indigo,banglore,delhi,165,0,no info,1,30,27,5,2019,"('banglore', 'delhi')",3419
Jet Airways,delhi,cochin,450,1,in-flight meal not included,20,55,12,6,2019,"('delhi', 'cochin')",10262
Indigo,delhi,cochin,415,1,no info,18,35,24,5,2019,"('delhi', 'cochin')",7503
Jet Airways,kolkata,banglore,730,1,in-flight meal not included,16,30,1,5,2019,"('kolkata', 'banglore')",8586
Air Asia,delhi,cochin,590,1,no info,20,45,24,6,2019,"('delhi', 'cochin')",6152
Vistara,delhi,cochin,190,0,no info,6,0,3,3,2019,"('delhi', 'cochin')",8001
Spicejet,kolkata,banglore,140,0,no check-in baggage included,22,20,15,5,2019,"('kolkata', 'banglore')",3841
Indigo,banglore,delhi,170,0,no info,23,30,21,6,2019,"('banglore', 'delhi')",4077
Jet Airways,banglore,delhi,175,0,no info,15,50,9,4,2019,"('banglore', 'delhi')",7229
Indigo,delhi,cochin,810,1,no info,7,30,1,5,2019,"('delhi', 'cochin')",8542
Jet Airways,delhi,cochin,1425,1,in-flight meal not included,19,15,27,5,2019,"('delhi', 'cochin')",12898
Air India,banglore,delhi,180,0,no info,5,45,18,6,2019,"('banglore', 'delhi')",6961
Vistara,kolkata,banglore,695,1,no info,7,10,24,3,2019,"('kolkata', 'banglore')",16932
Vistara,chennai,kolkata,135,0,no info,7,5,21,3,2019,"('chennai', 'kolkata')",3739
Air Asia,banglore,delhi,170,0,no info,4,55,15,6,2019,"('banglore', 'delhi')",4282
Jet Airways,banglore,delhi,180,0,no info,8,20,3,5,2019,"('banglore', 'delhi')",7229
Jet Airways,kolkata,banglore,570,1,in-flight meal not included,13,55,24,3,2019,"('kolkata', 'banglore')",11134
Air India,banglore,delhi,170,0,no info,21,5,1,4,2019,"('banglore', 'delhi')",4441
Spicejet,chennai,kolkata,140,0,no check-in baggage included,17,45,18,6,2019,"('chennai', 'kolkata')",3543
Jet Airways,delhi,cochin,1430,2,no info,19,10,27,6,2019,"('delhi', 'cochin')",12819
Indigo,chennai,kolkata,140,0,no info,14,45,24,5,2019,"('chennai', 'kolkata')",3858
Multiple Carriers,delhi,cochin,395,1,no info,6,0,27,5,2019,"('delhi', 'cochin')",11264
Indigo,kolkata,banglore,155,0,no info,15,30,3,5,2019,"('kolkata', 'banglore')",4804
Multiple Carriers,delhi,cochin,765,1,no info,9,45,9,5,2019,"('delhi', 'cochin')",8888
Air India,delhi,cochin,185,0,no info,18,5,21,5,2019,"('delhi', 'cochin')",6094
Jet Airways,kolkata,banglore,590,1,in-flight meal not included,6,30,12,6,2019,"('kolkata', 'banglore')",9899
Jet Airways,kolkata,banglore,1655,1,in-flight meal not included,6,30,9,5,2019,"('kolkata', 'banglore')",8586
Multiple Carriers,delhi,cochin,720,1,no info,9,0,21,3,2019,"('delhi', 'cochin')",13062
Air India,kolkata,banglore,150,0,no info,14,15,12,4,2019,"('kolkata', 'banglore')",5195
Vistara,kolkata,banglore,865,1,no info,20,20,9,6,2019,"('kolkata', 'banglore')",9397
Spicejet,mumbai,hyderabad,90,0,no check-in baggage included,22,45,27,5,2019,"('mumbai', 'hyderabad')",1965
Jet Airways,kolkata,banglore,730,1,no info,16,30,24,5,2019,"('kolkata', 'banglore')",14571
Jet Airways,kolkata,banglore,1545,1,in-flight meal not included,16,30,12,5,2019,"('kolkata', 'banglore')",10844
Jet Airways,kolkata,banglore,1690,1,in-flight meal not included,14,5,12,6,2019,"('kolkata', 'banglore')",8529
Jet Airways,kolkata,banglore,400,1,in-flight meal not included,14,5,12,6,2019,"('kolkata', 'banglore')",9899
Multiple Carriers,delhi,cochin,520,1,no info,10,20,15,6,2019,"('delhi', 'cochin')",11789
Indigo,delhi,cochin,305,1,no info,20,30,9,3,2019,"('delhi', 'cochin')",6937
Multiple Carriers,delhi,cochin,930,1,no info,10,0,18,5,2019,"('delhi', 'cochin')",8073
Indigo,delhi,cochin,350,1,no info,7,30,27,3,2019,"('delhi', 'cochin')",8227
Jet Airways,kolkata,banglore,725,1,in-flight meal not included,21,10,24,3,2019,"('kolkata', 'banglore')",11134
Jet Airways,kolkata,banglore,1545,1,in-flight meal not included,6,30,1,5,2019,"('kolkata', 'banglore')",9663
Jet Airways,banglore,delhi,185,0,in-flight meal not included,18,55,24,4,2019,"('banglore', 'delhi')",4544
Multiple Carriers,delhi,cochin,390,1,no info,9,0,27,3,2019,"('delhi', 'cochin')",6673
Indigo,delhi,cochin,665,1,no info,5,5,12,6,2019,"('delhi', 'cochin')",6818
Jet Airways,kolkata,banglore,590,1,no info,6,30,24,5,2019,"('kolkata', 'banglore')",14571
Indigo,mumbai,hyderabad,90,0,no info,12,0,15,5,2019,"('mumbai', 'hyderabad')",2754
Air India,banglore,new delhi,170,0,no info,21,5,24,3,2019,"('banglore', 'new delhi')",4441
Multiple Carriers,delhi,cochin,420,1,no info,14,0,15,6,2019,"('delhi', 'cochin')",13587
Spicejet,chennai,kolkata,135,0,no check-in baggage included,9,45,15,6,2019,"('chennai', 'kolkata')",3543
Air India,delhi,cochin,965,1,no info,17,20,27,6,2019,"('delhi', 'cochin')",7480
Spicejet,kolkata,banglore,145,0,no info,9,0,12,6,2019,"('kolkata', 'banglore')",3873
Jet Airways,banglore,new delhi,950,1,in-flight meal not included,18,55,12,3,2019,"('banglore', 'new delhi')",11087
Jet Airways,delhi,cochin,810,2,no info,5,30,9,6,2019,"('delhi', 'cochin')",13014
Jet Airways,kolkata,banglore,910,1,no info,18,55,15,5,2019,"('kolkata', 'banglore')",14388
Air India,kolkata,banglore,1485,1,no info,14,35,6,5,2019,"('kolkata', 'banglore')",6528
Multiple Carriers,delhi,cochin,620,1,no info,8,55,21,3,2019,"('delhi', 'cochin')",10161
Jet Airways,delhi,cochin,1235,1,in-flight meal not included,16,0,3,6,2019,"('delhi', 'cochin')",10262
Indigo,banglore,new delhi,170,0,no info,13,0,15,3,2019,"('banglore', 'new delhi')",6144
Jet Airways,kolkata,banglore,1335,1,no info,20,0,9,5,2019,"('kolkata', 'banglore')",13584
Spicejet,banglore,delhi,170,0,no check-in baggage included,9,30,18,5,2019,"('banglore', 'delhi')",4319
Air India,banglore,new delhi,790,1,no info,8,15,15,3,2019,"('banglore', 'new delhi')",6046
Jet Airways,kolkata,banglore,1155,1,in-flight meal not included,14,5,9,5,2019,"('kolkata', 'banglore')",9663
Jet Airways,delhi,cochin,1415,1,in-flight meal not included,13,0,24,6,2019,"('delhi', 'cochin')",10262
Spicejet,kolkata,banglore,155,0,no info,6,55,3,5,2019,"('kolkata', 'banglore')",3873
Jet Airways,banglore,new delhi,1590,1,no info,5,45,12,3,2019,"('banglore', 'new delhi')",12547
Indigo,delhi,cochin,860,1,no info,6,40,3,6,2019,"('delhi', 'cochin')",6093
Jet Airways,kolkata,banglore,845,1,no info,20,0,1,5,2019,"('kolkata', 'banglore')",13941
Air India,delhi,cochin,555,1,no info,10,0,6,6,2019,"('delhi', 'cochin')",9194
Jet Airways,delhi,cochin,1210,1,in-flight meal not included,22,50,9,5,2019,"('delhi', 'cochin')",12373
Multiple Carriers,delhi,cochin,515,1,no info,17,0,6,3,2019,"('delhi', 'cochin')",24318
Multiple Carriers,delhi,cochin,840,1,no info,7,0,1,6,2019,"('delhi', 'cochin')",7408
Jet Airways,delhi,cochin,600,1,no info,9,0,15,6,2019,"('delhi', 'cochin')",14714
Spicejet,mumbai,hyderabad,90,0,no info,22,45,15,6,2019,"('mumbai', 'hyderabad')",2017
Jet Airways,kolkata,banglore,1075,1,no info,17,0,9,5,2019,"('kolkata', 'banglore')",10953
Indigo,delhi,cochin,985,2,no info,4,55,21,3,2019,"('delhi', 'cochin')",6223
Indigo,delhi,cochin,305,1,no info,23,30,3,6,2019,"('delhi', 'cochin')",11378
Air India,kolkata,banglore,150,0,no info,14,15,9,3,2019,"('kolkata', 'banglore')",4960
Jet Airways,banglore,delhi,185,0,in-flight meal not included,18,55,24,5,2019,"('banglore', 'delhi')",6144
Jet Airways,kolkata,banglore,890,1,in-flight meal not included,13,55,24,3,2019,"('kolkata', 'banglore')",10661
Air India,banglore,delhi,165,0,no info,17,0,24,4,2019,"('banglore', 'delhi')",6121
Spicejet,kolkata,banglore,435,1,no info,11,15,12,5,2019,"('kolkata', 'banglore')",11468
Jet Airways,delhi,cochin,1110,1,no info,9,55,3,3,2019,"('delhi', 'cochin')",19828
Jet Airways,kolkata,banglore,1010,1,in-flight meal not included,16,30,6,5,2019,"('kolkata', 'banglore')",9663
Indigo,delhi,cochin,885,1,no info,7,35,3,3,2019,"('delhi', 'cochin')",11600
Jet Airways,kolkata,banglore,865,1,in-flight meal not included,18,55,18,5,2019,"('kolkata', 'banglore')",9663
Jet Airways,mumbai,hyderabad,85,0,no info,7,10,3,3,2019,"('mumbai', 'hyderabad')",5678
Jet Airways,delhi,cochin,600,1,in-flight meal not included,9,0,9,6,2019,"('delhi', 'cochin')",10262
Indigo,kolkata,banglore,305,1,no info,15,10,24,3,2019,"('kolkata', 'banglore')",6762
Indigo,banglore,delhi,180,0,no info,21,15,1,6,2019,"('banglore', 'delhi')",3943
Jet Airways,banglore,new delhi,435,1,no info,14,5,1,3,2019,"('banglore', 'new delhi')",36235
Air Asia,banglore,delhi,170,0,no info,4,55,9,4,2019,"('banglore', 'delhi')",4282
Spicejet,mumbai,hyderabad,80,0,no info,5,45,6,3,2019,"('mumbai', 'hyderabad')",4129
Indigo,delhi,cochin,630,1,no info,15,0,9,6,2019,"('delhi', 'cochin')",6316
Indigo,mumbai,hyderabad,90,0,no info,2,30,15,3,2019,"('mumbai', 'hyderabad')",3342
Indigo,banglore,delhi,170,0,no info,4,0,18,4,2019,"('banglore', 'delhi')",4423
Indigo,kolkata,banglore,165,0,no info,9,35,12,4,2019,"('kolkata', 'banglore')",4174
Jet Airways,kolkata,banglore,590,1,in-flight meal not included,8,25,15,5,2019,"('kolkata', 'banglore')",10844
Jet Airways,banglore,new delhi,1265,1,in-flight meal not included,8,0,3,3,2019,"('banglore', 'new delhi')",13502
Indigo,delhi,cochin,340,1,no info,15,10,21,5,2019,"('delhi', 'cochin')",6027
Indigo,chennai,kolkata,140,0,no info,13,15,12,5,2019,"('chennai', 'kolkata')",3597
Jet Airways,delhi,cochin,925,1,in-flight meal not included,13,0,21,3,2019,"('delhi', 'cochin')",7438
Indigo,banglore,delhi,170,0,no info,4,0,24,5,2019,"('banglore', 'delhi')",3943
Indigo,kolkata,banglore,240,1,no info,6,20,6,5,2019,"('kolkata', 'banglore')",4226
Spicejet,delhi,cochin,270,1,no info,8,45,9,6,2019,"('delhi', 'cochin')",5264
Jet Airways,kolkata,banglore,1655,1,in-flight meal not included,20,0,24,5,2019,"('kolkata', 'banglore')",10844
Air India,kolkata,banglore,905,1,no info,16,50,6,6,2019,"('kolkata', 'banglore')",8366
Vistara,kolkata,banglore,1440,1,no info,20,20,6,5,2019,"('kolkata', 'banglore')",8610
Indigo,kolkata,banglore,165,0,no info,9,35,21,3,2019,"('kolkata', 'banglore')",4148
Jet Airways,delhi,cochin,620,1,in-flight meal not included,2,15,24,6,2019,"('delhi', 'cochin')",10262
Indigo,banglore,new delhi,170,0,no info,4,0,9,3,2019,"('banglore', 'new delhi')",4777
Indigo,delhi,cochin,625,1,no info,11,55,3,3,2019,"('delhi', 'cochin')",11600
Air India,delhi,cochin,1420,1,no info,9,45,1,6,2019,"('delhi', 'cochin')",8372
Jet Airways,delhi,cochin,655,1,in-flight meal not included,17,30,24,6,2019,"('delhi', 'cochin')",10262
Jet Airways,banglore,new delhi,1400,1,in-flight meal not included,5,45,3,3,2019,"('banglore', 'new delhi')",11087
Air India,banglore,new delhi,1675,1,no info,6,55,15,3,2019,"('banglore', 'new delhi')",7932
Jet Airways,delhi,cochin,800,1,no info,15,5,27,3,2019,"('delhi', 'cochin')",12242
Multiple Carriers,delhi,cochin,900,1,no info,6,0,9,5,2019,"('delhi', 'cochin')",7670
Spicejet,kolkata,banglore,520,1,no info,8,35,9,5,2019,"('kolkata', 'banglore')",6171
Multiple Carriers,delhi,cochin,625,2,no info,15,5,24,6,2019,"('delhi', 'cochin')",15965
Air India,kolkata,banglore,155,0,no info,20,45,27,5,2019,"('kolkata', 'banglore')",4145
Vistara,kolkata,banglore,795,1,no info,7,10,24,3,2019,"('kolkata', 'banglore')",13152
Vistara,banglore,new delhi,160,0,no info,7,0,24,3,2019,"('banglore', 'new delhi')",4878
Jet Airways,delhi,cochin,1950,2,no info,10,20,21,3,2019,"('delhi', 'cochin')",11664
Indigo,banglore,new delhi,285,1,no info,5,25,21,3,2019,"('banglore', 'new delhi')",6208
Multiple Carriers,delhi,cochin,600,1,no info,9,15,15,6,2019,"('delhi', 'cochin')",9359
Jet Airways,banglore,delhi,180,0,in-flight meal not included,19,50,27,6,2019,"('banglore', 'delhi')",7229
Jet Airways,delhi,cochin,1015,1,in-flight meal not included,11,30,15,6,2019,"('delhi', 'cochin')",10262
Jet Airways,kolkata,banglore,1005,1,no info,17,0,1,5,2019,"('kolkata', 'banglore')",11467
Jet Airways,mumbai,hyderabad,85,0,in-flight meal not included,2,55,3,4,2019,"('mumbai', 'hyderabad')",2228
Jet Airways,kolkata,banglore,690,1,no info,9,35,24,5,2019,"('kolkata', 'banglore')",14151
Air India,delhi,cochin,375,1,no info,13,0,21,3,2019,"('delhi', 'cochin')",7934
Jet Airways,mumbai,hyderabad,85,0,no info,7,10,1,3,2019,"('mumbai', 'hyderabad')",17501
Jet Airways,kolkata,banglore,750,1,no info,9,35,24,5,2019,"('kolkata', 'banglore')",14151
Indigo,delhi,cochin,565,2,no info,11,55,6,3,2019,"('delhi', 'cochin')",6610
Vistara,kolkata,banglore,865,1,no info,20,20,12,6,2019,"('kolkata', 'banglore')",8452
Jet Airways,kolkata,banglore,800,1,no info,6,30,24,5,2019,"('kolkata', 'banglore')",14571
Jet Airways,delhi,cochin,535,1,in-flight meal not included,9,55,6,3,2019,"('delhi', 'cochin')",15400
Jet Airways,banglore,delhi,180,0,in-flight meal not included,19,50,9,4,2019,"('banglore', 'delhi')",4544
Jet Airways,delhi,cochin,330,1,in-flight meal not included,7,5,21,3,2019,"('delhi', 'cochin')",14053
Indigo,mumbai,hyderabad,85,0,no info,6,20,21,3,2019,"('mumbai', 'hyderabad')",4049
Multiple Carriers,delhi,cochin,390,1,no info,19,0,9,6,2019,"('delhi', 'cochin')",7530
Indigo,chennai,kolkata,140,0,no info,7,55,9,5,2019,"('chennai', 'kolkata')",3850
Jet Airways,banglore,delhi,185,0,in-flight meal not included,18,55,21,6,2019,"('banglore', 'delhi')",7754
Indigo,banglore,new delhi,300,1,no info,14,25,3,3,2019,"('banglore', 'new delhi')",11873
Indigo,banglore,delhi,180,0,no info,21,15,15,4,2019,"('banglore', 'delhi')",3943
Vistara,banglore,delhi,160,0,no info,7,0,3,6,2019,"('banglore', 'delhi')",4668
Indigo,kolkata,banglore,325,1,no info,18,5,1,5,2019,"('kolkata', 'banglore')",6218
Spicejet,chennai,kolkata,140,0,no check-in baggage included,17,45,21,5,2019,"('chennai', 'kolkata')",3543
Jet Airways,kolkata,banglore,1690,1,no info,14,5,9,5,2019,"('kolkata', 'banglore')",13584
Air Asia,delhi,cochin,330,1,no info,7,55,21,4,2019,"('delhi', 'cochin')",7452
Air India,banglore,new delhi,495,1,no info,0,30,18,3,2019,"('banglore', 'new delhi')",13859
Air India,banglore,new delhi,1425,1,no info,11,50,15,3,2019,"('banglore', 'new delhi')",6982
Indigo,delhi,cochin,515,1,no info,7,35,15,4,2019,"('delhi', 'cochin')",6442
Indigo,delhi,cochin,575,1,no info,11,25,3,6,2019,"('delhi', 'cochin')",6093
Indigo,delhi,cochin,275,1,no info,7,35,9,5,2019,"('delhi', 'cochin')",5054
Spicejet,chennai,kolkata,155,0,no info,9,30,12,3,2019,"('chennai', 'kolkata')",6300
Spicejet,kolkata,banglore,435,1,no info,11,15,6,5,2019,"('kolkata', 'banglore')",9736
Indigo,banglore,new delhi,180,0,no info,8,30,24,3,2019,"('banglore', 'new delhi')",7303
Jet Airways,mumbai,hyderabad,90,0,no info,19,35,21,6,2019,"('mumbai', 'hyderabad')",5678
Air India,kolkata,banglore,375,1,no info,10,0,1,5,2019,"('kolkata', 'banglore')",10203
Multiple Carriers,delhi,cochin,470,1,no info,11,25,27,5,2019,"('delhi', 'cochin')",8625
Spicejet,banglore,new delhi,175,0,no check-in baggage included,9,35,15,3,2019,"('banglore', 'new delhi')",6205
Jet Airways,delhi,cochin,590,1,in-flight meal not included,9,0,3,3,2019,"('delhi', 'cochin')",15400
Air India,kolkata,banglore,745,1,no info,9,25,12,5,2019,"('kolkata', 'banglore')",8891
Air India,banglore,delhi,165,0,no info,6,10,3,4,2019,"('banglore', 'delhi')",4441
Jet Airways,banglore,delhi,180,0,in-flight meal not included,7,10,3,6,2019,"('banglore', 'delhi')",5769
Indigo,delhi,cochin,665,1,no info,5,5,24,4,2019,"('delhi', 'cochin')",6171
Indigo,banglore,new delhi,165,0,no info,6,0,24,3,2019,"('banglore', 'new delhi')",4777
Spicejet,chennai,kolkata,135,0,no check-in baggage included,9,45,6,6,2019,"('chennai', 'kolkata')",3543
Jet Airways,mumbai,hyderabad,90,0,no info,19,35,27,6,2019,"('mumbai', 'hyderabad')",5678
Jet Airways,kolkata,banglore,1495,1,no info,8,25,1,5,2019,"('kolkata', 'banglore')",14388
Indigo,kolkata,banglore,160,0,no info,21,25,15,4,2019,"('kolkata', 'banglore')",4174
Jet Airways,delhi,cochin,335,1,no info,22,50,24,5,2019,"('delhi', 'cochin')",16079
Multiple Carriers,delhi,cochin,455,1,no info,14,55,24,5,2019,"('delhi', 'cochin')",7740
Indigo,mumbai,hyderabad,90,0,no info,2,35,3,4,2019,"('mumbai', 'hyderabad')",2754
Jet Airways,kolkata,banglore,570,1,in-flight meal not included,14,5,12,6,2019,"('kolkata', 'banglore')",9899
Air India,kolkata,banglore,765,2,no info,16,50,9,6,2019,"('kolkata', 'banglore')",11642
Jet Airways,delhi,cochin,655,1,no info,17,30,3,6,2019,"('delhi', 'cochin')",14714
Jet Airways,delhi,cochin,1630,2,no info,9,25,24,6,2019,"('delhi', 'cochin')",13882
Air India,kolkata,banglore,1915,2,no info,9,25,15,5,2019,"('kolkata', 'banglore')",13616
Indigo,kolkata,banglore,265,1,no info,19,20,6,4,2019,"('kolkata', 'banglore')",3480
Jet Airways,delhi,cochin,360,1,no info,13,0,15,6,2019,"('delhi', 'cochin')",14714
Air Asia,delhi,cochin,315,1,no info,7,55,27,3,2019,"('delhi', 'cochin')",6151
Spicejet,chennai,kolkata,140,0,no info,17,45,18,3,2019,"('chennai', 'kolkata')",3384
Multiple Carriers,delhi,cochin,840,1,no info,7,0,21,5,2019,"('delhi', 'cochin')",7888
Air India,delhi,cochin,1100,2,no info,13,20,15,5,2019,"('delhi', 'cochin')",13538
Jet Airways,delhi,cochin,885,1,in-flight meal not included,21,50,12,6,2019,"('delhi', 'cochin')",10262
Indigo,delhi,cochin,675,1,no info,4,55,9,3,2019,"('delhi', 'cochin')",6171
Multiple Carriers,delhi,cochin,510,1,no info,17,0,21,5,2019,"('delhi', 'cochin')",7888
Air India,delhi,cochin,965,1,no info,17,20,3,6,2019,"('delhi', 'cochin')",7480
Multiple Carriers,delhi,cochin,420,1,no info,14,0,18,5,2019,"('delhi', 'cochin')",13727
Spicejet,kolkata,banglore,155,0,no info,6,55,21,6,2019,"('kolkata', 'banglore')",3873
Spicejet,kolkata,banglore,150,0,no info,9,0,1,3,2019,"('kolkata', 'banglore')",5515
Jet Airways,kolkata,banglore,750,1,in-flight meal not included,9,35,6,5,2019,"('kolkata', 'banglore')",10703
Spicejet,delhi,cochin,380,1,no info,15,45,1,6,2019,"('delhi', 'cochin')",7317
Indigo,banglore,new delhi,165,0,no info,6,0,9,3,2019,"('banglore', 'new delhi')",7648
Jet Airways,delhi,cochin,1475,2,in-flight meal not included,19,10,27,3,2019,"('delhi', 'cochin')",8834
Jet Airways,delhi,cochin,560,2,in-flight meal not included,9,40,27,6,2019,"('delhi', 'cochin')",10368
Jet Airways,delhi,cochin,1615,2,in-flight meal not included,9,40,9,6,2019,"('delhi', 'cochin')",10368
Jet Airways,mumbai,hyderabad,90,0,in-flight meal not included,19,35,18,5,2019,"('mumbai', 'hyderabad')",3210
Indigo,delhi,cochin,325,1,no info,2,0,3,4,2019,"('delhi', 'cochin')",4744
Jet Airways,kolkata,banglore,1285,1,in-flight meal not included,18,55,24,5,2019,"('kolkata', 'banglore')",10844
Jet Airways,mumbai,hyderabad,85,0,in-flight meal not included,7,5,6,5,2019,"('mumbai', 'hyderabad')",4995
Goair,delhi,cochin,440,1,no info,6,0,9,3,2019,"('delhi', 'cochin')",8422
Goair,delhi,cochin,310,1,no info,14,25,15,5,2019,"('delhi', 'cochin')",10188
Spicejet,kolkata,banglore,150,0,no check-in baggage included,17,10,15,5,2019,"('kolkata', 'banglore')",3841
Jet Airways,delhi,cochin,1280,1,in-flight meal not included,7,5,27,3,2019,"('delhi', 'cochin')",6645
Jet Airways,kolkata,banglore,475,1,in-flight meal not included,8,25,1,5,2019,"('kolkata', 'banglore')",10844
Jet Airways,banglore,new delhi,755,1,in-flight meal not included,22,50,21,3,2019,"('banglore', 'new delhi')",7832
Multiple Carriers,delhi,cochin,630,1,no info,8,45,9,5,2019,"('delhi', 'cochin')",8266
Multiple Carriers,delhi,cochin,600,1,no info,9,0,3,6,2019,"('delhi', 'cochin')",13714
Indigo,delhi,cochin,490,1,no info,14,20,9,6,2019,"('delhi', 'cochin')",6938
Indigo,delhi,cochin,515,1,no info,7,35,6,3,2019,"('delhi', 'cochin')",7094
Indigo,banglore,new delhi,170,0,no info,22,20,3,3,2019,"('banglore', 'new delhi')",7648
Jet Airways,delhi,cochin,1235,1,in-flight meal not included,16,0,1,4,2019,"('delhi', 'cochin')",5406
Multiple Carriers,delhi,cochin,600,1,no info,9,0,1,6,2019,"('delhi', 'cochin')",12717
Indigo,delhi,cochin,675,1,no info,4,55,6,3,2019,"('delhi', 'cochin')",6171
Air India,kolkata,banglore,1415,2,no info,8,20,21,5,2019,"('kolkata', 'banglore')",11222
Indigo,delhi,cochin,485,1,no info,17,30,27,3,2019,"('delhi', 'cochin')",6628
Jet Airways,delhi,cochin,1225,1,in-flight meal not included,8,0,21,3,2019,"('delhi', 'cochin')",6540
Spicejet,mumbai,hyderabad,85,0,no info,22,45,18,3,2019,"('mumbai', 'hyderabad')",2017
Jet Airways,banglore,delhi,185,0,no info,18,55,24,4,2019,"('banglore', 'delhi')",7229
Jet Airways,delhi,cochin,1210,1,in-flight meal not included,22,50,3,6,2019,"('delhi', 'cochin')",10262
Jet Airways,delhi,cochin,1005,1,in-flight meal not included,2,15,18,5,2019,"('delhi', 'cochin')",12373
Jet Airways,kolkata,banglore,330,1,no info,6,30,6,5,2019,"('kolkata', 'banglore')",14388
Jet Airways,delhi,cochin,1490,2,no info,11,45,15,6,2019,"('delhi', 'cochin')",13882
Indigo,kolkata,banglore,155,0,no info,15,30,6,5,2019,"('kolkata', 'banglore')",4804
Jet Airways,banglore,new delhi,375,1,no info,14,5,6,3,2019,"('banglore', 'new delhi')",19225
Jet Airways,delhi,cochin,440,2,no info,11,40,9,6,2019,"('delhi', 'cochin')",18804
Air India,kolkata,banglore,745,1,no info,20,30,12,5,2019,"('kolkata', 'banglore')",10203
Air India,delhi,cochin,1640,1,no info,6,5,6,3,2019,"('delhi', 'cochin')",12677
Indigo,delhi,cochin,575,1,no info,11,25,27,6,2019,"('delhi', 'cochin')",5894
Multiple Carriers,delhi,cochin,650,1,no info,8,25,27,3,2019,"('delhi', 'cochin')",8601
Jet Airways,banglore,delhi,175,0,no info,15,15,1,6,2019,"('banglore', 'delhi')",8016
Indigo,banglore,new delhi,175,0,no info,7,10,3,3,2019,"('banglore', 'new delhi')",7648
Indigo,mumbai,hyderabad,90,0,no info,12,0,24,6,2019,"('mumbai', 'hyderabad')",2754
Jet Airways,banglore,delhi,165,0,in-flight meal not included,6,0,27,4,2019,"('banglore', 'delhi')",4544
Multiple Carriers,delhi,cochin,705,1,no info,7,30,9,5,2019,"('delhi', 'cochin')",8266
Air India,delhi,cochin,2170,2,no info,7,5,6,3,2019,"('delhi', 'cochin')",11552
Jet Airways,kolkata,banglore,510,1,no info,14,5,6,6,2019,"('kolkata', 'banglore')",14571
Indigo,banglore,new delhi,170,0,no info,16,55,1,3,2019,"('banglore', 'new delhi')",12649
Spicejet,kolkata,banglore,330,1,no info,15,55,9,5,2019,"('kolkata', 'banglore')",8224
Multiple Carriers,delhi,cochin,830,1,no info,11,40,15,6,2019,"('delhi', 'cochin')",6795
Jet Airways,kolkata,banglore,685,1,no info,8,25,1,4,2019,"('kolkata', 'banglore')",12681
Indigo,banglore,delhi,170,0,no info,22,10,24,4,2019,"('banglore', 'delhi')",3625
Jet Airways,delhi,cochin,1570,1,in-flight meal not included,2,15,27,5,2019,"('delhi', 'cochin')",12898
Indigo,banglore,delhi,165,0,no info,1,30,1,5,2019,"('banglore', 'delhi')",4077
Multiple Carriers,delhi,cochin,795,1,no info,6,0,9,3,2019,"('delhi', 'cochin')",14408
Indigo,kolkata,banglore,155,0,no info,15,30,9,5,2019,"('kolkata', 'banglore')",4804
Multiple Carriers,delhi,cochin,920,1,no info,7,10,12,6,2019,"('delhi', 'cochin')",6513
Air India,mumbai,hyderabad,465,1,no info,16,0,6,3,2019,"('mumbai', 'hyderabad')",11678
Air India,chennai,kolkata,135,0,no info,11,40,12,3,2019,"('chennai', 'kolkata')",7082
Jet Airways,banglore,new delhi,460,1,no info,21,25,15,3,2019,"('banglore', 'new delhi')",27210
Indigo,chennai,kolkata,145,0,no info,14,40,1,3,2019,"('chennai', 'kolkata')",7295
Goair,banglore,delhi,165,0,no info,20,55,24,5,2019,"('banglore', 'delhi')",3419
Indigo,mumbai,hyderabad,90,0,no info,16,55,9,5,2019,"('mumbai', 'hyderabad')",4784
Air India,banglore,new delhi,725,1,change airports,11,50,1,3,2019,"('banglore', 'new delhi')",26092
Indigo,delhi,cochin,415,1,no info,18,35,6,5,2019,"('delhi', 'cochin')",7191
Vistara,banglore,delhi,160,0,no info,7,0,1,4,2019,"('banglore', 'delhi')",5403
Indigo,delhi,cochin,630,1,no info,15,0,9,5,2019,"('delhi', 'cochin')",8330
Jet Airways,delhi,cochin,1425,1,in-flight meal not included,19,15,12,6,2019,"('delhi', 'cochin')",10262
Air India,kolkata,banglore,245,1,no info,9,10,1,4,2019,"('kolkata', 'banglore')",5793
Jet Airways,kolkata,banglore,1005,1,no info,17,0,12,5,2019,"('kolkata', 'banglore')",14151
Air India,delhi,cochin,800,2,no info,5,55,27,6,2019,"('delhi', 'cochin')",11386
Vistara,kolkata,banglore,1555,1,no info,7,10,1,4,2019,"('kolkata', 'banglore')",7980
Indigo,banglore,delhi,170,0,no info,16,55,1,6,2019,"('banglore', 'delhi')",4823
Vistara,banglore,new delhi,175,0,no info,21,10,24,3,2019,"('banglore', 'new delhi')",6558
Jet Airways,delhi,cochin,1465,2,no info,18,25,21,3,2019,"('delhi', 'cochin')",12347
Air India,banglore,new delhi,1475,2,no info,8,50,12,3,2019,"('banglore', 'new delhi')",12725
Spicejet,kolkata,banglore,140,0,no check-in baggage included,22,20,6,6,2019,"('kolkata', 'banglore')",3841
Jet Airways,kolkata,banglore,750,1,no info,9,35,9,5,2019,"('kolkata', 'banglore')",14151
Multiple Carriers,delhi,cochin,720,1,no info,9,0,24,6,2019,"('delhi', 'cochin')",13587
Jet Airways,kolkata,banglore,1655,1,no info,8,25,24,3,2019,"('kolkata', 'banglore')",13759
Goair,delhi,cochin,355,1,no info,7,0,24,6,2019,"('delhi', 'cochin')",5281
Jet Airways,kolkata,banglore,960,1,in-flight meal not included,20,0,12,5,2019,"('kolkata', 'banglore')",9663
Air India,delhi,cochin,1820,2,no info,12,55,15,6,2019,"('delhi', 'cochin')",12646
Indigo,kolkata,banglore,155,0,no info,17,15,27,5,2019,"('kolkata', 'banglore')",4804
Vistara,kolkata,banglore,1350,1,no info,20,20,1,4,2019,"('kolkata', 'banglore')",7927
Jet Airways,delhi,cochin,1655,1,in-flight meal not included,9,0,3,6,2019,"('delhi', 'cochin')",10262
Indigo,delhi,cochin,705,1,no info,9,15,24,6,2019,"('delhi', 'cochin')",6838
Jet Airways,kolkata,banglore,1295,1,no info,20,25,24,5,2019,"('kolkata', 'banglore')",14151
Jet Airways,delhi,cochin,620,1,in-flight meal not included,2,15,15,6,2019,"('delhi', 'cochin')",10262
Indigo,mumbai,hyderabad,90,0,no info,2,35,6,5,2019,"('mumbai', 'hyderabad')",3342
Indigo,delhi,cochin,515,1,no info,7,35,27,6,2019,"('delhi', 'cochin')",6442
Indigo,delhi,cochin,485,1,no info,17,30,6,3,2019,"('delhi', 'cochin')",14871
Indigo,delhi,cochin,560,1,no info,6,50,1,6,2019,"('delhi', 'cochin')",6442
Air India,kolkata,banglore,1560,2,no info,9,10,24,3,2019,"('kolkata', 'banglore')",15187
Vistara,chennai,kolkata,140,0,no info,17,45,15,6,2019,"('chennai', 'kolkata')",11982
Indigo,banglore,delhi,165,0,no info,1,30,18,4,2019,"('banglore', 'delhi')",4591
Spicejet,banglore,new delhi,175,0,no check-in baggage included,9,35,21,3,2019,"('banglore', 'new delhi')",4839
Multiple Carriers,delhi,cochin,765,1,no info,7,0,9,3,2019,"('delhi', 'cochin')",15237
Air India,chennai,kolkata,135,0,no info,11,40,15,3,2019,"('chennai', 'kolkata')",7082
Jet Airways,banglore,delhi,180,0,in-flight meal not included,8,20,21,4,2019,"('banglore', 'delhi')",5198
Multiple Carriers,delhi,cochin,560,1,no info,4,0,27,3,2019,"('delhi', 'cochin')",6305
Jet Airways,banglore,new delhi,1445,1,in-flight meal not included,8,55,6,3,2019,"('banglore', 'new delhi')",13712
Air India,mumbai,hyderabad,810,1,no info,19,40,12,3,2019,"('mumbai', 'hyderabad')",10208
Multiple Carriers,delhi,cochin,795,1,no info,6,0,18,5,2019,"('delhi', 'cochin')",8476
Jet Airways,banglore,new delhi,305,1,no info,14,5,6,3,2019,"('banglore', 'new delhi')",19225
Jet Airways,delhi,cochin,825,1,in-flight meal not included,22,50,12,6,2019,"('delhi', 'cochin')",10262
Multiple Carriers,delhi,cochin,440,1,no info,18,15,3,3,2019,"('delhi', 'cochin')",18916
Air India,delhi,cochin,1490,2,no info,6,50,27,6,2019,"('delhi', 'cochin')",14431
Indigo,kolkata,banglore,165,0,no info,9,35,18,5,2019,"('kolkata', 'banglore')",4804
Jet Airways,kolkata,banglore,1315,1,in-flight meal not included,14,5,18,5,2019,"('kolkata', 'banglore')",9663
Jet Airways,delhi,cochin,1465,2,in-flight meal not included,18,25,21,3,2019,"('delhi', 'cochin')",9270
Jet Airways,banglore,new delhi,370,1,in-flight meal not included,9,45,21,3,2019,"('banglore', 'new delhi')",7280
Indigo,chennai,kolkata,140,0,no info,5,15,9,3,2019,"('chennai', 'kolkata')",6482
Indigo,banglore,delhi,170,0,no info,13,0,27,4,2019,"('banglore', 'delhi')",4423
Jet Airways,kolkata,banglore,1285,1,in-flight meal not included,18,55,15,5,2019,"('kolkata', 'banglore')",10844
Jet Airways,kolkata,banglore,890,1,in-flight meal not included,21,10,6,5,2019,"('kolkata', 'banglore')",9663
Multiple Carriers,delhi,cochin,545,1,no info,13,15,9,3,2019,"('delhi', 'cochin')",9856
Jet Airways,delhi,cochin,335,1,no info,22,50,27,6,2019,"('delhi', 'cochin')",16079
Jet Airways,banglore,delhi,175,0,no info,11,10,15,6,2019,"('banglore', 'delhi')",8016
Jet Airways,banglore,new delhi,280,1,in-flight meal not included,9,45,15,3,2019,"('banglore', 'new delhi')",6136
Jet Airways,banglore,new delhi,1410,1,in-flight meal not included,18,55,12,3,2019,"('banglore', 'new delhi')",11087
Vistara,kolkata,banglore,1580,1,no info,20,20,15,5,2019,"('kolkata', 'banglore')",8452
Air India,banglore,new delhi,165,0,no info,10,0,24,3,2019,"('banglore', 'new delhi')",4441
Jet Airways,delhi,cochin,455,1,no info,20,50,21,3,2019,"('delhi', 'cochin')",14189
Spicejet,kolkata,banglore,145,0,no info,9,0,1,6,2019,"('kolkata', 'banglore')",4174
Spicejet,mumbai,hyderabad,85,0,no info,22,45,15,3,2019,"('mumbai', 'hyderabad')",2753
Air India,delhi,cochin,965,1,no info,17,20,6,3,2019,"('delhi', 'cochin')",12677
Jet Airways,banglore,new delhi,420,2,no info,8,55,18,3,2019,"('banglore', 'new delhi')",16338
Jet Airways,banglore,delhi,175,0,in-flight meal not included,15,15,3,5,2019,"('banglore', 'delhi')",4544
Indigo,kolkata,banglore,160,0,no info,21,25,9,6,2019,"('kolkata', 'banglore')",4804
Air India,delhi,cochin,1485,2,no info,18,30,12,6,2019,"('delhi', 'cochin')",12488
Goair,delhi,cochin,310,1,no info,14,25,1,6,2019,"('delhi', 'cochin')",10651
Jet Airways,kolkata,banglore,1585,1,in-flight meal not included,21,10,9,6,2019,"('kolkata', 'banglore')",10844
Air Asia,kolkata,banglore,500,2,no info,15,10,9,5,2019,"('kolkata', 'banglore')",5192
Air India,mumbai,hyderabad,75,0,no info,19,30,12,5,2019,"('mumbai', 'hyderabad')",3625
Indigo,kolkata,banglore,150,0,no info,14,25,3,5,2019,"('kolkata', 'banglore')",5224
Jet Airways,delhi,cochin,745,1,in-flight meal not included,16,0,27,3,2019,"('delhi', 'cochin')",6540
Air India,kolkata,banglore,1185,2,no info,16,45,1,5,2019,"('kolkata', 'banglore')",14960
Multiple Carriers,delhi,cochin,455,1,no info,18,0,27,3,2019,"('delhi', 'cochin')",6673
Jet Airways,delhi,cochin,910,2,no info,21,25,9,6,2019,"('delhi', 'cochin')",13292
Jet Airways,banglore,new delhi,640,1,in-flight meal not included,22,50,18,3,2019,"('banglore', 'new delhi')",11087
Indigo,mumbai,hyderabad,85,0,no info,12,0,1,3,2019,"('mumbai', 'hyderabad')",12475
Vistara,kolkata,banglore,970,1,no info,17,0,24,3,2019,"('kolkata', 'banglore')",13310
Goair,delhi,cochin,540,1,no info,10,35,15,4,2019,"('delhi', 'cochin')",5752
Spicejet,kolkata,banglore,145,0,no info,9,0,27,6,2019,"('kolkata', 'banglore')",3873
Air India,mumbai,hyderabad,80,0,no info,6,20,24,5,2019,"('mumbai', 'hyderabad')",3100
Indigo,chennai,kolkata,140,0,no info,14,45,6,5,2019,"('chennai', 'kolkata')",3597
Jet Airways,banglore,delhi,180,0,no info,8,20,12,5,2019,"('banglore', 'delhi')",7229
Spicejet,mumbai,hyderabad,90,0,no info,5,45,1,6,2019,"('mumbai', 'hyderabad')",2753
Indigo,delhi,cochin,425,1,no info,4,55,3,3,2019,"('delhi', 'cochin')",9585
Spicejet,kolkata,banglore,435,1,no info,11,35,18,5,2019,"('kolkata', 'banglore')",8479
Air India,banglore,new delhi,1510,1,no info,11,50,15,3,2019,"('banglore', 'new delhi')",8032
Jet Airways,kolkata,banglore,1145,1,no info,16,55,24,3,2019,"('kolkata', 'banglore')",14231
Indigo,chennai,kolkata,140,0,no info,7,55,27,3,2019,"('chennai', 'kolkata')",3384
Indigo,mumbai,hyderabad,85,0,no info,12,0,21,3,2019,"('mumbai', 'hyderabad')",3342
Spicejet,banglore,delhi,170,0,no info,9,30,3,4,2019,"('banglore', 'delhi')",3971
Multiple Carriers,delhi,cochin,735,1,no info,8,45,15,5,2019,"('delhi', 'cochin')",7670
Spicejet,kolkata,banglore,145,0,no info,9,0,24,6,2019,"('kolkata', 'banglore')",3873
Goair,banglore,delhi,175,0,no info,7,45,18,4,2019,"('banglore', 'delhi')",5048
Indigo,kolkata,banglore,165,0,no info,22,10,3,3,2019,"('kolkata', 'banglore')",5618
Indigo,mumbai,hyderabad,90,0,no info,6,25,9,5,2019,"('mumbai', 'hyderabad')",4049
Indigo,delhi,cochin,505,1,no info,17,10,27,3,2019,"('delhi', 'cochin')",6316
Multiple Carriers,delhi,cochin,910,1,no info,3,50,27,5,2019,"('delhi', 'cochin')",10197
Air India,kolkata,banglore,1165,2,no info,10,0,12,5,2019,"('kolkata', 'banglore')",14634
Indigo,delhi,cochin,750,1,no info,8,30,6,6,2019,"('delhi', 'cochin')",6416
Jet Airways,kolkata,banglore,1405,1,no info,16,55,24,3,2019,"('kolkata', 'banglore')",14231
Spicejet,kolkata,banglore,155,0,no check-in baggage included,6,55,1,6,2019,"('kolkata', 'banglore')",3841
Jet Airways,delhi,cochin,1775,2,no info,13,25,27,6,2019,"('delhi', 'cochin')",12819
Jet Airways,kolkata,banglore,965,1,no info,6,30,24,3,2019,"('kolkata', 'banglore')",13339
Spicejet,chennai,kolkata,135,0,no info,8,20,1,5,2019,"('chennai', 'kolkata')",3597
Jet Airways,banglore,new delhi,460,1,no info,21,25,6,3,2019,"('banglore', 'new delhi')",19225
Jet Airways,delhi,cochin,800,1,in-flight meal not included,15,5,9,3,2019,"('delhi', 'cochin')",14053
Jet Airways,delhi,cochin,1280,1,no info,7,5,21,3,2019,"('delhi', 'cochin')",12767
Spicejet,delhi,cochin,380,1,no info,15,45,9,6,2019,"('delhi', 'cochin')",6297
Indigo,delhi,cochin,625,1,no info,10,35,18,5,2019,"('delhi', 'cochin')",7503
Multiple Carriers,delhi,cochin,630,1,no info,8,45,18,5,2019,"('delhi', 'cochin')",8476
Air India,delhi,cochin,1395,1,no info,20,0,27,5,2019,"('delhi', 'cochin')",8372
Spicejet,chennai,kolkata,140,0,no check-in baggage included,17,45,21,6,2019,"('chennai', 'kolkata')",3543
Indigo,delhi,cochin,300,1,no info,16,0,6,6,2019,"('delhi', 'cochin')",6069
Jet Airways,banglore,new delhi,920,1,no info,16,55,6,3,2019,"('banglore', 'new delhi')",16736
Spicejet,mumbai,hyderabad,90,0,no check-in baggage included,5,45,6,5,2019,"('mumbai', 'hyderabad')",1965
Multiple Carriers,delhi,cochin,480,1,no info,13,0,9,5,2019,"('delhi', 'cochin')",8073
Vistara,mumbai,hyderabad,1505,1,no info,15,40,6,3,2019,"('mumbai', 'hyderabad')",12395
Spicejet,delhi,cochin,295,1,no info,17,55,21,5,2019,"('delhi', 'cochin')",5975
Multiple Carriers,delhi,cochin,900,1,in-flight meal not included,6,0,27,6,2019,"('delhi', 'cochin')",6007
Indigo,mumbai,hyderabad,90,0,no info,2,35,27,5,2019,"('mumbai', 'hyderabad')",2754
Indigo,kolkata,banglore,150,0,no info,14,25,24,5,2019,"('kolkata', 'banglore')",5224
Indigo,delhi,cochin,480,1,no info,14,20,27,3,2019,"('delhi', 'cochin')",6938
Goair,banglore,new delhi,175,0,no info,20,55,15,3,2019,"('banglore', 'new delhi')",8722
Air India,banglore,new delhi,855,1,no info,9,30,3,3,2019,"('banglore', 'new delhi')",11654
Spicejet,banglore,delhi,175,0,no check-in baggage included,21,10,27,5,2019,"('banglore', 'delhi')",3257
Air India,delhi,cochin,1730,2,no info,14,25,9,5,2019,"('delhi', 'cochin')",13591
Spicejet,chennai,kolkata,135,0,no check-in baggage included,8,20,27,6,2019,"('chennai', 'kolkata')",3543
Jet Airways,banglore,new delhi,860,1,no info,7,0,12,3,2019,"('banglore', 'new delhi')",13817
Jet Airways,delhi,cochin,1475,2,in-flight meal not included,19,10,27,3,2019,"('delhi', 'cochin')",8882
Multiple Carriers,delhi,cochin,690,1,no info,7,30,24,6,2019,"('delhi', 'cochin')",10877
Indigo,kolkata,banglore,150,0,no info,15,15,6,4,2019,"('kolkata', 'banglore')",4174
Indigo,delhi,cochin,275,1,no info,7,35,27,5,2019,"('delhi', 'cochin')",5054
Multiple Carriers,delhi,cochin,480,1,no info,13,0,3,6,2019,"('delhi', 'cochin')",7408
Spicejet,kolkata,banglore,145,0,no check-in baggage included,9,0,27,6,2019,"('kolkata', 'banglore')",3841
Indigo,delhi,cochin,570,1,no info,16,0,9,4,2019,"('delhi', 'cochin')",6573
Jet Airways,mumbai,hyderabad,90,0,in-flight meal not included,19,35,9,5,2019,"('mumbai', 'hyderabad')",2759
Air India,delhi,cochin,795,1,no info,9,45,27,5,2019,"('delhi', 'cochin')",8907
Jet Airways,delhi,cochin,1025,2,in-flight meal not included,19,30,18,5,2019,"('delhi', 'cochin')",10368
Air India,delhi,cochin,1180,2,no info,12,0,12,6,2019,"('delhi', 'cochin')",8603
Indigo,banglore,delhi,180,0,no info,21,15,21,5,2019,"('banglore', 'delhi')",3943
Indigo,delhi,cochin,750,1,no info,8,30,12,6,2019,"('delhi', 'cochin')",6093
Spicejet,delhi,cochin,295,1,no info,17,55,24,6,2019,"('delhi', 'cochin')",4957
Indigo,kolkata,banglore,155,0,no info,22,15,15,6,2019,"('kolkata', 'banglore')",4804
Jet Airways,banglore,new delhi,640,1,no info,22,50,18,3,2019,"('banglore', 'new delhi')",13555
Multiple Carriers,delhi,cochin,555,1,no info,13,15,9,5,2019,"('delhi', 'cochin')",8888
Indigo,chennai,kolkata,140,0,no info,22,5,27,3,2019,"('chennai', 'kolkata')",5277
Air India,kolkata,banglore,1435,1,no info,20,30,24,3,2019,"('kolkata', 'banglore')",12173
Indigo,kolkata,banglore,165,0,no info,9,35,24,6,2019,"('kolkata', 'banglore')",4804
Jet Airways,banglore,new delhi,1200,1,no info,11,40,18,3,2019,"('banglore', 'new delhi')",12284
Spicejet,banglore,delhi,170,0,no info,9,30,1,5,2019,"('banglore', 'delhi')",4423
Jet Airways,delhi,cochin,1415,1,no info,19,15,21,3,2019,"('delhi', 'cochin')",12347
Spicejet,kolkata,banglore,150,0,no info,14,55,6,4,2019,"('kolkata', 'banglore')",3873
Jet Airways,delhi,cochin,885,1,in-flight meal not included,21,50,24,6,2019,"('delhi', 'cochin')",10262
Air Asia,kolkata,banglore,150,0,no info,19,35,18,3,2019,"('kolkata', 'banglore')",4384
Jet Airways,banglore,delhi,180,0,in-flight meal not included,19,50,24,5,2019,"('banglore', 'delhi')",6144
Jet Airways,delhi,cochin,540,1,in-flight meal not included,10,0,24,6,2019,"('delhi', 'cochin')",10262
Multiple Carriers,delhi,cochin,560,1,no info,11,40,27,5,2019,"('delhi', 'cochin')",7005
Jet Airways,kolkata,banglore,665,1,in-flight meal not included,21,10,12,6,2019,"('kolkata', 'banglore')",8529
Air India,delhi,cochin,1180,2,no info,12,0,6,6,2019,"('delhi', 'cochin')",8603
Indigo,delhi,cochin,880,2,no info,6,40,21,3,2019,"('delhi', 'cochin')",6494
Air India,delhi,cochin,1275,2,no info,22,0,9,6,2019,"('delhi', 'cochin')",10441
Indigo,banglore,delhi,170,0,no info,8,30,15,5,2019,"('banglore', 'delhi')",4823
Goair,banglore,delhi,175,0,no info,7,45,21,4,2019,"('banglore', 'delhi')",4632
Indigo,delhi,cochin,560,1,no info,6,50,27,4,2019,"('delhi', 'cochin')",6442
Indigo,delhi,cochin,275,1,no info,7,35,27,6,2019,"('delhi', 'cochin')",5054
Multiple Carriers,delhi,cochin,540,1,no info,7,10,3,6,2019,"('delhi', 'cochin')",7878
Vistara,banglore,delhi,160,0,no info,7,0,15,6,2019,"('banglore', 'delhi')",4878
Jet Airways,delhi,cochin,1570,1,no info,2,15,9,3,2019,"('delhi', 'cochin')",15029
Air India,banglore,new delhi,1490,1,no info,10,30,15,3,2019,"('banglore', 'new delhi')",7013
Indigo,mumbai,hyderabad,85,0,no info,6,20,27,3,2019,"('mumbai', 'hyderabad')",3175
Air India,mumbai,hyderabad,85,0,no info,15,0,15,3,2019,"('mumbai', 'hyderabad')",2050
Air India,delhi,cochin,170,0,no info,5,10,9,3,2019,"('delhi', 'cochin')",5831
Multiple Carriers,delhi,cochin,490,1,in-flight meal not included,12,50,27,6,2019,"('delhi', 'cochin')",6007
Air India,kolkata,banglore,1195,2,no info,12,0,9,5,2019,"('kolkata', 'banglore')",9416
Jet Airways,kolkata,banglore,1520,1,no info,9,35,6,5,2019,"('kolkata', 'banglore')",13067
Jet Airways,kolkata,banglore,1720,1,in-flight meal not included,18,55,24,5,2019,"('kolkata', 'banglore')",10844
Jet Airways,kolkata,banglore,330,1,in-flight meal not included,6,30,9,6,2019,"('kolkata', 'banglore')",10844
Indigo,kolkata,banglore,155,0,no info,15,30,12,4,2019,"('kolkata', 'banglore')",4174
Indigo,delhi,cochin,345,1,no info,21,50,27,4,2019,"('delhi', 'cochin')",6307
Air India,delhi,cochin,970,2,no info,17,15,6,3,2019,"('delhi', 'cochin')",9417
Jet Airways,banglore,new delhi,390,1,in-flight meal not included,5,50,9,3,2019,"('banglore', 'new delhi')",10037
Indigo,kolkata,banglore,220,1,no info,19,35,1,4,2019,"('kolkata', 'banglore')",4226
Jet Airways,banglore,new delhi,1045,1,in-flight meal not included,11,40,18,3,2019,"('banglore', 'new delhi')",11087
Air India,mumbai,hyderabad,990,2,no info,5,30,6,3,2019,"('mumbai', 'hyderabad')",9678
Air India,delhi,cochin,1730,2,no info,14,25,6,6,2019,"('delhi', 'cochin')",13591
Spicejet,banglore,delhi,170,0,no info,9,30,9,5,2019,"('banglore', 'delhi')",4991
Jet Airways,kolkata,banglore,475,1,in-flight meal not included,8,25,1,4,2019,"('kolkata', 'banglore')",7851
Jet Airways,kolkata,banglore,1330,1,in-flight meal not included,6,30,6,5,2019,"('kolkata', 'banglore')",8586
Jet Airways,kolkata,banglore,1585,1,in-flight meal not included,13,55,24,3,2019,"('kolkata', 'banglore')",10031
Jet Airways,kolkata,banglore,1630,1,no info,20,25,6,6,2019,"('kolkata', 'banglore')",14151
Spicejet,mumbai,hyderabad,90,0,no check-in baggage included,22,45,15,5,2019,"('mumbai', 'hyderabad')",1965
Jet Airways,banglore,delhi,180,0,in-flight meal not included,17,45,27,6,2019,"('banglore', 'delhi')",7229
Vistara,kolkata,banglore,965,1,no info,17,0,1,5,2019,"('kolkata', 'banglore')",8452
Jet Airways,kolkata,banglore,395,1,no info,17,0,21,5,2019,"('kolkata', 'banglore')",14151
Multiple Carriers,delhi,cochin,750,1,no info,13,0,1,6,2019,"('delhi', 'cochin')",13377
Air India,kolkata,banglore,890,1,no info,19,0,1,4,2019,"('kolkata', 'banglore')",4227
Spicejet,kolkata,banglore,140,0,no info,22,20,27,6,2019,"('kolkata', 'banglore')",3873
Jet Airways,delhi,cochin,1025,2,in-flight meal not included,19,30,24,6,2019,"('delhi', 'cochin')",10368
Air India,banglore,new delhi,165,0,no info,6,10,24,3,2019,"('banglore', 'new delhi')",3758
Goair,delhi,cochin,370,1,no info,7,25,1,6,2019,"('delhi', 'cochin')",6393
Multiple Carriers,delhi,cochin,570,1,no info,11,30,18,5,2019,"('delhi', 'cochin')",13727
Vistara,banglore,delhi,170,0,no info,21,0,12,6,2019,"('banglore', 'delhi')",4668
Air India,banglore,new delhi,905,2,no info,8,50,1,3,2019,"('banglore', 'new delhi')",17345
Air India,kolkata,banglore,805,1,no info,7,0,18,5,2019,"('kolkata', 'banglore')",11306
Indigo,banglore,delhi,175,0,no info,18,55,15,5,2019,"('banglore', 'delhi')",4823
Jet Airways,delhi,cochin,335,1,in-flight meal not included,22,50,3,6,2019,"('delhi', 'cochin')",10262
Jet Airways,kolkata,banglore,1550,1,in-flight meal not included,18,55,6,6,2019,"('kolkata', 'banglore')",10844
Multiple Carriers,delhi,cochin,720,1,no info,9,0,12,6,2019,"('delhi', 'cochin')",13587
Vistara,kolkata,banglore,1550,1,no info,17,0,9,5,2019,"('kolkata', 'banglore')",8820
Air Asia,kolkata,banglore,150,0,no info,19,55,1,4,2019,"('kolkata', 'banglore')",3807
Jet Airways,delhi,cochin,535,1,in-flight meal not included,9,55,27,3,2019,"('delhi', 'cochin')",5963
Air India,banglore,new delhi,655,2,no info,10,30,1,3,2019,"('banglore', 'new delhi')",11213
Multiple Carriers,delhi,cochin,675,1,no info,8,0,3,6,2019,"('delhi', 'cochin')",15058
Multiple Carriers,delhi,cochin,615,1,no info,9,0,9,4,2019,"('delhi', 'cochin')",12853
Indigo,kolkata,banglore,155,0,no info,17,15,18,5,2019,"('kolkata', 'banglore')",4804
Vistara,kolkata,banglore,1640,1,no info,17,0,9,5,2019,"('kolkata', 'banglore')",9555
Spicejet,kolkata,banglore,140,0,no info,22,20,27,3,2019,"('kolkata', 'banglore')",3847
Jet Airways,kolkata,banglore,450,1,in-flight meal not included,21,10,12,5,2019,"('kolkata', 'banglore')",8586
Air India,kolkata,banglore,1100,2,no info,7,0,12,5,2019,"('kolkata', 'banglore')",13243
Indigo,kolkata,banglore,315,1,no info,15,15,9,5,2019,"('kolkata', 'banglore')",4565
Multiple Carriers,delhi,cochin,460,1,no info,4,55,9,6,2019,"('delhi', 'cochin')",10877
Jet Airways,mumbai,hyderabad,85,0,in-flight meal not included,2,55,1,4,2019,"('mumbai', 'hyderabad')",2228
Jet Airways,mumbai,hyderabad,90,0,no info,19,35,15,3,2019,"('mumbai', 'hyderabad')",5678
Jet Airways,delhi,cochin,940,1,in-flight meal not included,20,55,3,6,2019,"('delhi', 'cochin')",10262
Jet Airways,kolkata,banglore,850,1,in-flight meal not included,8,25,1,4,2019,"('kolkata', 'banglore')",7064
Jet Airways,kolkata,banglore,865,1,in-flight meal not included,18,55,1,4,2019,"('kolkata', 'banglore')",7064
Air India,mumbai,hyderabad,560,2,no info,5,30,6,3,2019,"('mumbai', 'hyderabad')",13757
Jet Airways,delhi,cochin,1480,2,no info,18,20,12,6,2019,"('delhi', 'cochin')",14300
Air India,delhi,cochin,1410,2,no info,19,45,15,6,2019,"('delhi', 'cochin')",9653
Jet Airways,delhi,cochin,865,1,in-flight meal not included,14,0,9,5,2019,"('delhi', 'cochin')",12373
Spicejet,kolkata,banglore,145,0,no check-in baggage included,9,0,3,5,2019,"('kolkata', 'banglore')",3841
Jet Airways,kolkata,banglore,345,1,no info,14,5,6,5,2019,"('kolkata', 'banglore')",14781
Jet Airways,kolkata,banglore,1630,1,no info,20,25,6,5,2019,"('kolkata', 'banglore')",10953
Jet Airways,kolkata,banglore,400,1,in-flight meal not included,14,5,15,5,2019,"('kolkata', 'banglore')",10844
Indigo,delhi,cochin,940,1,no info,6,50,9,5,2019,"('delhi', 'cochin')",6734
Air India,delhi,cochin,1275,2,no info,22,0,6,6,2019,"('delhi', 'cochin')",10441
Indigo,delhi,cochin,415,1,no info,18,35,18,5,2019,"('delhi', 'cochin')",7503
Indigo,banglore,delhi,170,0,no info,22,10,1,5,2019,"('banglore', 'delhi')",3943
Jet Airways,kolkata,banglore,475,1,no info,8,25,21,5,2019,"('kolkata', 'banglore')",14781
Jet Airways,kolkata,banglore,365,1,in-flight meal not included,16,30,6,5,2019,"('kolkata', 'banglore')",10844
Indigo,chennai,kolkata,140,0,no info,7,55,15,5,2019,"('chennai', 'kolkata')",3850
Indigo,kolkata,banglore,150,0,no info,14,25,21,4,2019,"('kolkata', 'banglore')",5644
Spicejet,chennai,kolkata,135,0,no info,8,20,18,3,2019,"('chennai', 'kolkata')",3859
Spicejet,kolkata,banglore,150,0,no check-in baggage included,14,55,6,4,2019,"('kolkata', 'banglore')",3841
Jet Airways,kolkata,banglore,1495,1,in-flight meal not included,18,55,9,6,2019,"('kolkata', 'banglore')",10844
Jet Airways,delhi,cochin,715,1,in-flight meal not included,7,5,9,6,2019,"('delhi', 'cochin')",10262
Air India,delhi,cochin,615,1,no info,9,0,27,5,2019,"('delhi', 'cochin')",9929
Air India,delhi,cochin,875,1,no info,17,40,6,6,2019,"('delhi', 'cochin')",7258
Indigo,banglore,delhi,185,0,no info,18,15,21,6,2019,"('banglore', 'delhi')",4990
Jet Airways,delhi,cochin,810,2,in-flight meal not included,5,30,15,6,2019,"('delhi', 'cochin')",11507
Jet Airways,delhi,cochin,1655,1,in-flight meal not included,9,0,18,5,2019,"('delhi', 'cochin')",12373
Air India,mumbai,hyderabad,80,0,no info,6,20,21,3,2019,"('mumbai', 'hyderabad')",3100
Air India,delhi,cochin,1210,2,no info,13,15,27,5,2019,"('delhi', 'cochin')",10467
Air India,kolkata,banglore,905,1,no info,16,50,24,5,2019,"('kolkata', 'banglore')",8576
Indigo,banglore,delhi,170,0,no info,4,0,12,6,2019,"('banglore', 'delhi')",3943
Jet Airways,kolkata,banglore,575,1,no info,9,35,6,6,2019,"('kolkata', 'banglore')",14151
Air India,kolkata,banglore,970,2,no info,16,45,12,6,2019,"('kolkata', 'banglore')",14960
Indigo,chennai,kolkata,140,0,no info,13,15,27,6,2019,"('chennai', 'kolkata')",3597
Air India,delhi,cochin,2280,3,no info,5,15,15,6,2019,"('delhi', 'cochin')",10703
Goair,banglore,new delhi,175,0,no info,20,55,3,3,2019,"('banglore', 'new delhi')",7222
Jet Airways,kolkata,banglore,800,1,no info,20,0,21,5,2019,"('kolkata', 'banglore')",14781
Air India,banglore,delhi,165,0,no info,10,0,24,4,2019,"('banglore', 'delhi')",6121
Air India,banglore,new delhi,1330,1,no info,11,5,1,3,2019,"('banglore', 'new delhi')",13439
Multiple Carriers,delhi,cochin,660,1,no info,8,0,15,5,2019,"('delhi', 'cochin')",10197
Vistara,kolkata,banglore,900,1,no info,7,10,24,3,2019,"('kolkata', 'banglore')",12942
Indigo,banglore,new delhi,165,0,no info,0,40,3,3,2019,"('banglore', 'new delhi')",6144
Spicejet,delhi,cochin,315,1,no info,6,5,9,4,2019,"('delhi', 'cochin')",5351
Air India,chennai,kolkata,135,0,no info,11,40,15,6,2019,"('chennai', 'kolkata')",4667
Air India,kolkata,banglore,1555,2,no info,9,10,12,6,2019,"('kolkata', 'banglore')",6117
Indigo,delhi,cochin,305,1,no info,23,30,27,6,2019,"('delhi', 'cochin')",9165
Goair,delhi,cochin,310,1,no info,14,25,24,6,2019,"('delhi', 'cochin')",7870
Multiple Carriers,delhi,cochin,900,1,no info,6,0,27,3,2019,"('delhi', 'cochin')",8055
Spicejet,kolkata,banglore,140,0,no check-in baggage included,22,20,24,6,2019,"('kolkata', 'banglore')",3841
Spicejet,chennai,kolkata,135,0,no info,9,45,24,5,2019,"('chennai', 'kolkata')",3597
Jet Airways,mumbai,hyderabad,85,0,in-flight meal not included,2,55,21,6,2019,"('mumbai', 'hyderabad')",4995
Jet Airways,kolkata,banglore,730,1,in-flight meal not included,21,10,21,5,2019,"('kolkata', 'banglore')",10844
Indigo,delhi,cochin,480,1,no info,7,30,27,3,2019,"('delhi', 'cochin')",8574
Indigo,delhi,cochin,705,1,no info,9,15,1,6,2019,"('delhi', 'cochin')",7258
Air India,mumbai,hyderabad,75,0,no info,19,30,6,3,2019,"('mumbai', 'hyderabad')",5462
Jet Airways,delhi,cochin,745,1,in-flight meal not included,16,0,24,6,2019,"('delhi', 'cochin')",10262
Jet Airways,delhi,cochin,1490,2,no info,11,45,12,6,2019,"('delhi', 'cochin')",13882
Multiple Carriers,delhi,cochin,795,1,no info,6,0,21,5,2019,"('delhi', 'cochin')",8266
Indigo,banglore,delhi,170,0,no info,20,0,27,4,2019,"('banglore', 'delhi')",4823
Jet Airways,banglore,delhi,180,0,no info,19,50,9,5,2019,"('banglore', 'delhi')",7229
Indigo,chennai,kolkata,140,0,no info,7,55,9,3,2019,"('chennai', 'kolkata')",6297
Air India,banglore,new delhi,1010,2,no info,17,25,12,3,2019,"('banglore', 'new delhi')",12778
Jet Airways,kolkata,banglore,450,1,in-flight meal not included,21,10,12,6,2019,"('kolkata', 'banglore')",7594
Jet Airways,kolkata,banglore,1295,1,no info,20,25,12,5,2019,"('kolkata', 'banglore')",14151
Indigo,mumbai,hyderabad,90,0,no info,9,10,24,6,2019,"('mumbai', 'hyderabad')",4049
Vistara,kolkata,banglore,700,1,no info,7,10,15,5,2019,"('kolkata', 'banglore')",9345
Multiple Carriers,delhi,cochin,690,1,no info,14,0,6,6,2019,"('delhi', 'cochin')",13377
Indigo,banglore,delhi,170,0,no info,13,0,15,4,2019,"('banglore', 'delhi')",4591
Indigo,mumbai,hyderabad,90,0,no info,19,5,1,4,2019,"('mumbai', 'hyderabad')",2754
Air India,kolkata,banglore,245,1,no info,9,10,12,5,2019,"('kolkata', 'banglore')",8996
Air India,mumbai,hyderabad,825,1,no info,10,0,6,3,2019,"('mumbai', 'hyderabad')",11678
Jet Airways,banglore,new delhi,1365,1,in-flight meal not included,8,55,21,3,2019,"('banglore', 'new delhi')",7412
Air India,delhi,cochin,735,2,no info,7,0,27,3,2019,"('delhi', 'cochin')",10913
Multiple Carriers,delhi,cochin,765,1,no info,9,45,3,6,2019,"('delhi', 'cochin')",9646
Air Asia,kolkata,banglore,720,1,no info,22,40,15,5,2019,"('kolkata', 'banglore')",5192
Multiple Carriers,delhi,cochin,690,1,no info,7,30,15,5,2019,"('delhi', 'cochin')",9315
Spicejet,mumbai,hyderabad,90,0,no info,22,45,21,6,2019,"('mumbai', 'hyderabad')",2017
Jet Airways,delhi,cochin,1620,2,no info,9,35,9,6,2019,"('delhi', 'cochin')",13292
Vistara,kolkata,banglore,1640,1,no info,17,0,18,5,2019,"('kolkata', 'banglore')",9555
Jet Airways,delhi,cochin,660,1,no info,8,0,18,5,2019,"('delhi', 'cochin')",15554
Jet Airways,delhi,cochin,1270,1,in-flight meal not included,21,50,9,6,2019,"('delhi', 'cochin')",10262
Goair,kolkata,banglore,455,1,no info,16,40,9,6,2019,"('kolkata', 'banglore')",9495
Jet Airways,kolkata,banglore,775,1,in-flight meal not included,21,10,12,6,2019,"('kolkata', 'banglore')",8529
Indigo,banglore,delhi,170,0,no info,10,10,15,4,2019,"('banglore', 'delhi')",4423
Air India,banglore,new delhi,1900,2,no info,8,50,6,3,2019,"('banglore', 'new delhi')",14143
Indigo,kolkata,banglore,275,1,no info,19,35,24,4,2019,"('kolkata', 'banglore')",4860
Jet Airways,delhi,cochin,360,1,in-flight meal not included,13,0,24,6,2019,"('delhi', 'cochin')",10262
Jet Airways,kolkata,banglore,1005,1,no info,17,0,6,6,2019,"('kolkata', 'banglore')",12692
Vistara,banglore,new delhi,175,0,no info,21,10,9,3,2019,"('banglore', 'new delhi')",7240
Jet Airways,kolkata,banglore,570,1,no info,14,5,15,5,2019,"('kolkata', 'banglore')",13941
Indigo,chennai,kolkata,145,0,no info,5,15,6,5,2019,"('chennai', 'kolkata')",3540
Jet Airways,delhi,cochin,540,1,no info,10,0,15,6,2019,"('delhi', 'cochin')",14714
Indigo,kolkata,banglore,155,0,no info,4,40,12,6,2019,"('kolkata', 'banglore')",4804
Multiple Carriers,delhi,cochin,440,1,no info,11,40,9,6,2019,"('delhi', 'cochin')",11789
Multiple Carriers,delhi,cochin,835,1,no info,11,40,21,3,2019,"('delhi', 'cochin')",7695
Jet Airways,delhi,cochin,1365,2,in-flight meal not included,5,40,6,3,2019,"('delhi', 'cochin')",17271
Jet Airways,delhi,cochin,300,1,no info,14,0,15,6,2019,"('delhi', 'cochin')",14714
Vistara,banglore,delhi,170,0,no info,21,0,18,4,2019,"('banglore', 'delhi')",5613
Vistara,kolkata,banglore,765,1,no info,20,20,1,5,2019,"('kolkata', 'banglore')",8452
Indigo,banglore,delhi,180,0,no info,21,15,27,4,2019,"('banglore', 'delhi')",3943
Jet Airways,kolkata,banglore,735,1,no info,20,0,21,5,2019,"('kolkata', 'banglore')",14781
Multiple Carriers,delhi,cochin,615,1,no info,9,0,27,6,2019,"('delhi', 'cochin')",14848
Spicejet,delhi,cochin,375,1,no info,16,35,6,3,2019,"('delhi', 'cochin')",7185
Jet Airways,delhi,cochin,450,1,no info,20,55,9,6,2019,"('delhi', 'cochin')",14924
Multiple Carriers,delhi,cochin,730,1,no info,6,40,6,3,2019,"('delhi', 'cochin')",15135
Jet Airways,delhi,cochin,1425,1,no info,19,15,18,5,2019,"('delhi', 'cochin')",15554
Jet Airways,kolkata,banglore,1215,1,no info,8,25,9,6,2019,"('kolkata', 'banglore')",13731
Air India,kolkata,banglore,1600,2,no info,9,50,24,5,2019,"('kolkata', 'banglore')",15170
Air India,banglore,new delhi,495,1,no info,0,30,12,3,2019,"('banglore', 'new delhi')",13492
Jet Airways,kolkata,banglore,665,1,in-flight meal not included,21,10,6,5,2019,"('kolkata', 'banglore')",7757
Jet Airways,delhi,cochin,1015,1,in-flight meal not included,11,30,9,6,2019,"('delhi', 'cochin')",10262
Air India,banglore,new delhi,170,0,no info,13,20,1,3,2019,"('banglore', 'new delhi')",12526
Indigo,kolkata,banglore,155,0,no info,20,20,3,5,2019,"('kolkata', 'banglore')",4804
Jet Airways,delhi,cochin,810,2,no info,5,30,3,6,2019,"('delhi', 'cochin')",13014
Indigo,delhi,cochin,480,1,no info,17,30,15,5,2019,"('delhi', 'cochin')",6979
Multiple Carriers,delhi,cochin,860,1,no info,4,55,27,6,2019,"('delhi', 'cochin')",7155
Air Asia,delhi,cochin,870,1,no info,7,55,15,6,2019,"('delhi', 'cochin')",6253
Indigo,delhi,cochin,425,1,no info,5,5,24,6,2019,"('delhi', 'cochin')",6442
Jet Airways,kolkata,banglore,585,1,no info,18,55,9,6,2019,"('kolkata', 'banglore')",14178
Jet Airways,delhi,cochin,1145,1,in-flight meal not included,17,30,24,6,2019,"('delhi', 'cochin')",10262
Indigo,chennai,kolkata,140,0,no info,5,15,24,3,2019,"('chennai', 'kolkata')",4326
Jet Airways,banglore,delhi,175,0,in-flight meal not included,15,15,18,4,2019,"('banglore', 'delhi')",5198
Indigo,delhi,cochin,415,1,no info,18,35,6,6,2019,"('delhi', 'cochin')",6628
Indigo,delhi,cochin,415,1,no info,18,35,3,6,2019,"('delhi', 'cochin')",6628
Indigo,kolkata,banglore,240,1,no info,6,20,6,6,2019,"('kolkata', 'banglore')",4226
Jet Airways,banglore,new delhi,565,1,no info,22,50,18,3,2019,"('banglore', 'new delhi')",13555
Air India,chennai,kolkata,135,0,no info,11,40,9,6,2019,"('chennai', 'kolkata')",4667
Jet Airways,mumbai,hyderabad,90,0,no info,10,20,18,5,2019,"('mumbai', 'hyderabad')",5678
Indigo,delhi,cochin,195,0,no info,21,5,21,6,2019,"('delhi', 'cochin')",5406
Multiple Carriers,delhi,cochin,735,1,no info,8,45,27,5,2019,"('delhi', 'cochin')",7740
Air India,delhi,cochin,965,1,no info,17,20,1,4,2019,"('delhi', 'cochin')",5117
Air Asia,banglore,delhi,165,0,no info,11,10,24,4,2019,"('banglore', 'delhi')",3383
Multiple Carriers,delhi,cochin,375,1,no info,13,0,1,6,2019,"('delhi', 'cochin')",16108
Indigo,delhi,cochin,345,1,no info,2,0,1,6,2019,"('delhi', 'cochin')",6386
Spicejet,kolkata,banglore,520,1,no info,8,35,21,5,2019,"('kolkata', 'banglore')",6381
Air India,kolkata,banglore,1830,2,no info,12,0,12,6,2019,"('kolkata', 'banglore')",9416
Indigo,chennai,kolkata,145,0,no info,11,35,12,6,2019,"('chennai', 'kolkata')",3858
Jet Airways,kolkata,banglore,1595,1,in-flight meal not included,20,0,6,6,2019,"('kolkata', 'banglore')",10844
Indigo,chennai,kolkata,140,0,no info,14,45,12,6,2019,"('chennai', 'kolkata')",3597
Jet Airways,banglore,new delhi,1420,1,no info,8,0,6,3,2019,"('banglore', 'new delhi')",14815
Indigo,mumbai,hyderabad,90,0,no info,21,20,27,6,2019,"('mumbai', 'hyderabad')",2227
Goair,delhi,cochin,540,1,no info,10,35,3,4,2019,"('delhi', 'cochin')",5135
Air India,delhi,cochin,185,0,no info,18,5,9,6,2019,"('delhi', 'cochin')",8456
Multiple Carriers,delhi,cochin,515,1,no info,17,0,21,3,2019,"('delhi', 'cochin')",7363
Jet Airways,kolkata,banglore,1655,1,no info,6,30,21,5,2019,"('kolkata', 'banglore')",13941
Spicejet,kolkata,banglore,145,0,no info,9,0,18,6,2019,"('kolkata', 'banglore')",3873
Multiple Carriers,delhi,cochin,460,1,no info,17,15,21,5,2019,"('delhi', 'cochin')",7858
Jet Airways,banglore,delhi,180,0,in-flight meal not included,8,20,27,6,2019,"('banglore', 'delhi')",6478
Indigo,chennai,kolkata,140,0,no info,14,45,1,5,2019,"('chennai', 'kolkata')",3597
Indigo,banglore,delhi,170,0,no info,10,10,24,6,2019,"('banglore', 'delhi')",3943
Jet Airways,delhi,cochin,335,1,in-flight meal not included,22,50,12,6,2019,"('delhi', 'cochin')",10262
Vistara,mumbai,hyderabad,1190,1,no info,20,55,6,3,2019,"('mumbai', 'hyderabad')",12395
Jet Airways,banglore,delhi,180,0,in-flight meal not included,8,20,24,6,2019,"('banglore', 'delhi')",5769
Jet Airways,banglore,new delhi,570,1,in-flight meal not included,5,45,21,3,2019,"('banglore', 'new delhi')",7832
Spicejet,mumbai,hyderabad,85,0,no check-in baggage included,22,45,24,3,2019,"('mumbai', 'hyderabad')",2175
Multiple Carriers,delhi,cochin,630,1,no info,8,30,12,6,2019,"('delhi', 'cochin')",10877
Spicejet,chennai,kolkata,135,0,no info,8,20,27,3,2019,"('chennai', 'kolkata')",3384
Jet Airways,kolkata,banglore,585,1,in-flight meal not included,18,55,1,5,2019,"('kolkata', 'banglore')",8586
Jet Airways,banglore,delhi,175,0,in-flight meal not included,11,10,1,5,2019,"('banglore', 'delhi')",4030
Indigo,kolkata,banglore,155,0,no info,4,40,6,4,2019,"('kolkata', 'banglore')",4174
Jet Airways,banglore,delhi,175,0,no info,11,10,3,5,2019,"('banglore', 'delhi')",7229
Indigo,banglore,delhi,165,0,no info,6,5,27,5,2019,"('banglore', 'delhi')",4423
Spicejet,banglore,new delhi,475,1,no info,10,20,9,3,2019,"('banglore', 'new delhi')",7294
Indigo,delhi,cochin,275,1,no info,5,35,9,3,2019,"('delhi', 'cochin')",9476
Air India,mumbai,hyderabad,85,0,no info,15,0,1,3,2019,"('mumbai', 'hyderabad')",6092
Vistara,kolkata,banglore,355,1,no info,17,0,1,4,2019,"('kolkata', 'banglore')",8977
Vistara,delhi,cochin,175,0,no info,14,55,18,3,2019,"('delhi', 'cochin')",5586
Multiple Carriers,delhi,cochin,625,2,no info,15,5,12,6,2019,"('delhi', 'cochin')",15965
Indigo,banglore,delhi,170,0,no info,13,0,21,6,2019,"('banglore', 'delhi')",3943
Spicejet,kolkata,banglore,155,0,no check-in baggage included,6,55,6,5,2019,"('kolkata', 'banglore')",3841
Jet Airways,delhi,cochin,900,2,no info,13,25,27,5,2019,"('delhi', 'cochin')",16704
Indigo,banglore,delhi,165,0,no info,6,5,12,4,2019,"('banglore', 'delhi')",4990
Air India,delhi,cochin,1245,2,no info,10,55,15,6,2019,"('delhi', 'cochin')",11753
Spicejet,mumbai,hyderabad,90,0,no check-in baggage included,13,15,15,6,2019,"('mumbai', 'hyderabad')",1965
Indigo,delhi,cochin,570,1,no info,16,0,9,6,2019,"('delhi', 'cochin')",6316
Jet Airways,delhi,cochin,1045,2,no info,19,10,24,6,2019,"('delhi', 'cochin')",12819
Air Asia,banglore,delhi,165,0,no info,11,10,6,6,2019,"('banglore', 'delhi')",4483
Spicejet,mumbai,hyderabad,90,0,no info,13,15,3,5,2019,"('mumbai', 'hyderabad')",2017
Jet Airways,banglore,new delhi,1425,1,no info,11,40,6,3,2019,"('banglore', 'new delhi')",17261
Indigo,delhi,cochin,370,1,no info,16,10,3,3,2019,"('delhi', 'cochin')",11237
Indigo,banglore,new delhi,175,0,no info,18,25,15,3,2019,"('banglore', 'new delhi')",8855
Jet Airways,delhi,cochin,1125,2,no info,9,40,15,6,2019,"('delhi', 'cochin')",13014
Air India,delhi,cochin,640,1,no info,21,0,12,6,2019,"('delhi', 'cochin')",8372
Jet Airways,banglore,delhi,180,0,no info,19,50,21,6,2019,"('banglore', 'delhi')",8541
Air India,banglore,new delhi,1800,2,no info,17,25,12,3,2019,"('banglore', 'new delhi')",12725
Indigo,kolkata,banglore,165,0,no info,10,10,18,3,2019,"('kolkata', 'banglore')",4462
Air India,kolkata,banglore,1700,1,no info,16,45,18,5,2019,"('kolkata', 'banglore')",7872
Jet Airways,banglore,delhi,175,0,in-flight meal not included,15,15,15,5,2019,"('banglore', 'delhi')",3502
Indigo,banglore,new delhi,295,1,no info,16,55,9,3,2019,"('banglore', 'new delhi')",4259
Indigo,chennai,kolkata,145,0,no info,11,35,9,3,2019,"('chennai', 'kolkata')",6297
Vistara,kolkata,banglore,1550,1,no info,17,0,18,5,2019,"('kolkata', 'banglore')",9555
Jet Airways,banglore,delhi,185,0,in-flight meal not included,18,55,18,5,2019,"('banglore', 'delhi')",5198
Air India,delhi,cochin,675,1,no info,8,0,27,3,2019,"('delhi', 'cochin')",7199
Spicejet,kolkata,banglore,155,0,no info,6,55,18,5,2019,"('kolkata', 'banglore')",3873
Spicejet,banglore,delhi,170,0,no info,9,30,6,4,2019,"('banglore', 'delhi')",4423
Indigo,banglore,delhi,165,0,no info,6,5,24,4,2019,"('banglore', 'delhi')",4423
Jet Airways,kolkata,banglore,400,1,in-flight meal not included,14,5,12,5,2019,"('kolkata', 'banglore')",10844
Jet Airways,banglore,new delhi,875,1,no info,5,45,12,3,2019,"('banglore', 'new delhi')",13817
Indigo,kolkata,banglore,165,0,no info,20,25,3,6,2019,"('kolkata', 'banglore')",4804
Indigo,mumbai,hyderabad,90,0,no info,9,10,21,6,2019,"('mumbai', 'hyderabad')",5755
Multiple Carriers,delhi,cochin,835,1,no info,7,5,6,6,2019,"('delhi', 'cochin')",13587
Indigo,banglore,delhi,170,0,no info,20,0,24,5,2019,"('banglore', 'delhi')",4823
Indigo,banglore,delhi,165,0,no info,6,5,21,4,2019,"('banglore', 'delhi')",4423
Multiple Carriers,delhi,cochin,480,1,no info,13,0,21,3,2019,"('delhi', 'cochin')",13062
Jet Airways,kolkata,banglore,505,1,no info,9,35,12,5,2019,"('kolkata', 'banglore')",14151
Jet Airways,banglore,delhi,180,0,in-flight meal not included,17,45,6,5,2019,"('banglore', 'delhi')",4030
Jet Airways,delhi,cochin,1775,2,no info,13,25,21,5,2019,"('delhi', 'cochin')",15129
Jet Airways,delhi,cochin,300,1,no info,14,0,21,5,2019,"('delhi', 'cochin')",16079
Spicejet,chennai,kolkata,135,0,no info,9,45,9,6,2019,"('chennai', 'kolkata')",3597
Vistara,kolkata,banglore,975,1,no info,7,10,12,6,2019,"('kolkata', 'banglore')",8610
Jet Airways,kolkata,banglore,435,1,in-flight meal not included,10,20,15,5,2019,"('kolkata', 'banglore')",5608
Jet Airways,banglore,delhi,180,0,no info,7,10,27,6,2019,"('banglore', 'delhi')",8016
Multiple Carriers,delhi,cochin,395,1,no info,6,0,15,5,2019,"('delhi', 'cochin')",9794
Jet Airways,delhi,cochin,1620,2,no info,9,35,27,6,2019,"('delhi', 'cochin')",13292
Indigo,banglore,delhi,170,0,no info,4,0,3,5,2019,"('banglore', 'delhi')",3943
Vistara,banglore,delhi,170,0,no info,11,30,9,4,2019,"('banglore', 'delhi')",5403
Indigo,delhi,cochin,195,0,no info,14,20,1,4,2019,"('delhi', 'cochin')",4729
Jet Airways,delhi,cochin,1225,1,in-flight meal not included,8,0,12,6,2019,"('delhi', 'cochin')",10577
Jet Airways,kolkata,banglore,575,1,in-flight meal not included,9,35,6,6,2019,"('kolkata', 'banglore')",13469
Jet Airways,delhi,cochin,440,1,no info,11,30,21,3,2019,"('delhi', 'cochin')",13244
Jet Airways,mumbai,hyderabad,1260,2,no info,19,50,6,3,2019,"('mumbai', 'hyderabad')",24210
Jet Airways,delhi,cochin,600,1,no info,9,0,27,6,2019,"('delhi', 'cochin')",14714
Jet Airways,banglore,new delhi,920,1,no info,16,55,12,3,2019,"('banglore', 'new delhi')",13817
Spicejet,kolkata,banglore,150,0,no info,17,10,24,5,2019,"('kolkata', 'banglore')",4174
Air Asia,banglore,delhi,165,0,no info,11,10,21,5,2019,"('banglore', 'delhi')",3383
Air India,delhi,cochin,765,1,no info,20,40,18,5,2019,"('delhi', 'cochin')",7480
Jet Airways,mumbai,hyderabad,85,0,no info,7,5,6,5,2019,"('mumbai', 'hyderabad')",8040
Air India,delhi,cochin,170,0,no info,5,10,21,6,2019,"('delhi', 'cochin')",5201
Air India,delhi,cochin,375,1,no info,13,0,15,5,2019,"('delhi', 'cochin')",8372
Jet Airways,delhi,cochin,1110,1,no info,9,55,6,3,2019,"('delhi', 'cochin')",15764
Jet Airways,kolkata,banglore,425,1,in-flight meal not included,16,30,18,5,2019,"('kolkata', 'banglore')",10844
Spicejet,chennai,kolkata,135,0,no info,8,20,6,5,2019,"('chennai', 'kolkata')",3911
Indigo,banglore,delhi,175,0,no info,0,30,27,4,2019,"('banglore', 'delhi')",4591
Jet Airways,mumbai,hyderabad,90,0,no info,10,20,1,4,2019,"('mumbai', 'hyderabad')",8040
Air India,banglore,new delhi,240,1,no info,8,15,3,3,2019,"('banglore', 'new delhi')",6273
Jet Airways,kolkata,banglore,740,1,in-flight meal not included,8,25,21,5,2019,"('kolkata', 'banglore')",10844
Indigo,kolkata,banglore,165,0,no info,22,10,18,3,2019,"('kolkata', 'banglore')",4148
Spicejet,chennai,kolkata,140,0,no check-in baggage included,17,45,27,5,2019,"('chennai', 'kolkata')",3543
Jet Airways,banglore,delhi,185,0,no info,18,55,15,6,2019,"('banglore', 'delhi')",8016
Jet Airways,kolkata,banglore,1075,1,no info,17,0,6,5,2019,"('kolkata', 'banglore')",13067
Multiple Carriers,delhi,cochin,725,1,no info,8,55,27,3,2019,"('delhi', 'cochin')",8055
Multiple Carriers,delhi,cochin,750,1,no info,13,0,12,6,2019,"('delhi', 'cochin')",7198
Jet Airways,kolkata,banglore,685,1,no info,8,25,6,6,2019,"('kolkata', 'banglore')",14571
Jet Airways,delhi,cochin,660,1,in-flight meal not included,8,0,15,6,2019,"('delhi', 'cochin')",10262
Indigo,chennai,kolkata,140,0,no info,7,55,3,3,2019,"('chennai', 'kolkata')",7295
Jet Airways,banglore,new delhi,280,1,in-flight meal not included,9,45,21,3,2019,"('banglore', 'new delhi')",7280
Jet Airways,kolkata,banglore,505,1,no info,9,35,24,5,2019,"('kolkata', 'banglore')",14151
Indigo,chennai,kolkata,140,0,no info,13,15,1,6,2019,"('chennai', 'kolkata')",3597
Jet Airways,delhi,cochin,655,1,in-flight meal not included,17,30,3,6,2019,"('delhi', 'cochin')",10262
Vistara,chennai,kolkata,135,0,no info,7,5,27,5,2019,"('chennai', 'kolkata')",3687
Indigo,delhi,cochin,750,1,no info,8,30,1,6,2019,"('delhi', 'cochin')",6416
Air India,delhi,cochin,1275,2,no info,22,0,3,3,2019,"('delhi', 'cochin')",22096
Indigo,mumbai,hyderabad,90,0,no info,1,40,12,6,2019,"('mumbai', 'hyderabad')",2754
Air India,kolkata,banglore,1035,2,no info,20,30,15,5,2019,"('kolkata', 'banglore')",16057
Jet Airways,kolkata,banglore,1695,1,in-flight meal not included,16,30,12,5,2019,"('kolkata', 'banglore')",10844
Air Asia,delhi,cochin,340,1,no info,16,45,9,6,2019,"('delhi', 'cochin')",13470
Multiple Carriers,delhi,cochin,470,1,no info,11,25,15,6,2019,"('delhi', 'cochin')",8614
Air India,banglore,new delhi,1375,2,no info,17,25,12,3,2019,"('banglore', 'new delhi')",12778
Jet Airways,banglore,new delhi,380,1,no info,8,55,6,3,2019,"('banglore', 'new delhi')",19225
Indigo,kolkata,banglore,290,1,no info,8,10,1,4,2019,"('kolkata', 'banglore')",5069
Air India,banglore,delhi,165,0,no info,10,0,21,6,2019,"('banglore', 'delhi')",6961
Spicejet,kolkata,banglore,155,0,no info,6,55,18,4,2019,"('kolkata', 'banglore')",3873
Indigo,kolkata,banglore,155,0,no info,15,30,9,4,2019,"('kolkata', 'banglore')",4174
Jet Airways,delhi,cochin,715,1,no info,7,5,18,5,2019,"('delhi', 'cochin')",15554
Spicejet,kolkata,banglore,140,0,no info,22,20,15,4,2019,"('kolkata', 'banglore')",3873
Indigo,banglore,delhi,170,0,no info,20,0,18,5,2019,"('banglore', 'delhi')",4823
Air India,kolkata,banglore,725,2,no info,8,20,9,5,2019,"('kolkata', 'banglore')",11432
Goair,banglore,delhi,165,0,no info,20,55,1,4,2019,"('banglore', 'delhi')",4239
Jet Airways,delhi,cochin,195,0,in-flight meal not included,11,0,1,6,2019,"('delhi', 'cochin')",7202
Indigo,delhi,cochin,195,0,no info,5,35,12,6,2019,"('delhi', 'cochin')",5601
Indigo,delhi,cochin,780,1,no info,11,55,21,5,2019,"('delhi', 'cochin')",6282
Multiple Carriers,delhi,cochin,455,1,no info,11,40,15,6,2019,"('delhi', 'cochin')",9526
Spicejet,banglore,delhi,170,0,no check-in baggage included,9,30,27,4,2019,"('banglore', 'delhi')",4885
Indigo,banglore,new delhi,260,1,no info,16,15,15,3,2019,"('banglore', 'new delhi')",5607
Air India,mumbai,hyderabad,75,0,no info,19,30,6,5,2019,"('mumbai', 'hyderabad')",3100
Jet Airways,kolkata,banglore,1265,1,no info,21,10,9,6,2019,"('kolkata', 'banglore')",14571
Indigo,banglore,delhi,175,0,no info,7,10,21,5,2019,"('banglore', 'delhi')",4823
Spicejet,chennai,kolkata,140,0,no info,17,45,12,3,2019,"('chennai', 'kolkata')",6300
Jet Airways,kolkata,banglore,1330,1,in-flight meal not included,6,30,1,4,2019,"('kolkata', 'banglore')",7064
Indigo,banglore,delhi,165,0,no info,1,30,27,4,2019,"('banglore', 'delhi')",4591
Jet Airways,delhi,cochin,1140,2,no info,9,25,6,6,2019,"('delhi', 'cochin')",13882
Jet Airways,delhi,cochin,600,2,no info,18,25,6,6,2019,"('delhi', 'cochin')",14237
Indigo,delhi,cochin,895,1,no info,10,35,27,5,2019,"('delhi', 'cochin')",6104
Indigo,banglore,delhi,180,0,no info,16,55,1,5,2019,"('banglore', 'delhi')",4823
Jet Airways,banglore,new delhi,365,1,no info,18,40,1,3,2019,"('banglore', 'new delhi')",35185
Multiple Carriers,delhi,cochin,620,1,no info,15,15,6,3,2019,"('delhi', 'cochin')",15147
Jet Airways,delhi,cochin,1100,1,in-flight meal not included,18,15,15,6,2019,"('delhi', 'cochin')",10262
Multiple Carriers,delhi,cochin,480,1,no info,13,0,9,6,2019,"('delhi', 'cochin')",7408
Air India,banglore,new delhi,745,1,no info,10,30,3,3,2019,"('banglore', 'new delhi')",11003
Spicejet,mumbai,hyderabad,90,0,no check-in baggage included,22,45,9,6,2019,"('mumbai', 'hyderabad')",1965
Jet Airways,delhi,cochin,1025,2,in-flight meal not included,19,30,12,6,2019,"('delhi', 'cochin')",10368
Jet Airways,mumbai,hyderabad,90,0,in-flight meal not included,2,55,24,3,2019,"('mumbai', 'hyderabad')",2071
Jet Airways,delhi,cochin,1210,1,no info,22,50,12,6,2019,"('delhi', 'cochin')",14714
Air India,banglore,new delhi,1490,1,no info,10,30,1,3,2019,"('banglore', 'new delhi')",11528
Multiple Carriers,delhi,cochin,730,1,in-flight meal not included,7,5,21,5,2019,"('delhi', 'cochin')",10711
Jet Airways,delhi,cochin,1415,1,in-flight meal not included,13,0,27,6,2019,"('delhi', 'cochin')",10262
Jet Airways,kolkata,banglore,365,1,in-flight meal not included,16,30,12,6,2019,"('kolkata', 'banglore')",9899
Air India,kolkata,banglore,1555,2,no info,9,10,3,4,2019,"('kolkata', 'banglore')",4647
Indigo,delhi,cochin,295,1,no info,5,10,15,5,2019,"('delhi', 'cochin')",6496
Jet Airways,delhi,cochin,1395,1,in-flight meal not included,19,45,6,6,2019,"('delhi', 'cochin')",10262
Air India,delhi,cochin,180,0,no info,14,10,12,6,2019,"('delhi', 'cochin')",5201
Indigo,delhi,cochin,195,0,no info,5,35,9,5,2019,"('delhi', 'cochin')",5000
Indigo,kolkata,banglore,165,0,no info,9,35,9,6,2019,"('kolkata', 'banglore')",4804
Multiple Carriers,delhi,cochin,835,3,no info,11,35,15,5,2019,"('delhi', 'cochin')",16294
Spicejet,banglore,delhi,175,0,no check-in baggage included,21,10,9,6,2019,"('banglore', 'delhi')",3919
Air India,delhi,cochin,1255,1,no info,12,30,21,5,2019,"('delhi', 'cochin')",7480
Jet Airways,delhi,cochin,745,1,no info,16,0,27,3,2019,"('delhi', 'cochin')",12242
Air India,kolkata,banglore,1515,1,no info,12,0,12,5,2019,"('kolkata', 'banglore')",6612
Indigo,chennai,kolkata,135,0,no info,13,20,15,3,2019,"('chennai', 'kolkata')",6297
Air India,delhi,cochin,315,1,no info,17,45,9,3,2019,"('delhi', 'cochin')",9064
Indigo,chennai,kolkata,140,0,no info,7,55,24,5,2019,"('chennai', 'kolkata')",3850
Jet Airways,banglore,delhi,180,0,no info,8,20,1,5,2019,"('banglore', 'delhi')",7229
Jet Airways,mumbai,hyderabad,90,0,in-flight meal not included,19,35,27,3,2019,"('mumbai', 'hyderabad')",2071
Spicejet,kolkata,banglore,150,0,no info,17,10,18,5,2019,"('kolkata', 'banglore')",4174
Air India,delhi,cochin,170,0,no info,5,10,27,5,2019,"('delhi', 'cochin')",6094
Jet Airways,delhi,cochin,1270,1,in-flight meal not included,21,50,24,6,2019,"('delhi', 'cochin')",10262
Jet Airways,delhi,cochin,1355,1,in-flight meal not included,14,0,18,5,2019,"('delhi', 'cochin')",12373
Indigo,banglore,delhi,170,0,no info,22,10,27,5,2019,"('banglore', 'delhi')",3749
Spicejet,chennai,kolkata,135,0,no info,8,20,24,6,2019,"('chennai', 'kolkata')",3597
Multiple Carriers,delhi,cochin,690,1,no info,7,30,3,6,2019,"('delhi', 'cochin')",10877
Jet Airways,kolkata,banglore,585,1,no info,18,55,6,6,2019,"('kolkata', 'banglore')",13374
Jet Airways,mumbai,hyderabad,90,0,in-flight meal not included,10,20,1,4,2019,"('mumbai', 'hyderabad')",3205
Multiple Carriers,delhi,cochin,835,1,no info,7,5,6,3,2019,"('delhi', 'cochin')",17267
Jet Airways,kolkata,banglore,1365,1,no info,20,25,12,5,2019,"('kolkata', 'banglore')",13067
Indigo,delhi,cochin,575,1,no info,11,25,15,5,2019,"('delhi', 'cochin')",6979
Jet Airways,kolkata,banglore,1285,1,in-flight meal not included,17,0,6,6,2019,"('kolkata', 'banglore')",10539
Indigo,kolkata,banglore,240,1,no info,6,20,21,5,2019,"('kolkata', 'banglore')",4226
Indigo,delhi,cochin,630,1,no info,15,0,3,6,2019,"('delhi', 'cochin')",6104
Multiple Carriers,delhi,cochin,780,1,no info,8,0,6,6,2019,"('delhi', 'cochin')",13587
Jet Airways,delhi,cochin,520,1,no info,19,45,6,6,2019,"('delhi', 'cochin')",14714
Air India,kolkata,banglore,150,0,no info,14,15,15,3,2019,"('kolkata', 'banglore')",5170
Indigo,chennai,kolkata,140,0,no info,7,55,6,5,2019,"('chennai', 'kolkata')",3850
Jet Airways,delhi,cochin,395,1,in-flight meal not included,21,50,12,6,2019,"('delhi', 'cochin')",10262
Air India,kolkata,banglore,1625,2,no info,5,50,12,5,2019,"('kolkata', 'banglore')",11411
Jet Airways,kolkata,banglore,1450,1,no info,9,35,6,6,2019,"('kolkata', 'banglore')",12692
Air India,kolkata,banglore,155,0,no info,20,45,12,3,2019,"('kolkata', 'banglore')",4435
Air Asia,kolkata,banglore,150,0,no info,22,50,12,5,2019,"('kolkata', 'banglore')",4409
Jet Airways,mumbai,hyderabad,85,0,in-flight meal not included,7,5,9,5,2019,"('mumbai', 'hyderabad')",4995
Spicejet,banglore,delhi,160,0,no check-in baggage included,5,55,21,5,2019,"('banglore', 'delhi')",3257
Multiple Carriers,delhi,cochin,780,1,no info,6,0,3,6,2019,"('delhi', 'cochin')",13259
Jet Airways,delhi,cochin,995,1,no info,2,15,6,3,2019,"('delhi', 'cochin')",17024
Jet Airways,kolkata,banglore,365,1,no info,16,30,9,5,2019,"('kolkata', 'banglore')",14781
Air Asia,kolkata,banglore,215,1,no info,19,55,9,5,2019,"('kolkata', 'banglore')",5162
Jet Airways,banglore,delhi,185,0,no info,18,55,12,6,2019,"('banglore', 'delhi')",8016
Jet Airways,delhi,cochin,600,1,in-flight meal not included,9,0,27,5,2019,"('delhi', 'cochin')",10675
Jet Airways,delhi,cochin,620,1,no info,2,15,6,6,2019,"('delhi', 'cochin')",14714
Air India,delhi,cochin,1590,1,no info,20,30,6,3,2019,"('delhi', 'cochin')",8854
Jet Airways,delhi,cochin,440,2,no info,11,40,3,6,2019,"('delhi', 'cochin')",18804
Jet Airways,kolkata,banglore,345,1,in-flight meal not included,14,5,12,6,2019,"('kolkata', 'banglore')",9899
Multiple Carriers,delhi,cochin,640,1,no info,10,20,21,5,2019,"('delhi', 'cochin')",7485
Jet Airways,kolkata,banglore,1285,1,no info,17,0,24,5,2019,"('kolkata', 'banglore')",12121
Jet Airways,delhi,cochin,805,1,in-flight meal not included,15,0,18,5,2019,"('delhi', 'cochin')",12373
Indigo,chennai,kolkata,140,0,no info,19,35,21,3,2019,"('chennai', 'kolkata')",3384
Jet Airways,delhi,cochin,450,1,no info,20,55,27,5,2019,"('delhi', 'cochin')",16079
Spicejet,chennai,kolkata,135,0,no info,8,20,24,3,2019,"('chennai', 'kolkata')",3859
Goair,banglore,delhi,165,0,no info,20,55,9,6,2019,"('banglore', 'delhi')",3898
Jet Airways,banglore,new delhi,965,1,in-flight meal not included,16,55,18,3,2019,"('banglore', 'new delhi')",11087
Air India,kolkata,banglore,1615,1,no info,17,30,9,6,2019,"('kolkata', 'banglore')",10413
Air Asia,banglore,new delhi,165,0,no info,23,25,9,3,2019,"('banglore', 'new delhi')",4482
Jet Airways,kolkata,banglore,775,1,in-flight meal not included,21,10,18,5,2019,"('kolkata', 'banglore')",8586
Jet Airways,banglore,delhi,185,0,no info,18,55,3,6,2019,"('banglore', 'delhi')",8016
Air India,delhi,cochin,1305,2,no info,21,30,3,3,2019,"('delhi', 'cochin')",12497
Vistara,banglore,delhi,170,0,no info,11,30,27,4,2019,"('banglore', 'delhi')",5403
Multiple Carriers,delhi,cochin,780,1,no info,8,0,18,5,2019,"('delhi', 'cochin')",13727
Jet Airways,kolkata,banglore,800,1,no info,20,0,18,5,2019,"('kolkata', 'banglore')",14781
Jet Airways,delhi,cochin,1375,2,no info,5,30,9,6,2019,"('delhi', 'cochin')",13014
Multiple Carriers,delhi,cochin,615,1,no info,8,45,15,5,2019,"('delhi', 'cochin')",9794
Jet Airways,delhi,cochin,1250,1,no info,22,0,21,3,2019,"('delhi', 'cochin')",12242
Jet Airways,banglore,new delhi,1265,1,no info,8,0,6,3,2019,"('banglore', 'new delhi')",14815
Jet Airways,delhi,cochin,1620,1,in-flight meal not included,16,0,27,6,2019,"('delhi', 'cochin')",10262
Air India,kolkata,banglore,625,1,no info,10,0,24,5,2019,"('kolkata', 'banglore')",10413
Air India,kolkata,banglore,1165,2,no info,10,0,18,5,2019,"('kolkata', 'banglore')",14109
Jet Airways,kolkata,banglore,340,1,in-flight meal not included,16,55,24,3,2019,"('kolkata', 'banglore')",11134
Jet Airways,kolkata,banglore,590,1,no info,6,30,1,5,2019,"('kolkata', 'banglore')",14781
Multiple Carriers,delhi,cochin,465,1,in-flight meal not included,11,30,6,3,2019,"('delhi', 'cochin')",15342
Air India,delhi,cochin,1580,2,no info,16,55,12,6,2019,"('delhi', 'cochin')",13381
Jet Airways,kolkata,banglore,740,1,no info,8,25,1,4,2019,"('kolkata', 'banglore')",12681
Jet Airways,delhi,cochin,1050,1,in-flight meal not included,2,15,9,3,2019,"('delhi', 'cochin')",13843
Indigo,banglore,new delhi,170,0,no info,4,0,21,3,2019,"('banglore', 'new delhi')",4777
Multiple Carriers,delhi,cochin,840,1,no info,7,0,21,3,2019,"('delhi', 'cochin')",7618
Jet Airways,kolkata,banglore,735,1,in-flight meal not included,20,0,21,5,2019,"('kolkata', 'banglore')",10844
Jet Airways,delhi,cochin,1425,1,in-flight meal not included,19,15,24,6,2019,"('delhi', 'cochin')",10262
Air India,banglore,delhi,170,0,no info,21,5,1,6,2019,"('banglore', 'delhi')",5228
Vistara,mumbai,hyderabad,480,1,no info,8,45,6,3,2019,"('mumbai', 'hyderabad')",12395
Jet Airways,banglore,new delhi,1035,1,no info,22,55,12,3,2019,"('banglore', 'new delhi')",13817
Multiple Carriers,delhi,cochin,570,1,in-flight meal not included,11,30,27,5,2019,"('delhi', 'cochin')",6943
Vistara,kolkata,banglore,790,1,no info,7,10,9,6,2019,"('kolkata', 'banglore')",9555
Jet Airways,kolkata,banglore,730,1,no info,21,10,1,5,2019,"('kolkata', 'banglore')",14781
Indigo,banglore,delhi,180,0,no info,16,55,18,6,2019,"('banglore', 'delhi')",4823
Multiple Carriers,delhi,cochin,720,1,no info,9,0,15,5,2019,"('delhi', 'cochin')",13727
Air India,kolkata,banglore,1110,1,no info,17,30,1,4,2019,"('kolkata', 'banglore')",7893
Vistara,banglore,new delhi,175,0,no info,21,10,21,3,2019,"('banglore', 'new delhi')",4878
Air India,delhi,cochin,520,1,no info,23,0,18,5,2019,"('delhi', 'cochin')",8372
Indigo,banglore,new delhi,170,0,no info,22,20,9,3,2019,"('banglore', 'new delhi')",4377
Multiple Carriers,delhi,cochin,845,1,no info,4,45,6,3,2019,"('delhi', 'cochin')",13875
Spicejet,mumbai,hyderabad,90,0,no check-in baggage included,5,45,24,5,2019,"('mumbai', 'hyderabad')",1965
Air India,kolkata,banglore,1185,2,no info,16,45,12,5,2019,"('kolkata', 'banglore')",14330
Air India,kolkata,banglore,155,0,no info,20,45,12,4,2019,"('kolkata', 'banglore')",4460
Indigo,banglore,new delhi,170,0,no info,23,30,9,3,2019,"('banglore', 'new delhi')",5694
Indigo,delhi,cochin,295,1,no info,5,10,24,6,2019,"('delhi', 'cochin')",6496
Vistara,delhi,cochin,190,0,no info,14,40,21,4,2019,"('delhi', 'cochin')",6741
Jet Airways,kolkata,banglore,1215,1,no info,8,25,6,6,2019,"('kolkata', 'banglore')",13731
Spicejet,chennai,kolkata,135,0,no check-in baggage included,8,20,15,6,2019,"('chennai', 'kolkata')",3543
Multiple Carriers,delhi,cochin,730,1,no info,7,5,15,6,2019,"('delhi', 'cochin')",16108
Jet Airways,delhi,cochin,300,1,no info,14,0,24,6,2019,"('delhi', 'cochin')",14714
Jet Airways,delhi,cochin,360,1,no info,13,0,9,5,2019,"('delhi', 'cochin')",15554
Multiple Carriers,delhi,cochin,900,1,no info,6,0,3,6,2019,"('delhi', 'cochin')",8475
Jet Airways,delhi,cochin,1415,1,in-flight meal not included,13,0,1,6,2019,"('delhi', 'cochin')",10262
Multiple Carriers,delhi,cochin,840,1,no info,7,0,3,3,2019,"('delhi', 'cochin')",15603
Spicejet,kolkata,banglore,145,0,no info,9,0,9,6,2019,"('kolkata', 'banglore')",4174
Jet Airways,delhi,cochin,195,0,no info,9,50,21,5,2019,"('delhi', 'cochin')",9564
Jet Airways,delhi,cochin,1620,2,no info,9,35,15,6,2019,"('delhi', 'cochin')",13292
Jet Airways,delhi,cochin,1165,1,no info,9,0,6,3,2019,"('delhi', 'cochin')",15764
Jet Airways,kolkata,banglore,685,1,in-flight meal not included,8,25,6,5,2019,"('kolkata', 'banglore')",10844
Vistara,kolkata,banglore,1065,1,no info,17,0,12,6,2019,"('kolkata', 'banglore')",8452
Multiple Carriers,delhi,cochin,600,1,no info,9,15,27,6,2019,"('delhi', 'cochin')",8099
Air India,kolkata,banglore,920,2,no info,10,0,24,5,2019,"('kolkata', 'banglore')",14083
Air India,mumbai,hyderabad,85,0,no info,15,0,24,5,2019,"('mumbai', 'hyderabad')",3100
Vistara,kolkata,banglore,945,1,no info,7,10,9,6,2019,"('kolkata', 'banglore')",8662
Spicejet,banglore,delhi,175,0,no check-in baggage included,21,10,18,4,2019,"('banglore', 'delhi')",5515
Air India,banglore,new delhi,165,0,no info,17,0,1,3,2019,"('banglore', 'new delhi')",25913
Jet Airways,kolkata,banglore,1335,1,no info,6,30,24,3,2019,"('kolkata', 'banglore')",13759
Indigo,delhi,cochin,750,1,no info,8,30,15,5,2019,"('delhi', 'cochin')",7503
Air India,mumbai,hyderabad,1775,3,no info,9,40,12,3,2019,"('mumbai', 'hyderabad')",18293
Jet Airways,delhi,cochin,300,1,in-flight meal not included,14,0,21,5,2019,"('delhi', 'cochin')",12898
Air Asia,delhi,cochin,625,1,no info,20,45,9,6,2019,"('delhi', 'cochin')",10794
Jet Airways,delhi,cochin,425,2,in-flight meal not included,5,30,27,5,2019,"('delhi', 'cochin')",15544
Indigo,kolkata,banglore,160,0,no info,21,25,9,5,2019,"('kolkata', 'banglore')",4804
Air India,delhi,cochin,315,1,no info,17,45,21,3,2019,"('delhi', 'cochin')",5704
Air India,mumbai,hyderabad,1175,3,no info,16,50,12,3,2019,"('mumbai', 'hyderabad')",14260
Vistara,banglore,delhi,170,0,no info,21,0,6,5,2019,"('banglore', 'delhi')",4668
Jet Airways,banglore,new delhi,1070,1,no info,16,55,12,3,2019,"('banglore', 'new delhi')",13817
Indigo,delhi,cochin,320,1,no info,6,40,21,3,2019,"('delhi', 'cochin')",5761
Air India,kolkata,banglore,1830,2,no info,12,0,6,6,2019,"('kolkata', 'banglore')",9626
Jet Airways,delhi,cochin,350,1,in-flight meal not included,13,0,21,3,2019,"('delhi', 'cochin')",6540
Multiple Carriers,delhi,cochin,465,1,in-flight meal not included,14,35,6,3,2019,"('delhi', 'cochin')",7563
Vistara,kolkata,banglore,1350,1,no info,20,20,6,6,2019,"('kolkata', 'banglore')",8820
Indigo,mumbai,hyderabad,95,0,no info,20,5,1,4,2019,"('mumbai', 'hyderabad')",2227
Jet Airways,kolkata,banglore,1025,1,in-flight meal not included,18,55,21,5,2019,"('kolkata', 'banglore')",10844
Air India,delhi,cochin,1545,2,no info,5,55,6,3,2019,"('delhi', 'cochin')",15428
Multiple Carriers,delhi,cochin,615,1,no info,9,0,12,6,2019,"('delhi', 'cochin')",14848
Jet Airways,delhi,cochin,1005,1,in-flight meal not included,2,15,24,6,2019,"('delhi', 'cochin')",10262
Jet Airways,kolkata,banglore,705,1,no info,6,30,9,5,2019,"('kolkata', 'banglore')",14781
Jet Airways,delhi,cochin,1665,1,no info,15,5,9,3,2019,"('delhi', 'cochin')",16289
Jet Airways,delhi,cochin,1485,1,in-flight meal not included,18,15,9,6,2019,"('delhi', 'cochin')",10577
Multiple Carriers,delhi,cochin,565,3,no info,11,35,3,3,2019,"('delhi', 'cochin')",21829
Jet Airways,kolkata,banglore,800,1,no info,6,30,9,5,2019,"('kolkata', 'banglore')",14781
Spicejet,chennai,kolkata,140,0,no check-in baggage included,17,45,6,5,2019,"('chennai', 'kolkata')",3543
Air India,kolkata,banglore,1700,2,no info,9,25,9,6,2019,"('kolkata', 'banglore')",11752
Air India,mumbai,hyderabad,2245,2,no info,6,0,6,3,2019,"('mumbai', 'hyderabad')",13904
Indigo,banglore,new delhi,170,0,no info,23,30,24,3,2019,"('banglore', 'new delhi')",4944
Jet Airways,kolkata,banglore,1430,1,no info,20,0,1,4,2019,"('kolkata', 'banglore')",12681
Jet Airways,banglore,new delhi,1365,1,no info,11,40,1,3,2019,"('banglore', 'new delhi')",25735
Indigo,delhi,cochin,345,1,no info,2,0,21,4,2019,"('delhi', 'cochin')",6258
Jet Airways,delhi,cochin,900,2,no info,21,35,9,6,2019,"('delhi', 'cochin')",13882
Jet Airways,delhi,cochin,810,2,no info,5,30,24,6,2019,"('delhi', 'cochin')",13014
Indigo,kolkata,banglore,155,0,no info,14,20,1,3,2019,"('kolkata', 'banglore')",6565
Jet Airways,kolkata,banglore,1285,1,in-flight meal not included,17,0,9,5,2019,"('kolkata', 'banglore')",9314
Air India,delhi,cochin,1470,2,no info,18,45,15,5,2019,"('delhi', 'cochin')",13307
Jet Airways,banglore,delhi,180,0,no info,17,45,15,6,2019,"('banglore', 'delhi')",8016
Jet Airways,delhi,cochin,1015,1,in-flight meal not included,11,30,24,6,2019,"('delhi', 'cochin')",10262
Air India,kolkata,banglore,1045,2,no info,5,50,12,5,2019,"('kolkata', 'banglore')",11411
Jet Airways,banglore,delhi,175,0,in-flight meal not included,11,10,15,6,2019,"('banglore', 'delhi')",7229
Jet Airways,kolkata,banglore,1295,1,no info,20,25,6,5,2019,"('kolkata', 'banglore')",11467
Indigo,banglore,new delhi,175,0,no info,20,0,24,3,2019,"('banglore', 'new delhi')",6144
Spicejet,chennai,kolkata,135,0,no check-in baggage included,8,20,3,5,2019,"('chennai', 'kolkata')",3543
Jet Airways,banglore,new delhi,950,1,no info,18,55,12,3,2019,"('banglore', 'new delhi')",13817
Multiple Carriers,delhi,cochin,490,1,no info,12,50,15,5,2019,"('delhi', 'cochin')",7670
Vistara,kolkata,banglore,1555,1,no info,7,10,9,6,2019,"('kolkata', 'banglore')",9397
Air India,kolkata,banglore,805,2,no info,9,50,1,4,2019,"('kolkata', 'banglore')",12125
Jet Airways,delhi,cochin,1475,2,no info,19,10,27,3,2019,"('delhi', 'cochin')",10976
Air Asia,delhi,cochin,870,1,no info,7,55,24,6,2019,"('delhi', 'cochin')",6152
Multiple Carriers,delhi,cochin,380,1,no info,7,0,3,3,2019,"('delhi', 'cochin')",15603
Jet Airways,delhi,cochin,1415,2,in-flight meal not included,19,15,21,3,2019,"('delhi', 'cochin')",8938
Indigo,delhi,cochin,810,1,no info,7,30,6,5,2019,"('delhi', 'cochin')",7191
Air India,kolkata,banglore,725,2,no info,8,20,21,5,2019,"('kolkata', 'banglore')",12324
Indigo,banglore,delhi,165,0,no info,1,30,1,4,2019,"('banglore', 'delhi')",4423
Spicejet,mumbai,hyderabad,90,0,no check-in baggage included,22,45,18,5,2019,"('mumbai', 'hyderabad')",1965
Jet Airways,delhi,cochin,560,2,in-flight meal not included,9,40,9,6,2019,"('delhi', 'cochin')",10368
Jet Airways,kolkata,banglore,585,1,in-flight meal not included,18,55,24,5,2019,"('kolkata', 'banglore')",8586
Indigo,banglore,delhi,180,0,no info,21,15,6,5,2019,"('banglore', 'delhi')",3943
Goair,banglore,delhi,165,0,no info,20,55,12,5,2019,"('banglore', 'delhi')",3419
Indigo,mumbai,hyderabad,90,0,no info,6,25,15,5,2019,"('mumbai', 'hyderabad')",4049
Multiple Carriers,delhi,cochin,450,1,no info,18,0,1,6,2019,"('delhi', 'cochin')",7933
Spicejet,kolkata,banglore,145,0,no check-in baggage included,9,0,6,5,2019,"('kolkata', 'banglore')",3841
Jet Airways,delhi,cochin,1320,2,in-flight meal not included,14,35,27,6,2019,"('delhi', 'cochin')",10919
Air India,kolkata,banglore,155,0,no info,20,45,3,6,2019,"('kolkata', 'banglore')",4145
Air India,kolkata,banglore,1345,2,no info,7,0,9,6,2019,"('kolkata', 'banglore')",12744
Multiple Carriers,delhi,cochin,440,1,no info,11,30,27,3,2019,"('delhi', 'cochin')",11200
Jet Airways,banglore,new delhi,755,1,1 long layover,22,50,1,3,2019,"('banglore', 'new delhi')",31825
Indigo,delhi,cochin,195,0,no info,14,20,9,6,2019,"('delhi', 'cochin')",5601
Air India,delhi,cochin,185,0,no info,18,5,24,6,2019,"('delhi', 'cochin')",5201
Multiple Carriers,delhi,cochin,480,1,no info,13,0,24,6,2019,"('delhi', 'cochin')",7408
Indigo,kolkata,banglore,295,1,no info,9,20,18,5,2019,"('kolkata', 'banglore')",12198
Jet Airways,delhi,cochin,540,1,in-flight meal not included,10,0,15,6,2019,"('delhi', 'cochin')",10262
Spicejet,kolkata,banglore,150,0,no check-in baggage included,17,10,18,6,2019,"('kolkata', 'banglore')",3841
Multiple Carriers,delhi,cochin,485,1,no info,17,30,21,3,2019,"('delhi', 'cochin')",13542
Indigo,delhi,cochin,860,1,no info,6,40,18,5,2019,"('delhi', 'cochin')",6758
Jet Airways,banglore,delhi,180,0,no info,7,10,12,4,2019,"('banglore', 'delhi')",7229
Goair,banglore,delhi,175,0,no info,7,45,6,6,2019,"('banglore', 'delhi')",3898
Jet Airways,kolkata,banglore,345,1,no info,13,55,24,3,2019,"('kolkata', 'banglore')",14231
Goair,banglore,delhi,165,0,no info,20,55,24,6,2019,"('banglore', 'delhi')",3419
Jet Airways,delhi,cochin,865,1,in-flight meal not included,14,0,1,6,2019,"('delhi', 'cochin')",10262
Air India,delhi,cochin,2295,2,no info,5,0,27,3,2019,"('delhi', 'cochin')",8026
Air Asia,banglore,delhi,170,0,no info,4,55,24,6,2019,"('banglore', 'delhi')",4282
Multiple Carriers,delhi,cochin,555,1,no info,10,0,27,6,2019,"('delhi', 'cochin')",14848
Jet Airways,delhi,cochin,2230,2,no info,5,40,3,3,2019,"('delhi', 'cochin')",21314
Multiple Carriers,delhi,cochin,695,2,no info,9,45,9,3,2019,"('delhi', 'cochin')",10090
Jet Airways,kolkata,banglore,590,1,no info,6,30,21,5,2019,"('kolkata', 'banglore')",14781
Jet Airways,kolkata,banglore,1025,1,in-flight meal not included,18,55,15,5,2019,"('kolkata', 'banglore')",10844
Air India,banglore,delhi,165,0,no info,10,0,6,5,2019,"('banglore', 'delhi')",5228
Indigo,banglore,new delhi,245,1,no info,11,20,9,3,2019,"('banglore', 'new delhi')",5746
Jet Airways,delhi,cochin,810,2,no info,23,5,24,6,2019,"('delhi', 'cochin')",12819
Air India,delhi,cochin,2280,3,no info,5,15,24,6,2019,"('delhi', 'cochin')",10493
Jet Airways,delhi,cochin,485,2,in-flight meal not included,10,45,21,3,2019,"('delhi', 'cochin')",8367
Indigo,banglore,new delhi,170,0,no info,10,10,15,3,2019,"('banglore', 'new delhi')",6144
Air India,delhi,cochin,1275,2,no info,22,0,21,5,2019,"('delhi', 'cochin')",10231
Air India,delhi,cochin,1470,2,no info,7,10,3,6,2019,"('delhi', 'cochin')",12698
Multiple Carriers,delhi,cochin,535,1,no info,10,20,9,5,2019,"('delhi', 'cochin')",8266
Indigo,kolkata,banglore,325,1,no info,18,5,1,4,2019,"('kolkata', 'banglore')",6284
Jet Airways,kolkata,banglore,450,1,no info,21,10,1,4,2019,"('kolkata', 'banglore')",13364
Indigo,banglore,delhi,170,0,no info,23,30,6,5,2019,"('banglore', 'delhi')",4077
Air India,delhi,cochin,875,1,no info,17,40,18,5,2019,"('delhi', 'cochin')",8361
Vistara,banglore,delhi,165,0,no info,19,30,1,6,2019,"('banglore', 'delhi')",4878
Multiple Carriers,delhi,cochin,755,1,no info,9,45,6,3,2019,"('delhi', 'cochin')",10276
Multiple Carriers,delhi,cochin,665,1,no info,7,5,9,4,2019,"('delhi', 'cochin')",6601
Air India,kolkata,banglore,1555,1,no info,7,0,24,3,2019,"('kolkata', 'banglore')",12173
Jet Airways,kolkata,banglore,425,1,no info,16,30,9,6,2019,"('kolkata', 'banglore')",14571
Vistara,kolkata,banglore,385,1,no info,17,0,15,5,2019,"('kolkata', 'banglore')",9345
Multiple Carriers,delhi,cochin,920,1,no info,7,10,6,6,2019,"('delhi', 'cochin')",7038
Jet Airways,delhi,cochin,520,1,in-flight meal not included,19,45,9,5,2019,"('delhi', 'cochin')",12373
Multiple Carriers,delhi,cochin,545,1,no info,7,5,24,6,2019,"('delhi', 'cochin')",9856
Air India,kolkata,banglore,955,2,no info,9,25,18,5,2019,"('kolkata', 'banglore')",11668
Jet Airways,delhi,cochin,865,1,in-flight meal not included,14,0,27,5,2019,"('delhi', 'cochin')",12898
Air India,delhi,cochin,1545,2,no info,5,55,9,4,2019,"('delhi', 'cochin')",10021
Jet Airways,kolkata,banglore,450,1,in-flight meal not included,21,10,1,5,2019,"('kolkata', 'banglore')",10844
Vistara,kolkata,banglore,1550,1,no info,17,0,24,5,2019,"('kolkata', 'banglore')",9870
Jet Airways,delhi,cochin,1375,2,in-flight meal not included,5,30,15,6,2019,"('delhi', 'cochin')",10368
Air India,banglore,delhi,170,0,no info,21,5,9,4,2019,"('banglore', 'delhi')",4441
Jet Airways,banglore,delhi,180,0,in-flight meal not included,7,10,24,6,2019,"('banglore', 'delhi')",5769
Air India,kolkata,banglore,925,1,no info,17,30,1,4,2019,"('kolkata', 'banglore')",7893
Vistara,banglore,delhi,170,0,no info,9,45,9,4,2019,"('banglore', 'delhi')",5403
Spicejet,chennai,kolkata,140,0,no info,17,45,18,5,2019,"('chennai', 'kolkata')",3597
Jet Airways,delhi,cochin,485,2,no info,10,45,21,3,2019,"('delhi', 'cochin')",11360
Jet Airways,kolkata,banglore,775,1,in-flight meal not included,21,10,24,3,2019,"('kolkata', 'banglore')",12446
Jet Airways,banglore,delhi,165,0,in-flight meal not included,6,0,12,6,2019,"('banglore', 'delhi')",6478
Indigo,kolkata,banglore,220,1,no info,19,35,6,5,2019,"('kolkata', 'banglore')",4226
Jet Airways,mumbai,hyderabad,85,0,in-flight meal not included,7,5,6,6,2019,"('mumbai', 'hyderabad')",4995
Multiple Carriers,delhi,cochin,830,1,no info,11,40,18,5,2019,"('delhi', 'cochin')",8405
Jet Airways,kolkata,banglore,1365,1,no info,20,25,6,5,2019,"('kolkata', 'banglore')",13067
Indigo,kolkata,banglore,155,0,no info,22,15,15,4,2019,"('kolkata', 'banglore')",4174
Jet Airways,kolkata,banglore,775,1,no info,21,10,12,5,2019,"('kolkata', 'banglore')",13941
Indigo,kolkata,banglore,315,1,no info,21,0,9,6,2019,"('kolkata', 'banglore')",6911
Jet Airways,delhi,cochin,1425,1,no info,19,15,27,5,2019,"('delhi', 'cochin')",16079
Jet Airways,kolkata,banglore,1730,1,no info,9,35,24,5,2019,"('kolkata', 'banglore')",12121
Spicejet,delhi,cochin,380,1,no info,15,45,15,4,2019,"('delhi', 'cochin')",5899
Spicejet,banglore,delhi,160,0,no check-in baggage included,5,55,21,6,2019,"('banglore', 'delhi')",3919
Multiple Carriers,delhi,cochin,780,1,no info,8,0,15,6,2019,"('delhi', 'cochin')",7408
Jet Airways,kolkata,banglore,1285,1,no info,17,0,18,5,2019,"('kolkata', 'banglore')",13067
Jet Airways,delhi,cochin,1145,1,no info,17,30,9,4,2019,"('delhi', 'cochin')",11822
Air India,kolkata,banglore,1615,1,no info,17,30,15,5,2019,"('kolkata', 'banglore')",10203
Air India,delhi,cochin,555,1,no info,10,0,9,5,2019,"('delhi', 'cochin')",8372
Indigo,delhi,cochin,530,1,no info,6,40,3,3,2019,"('delhi', 'cochin')",14871
Multiple Carriers,delhi,cochin,695,2,no info,9,45,27,3,2019,"('delhi', 'cochin')",6653
Air India,kolkata,banglore,1700,2,no info,9,25,18,5,2019,"('kolkata', 'banglore')",13222
Jet Airways,delhi,cochin,1490,2,no info,11,45,9,6,2019,"('delhi', 'cochin')",13882
Jet Airways,mumbai,hyderabad,85,0,in-flight meal not included,7,5,27,6,2019,"('mumbai', 'hyderabad')",4995
Jet Airways,delhi,cochin,1325,1,in-flight meal not included,20,55,27,6,2019,"('delhi', 'cochin')",10262
Jet Airways,banglore,delhi,180,0,in-flight meal not included,17,45,1,6,2019,"('banglore', 'delhi')",7229
Jet Airways,kolkata,banglore,960,1,no info,20,0,21,5,2019,"('kolkata', 'banglore')",14781
Multiple Carriers,delhi,cochin,505,1,no info,10,35,18,5,2019,"('delhi', 'cochin')",9627
Indigo,delhi,cochin,860,1,no info,6,40,27,6,2019,"('delhi', 'cochin')",6093
Jet Airways,kolkata,banglore,800,1,no info,20,25,12,5,2019,"('kolkata', 'banglore')",14151
Vistara,banglore,delhi,160,0,no info,7,0,6,5,2019,"('banglore', 'delhi')",4668
Jet Airways,delhi,cochin,995,2,no info,20,0,15,6,2019,"('delhi', 'cochin')",14300
Multiple Carriers,delhi,cochin,385,1,no info,9,45,1,6,2019,"('delhi', 'cochin')",9646
Indigo,delhi,cochin,195,0,no info,5,35,15,3,2019,"('delhi', 'cochin')",5406
Air India,delhi,cochin,520,1,no info,23,0,6,3,2019,"('delhi', 'cochin')",14777
Goair,banglore,delhi,175,0,no info,7,45,3,5,2019,"('banglore', 'delhi')",3898
Jet Airways,kolkata,banglore,1430,1,in-flight meal not included,16,30,1,4,2019,"('kolkata', 'banglore')",7064
Vistara,banglore,new delhi,155,0,no info,16,0,9,3,2019,"('banglore', 'new delhi')",7923
Indigo,delhi,cochin,975,1,no info,9,15,12,6,2019,"('delhi', 'cochin')",6628
Air India,banglore,new delhi,1745,2,no info,8,50,12,3,2019,"('banglore', 'new delhi')",13303
Jet Airways,banglore,new delhi,1530,1,in-flight meal not included,8,0,9,3,2019,"('banglore', 'new delhi')",11087
Air India,banglore,new delhi,920,1,no info,22,0,1,3,2019,"('banglore', 'new delhi')",21130
Jet Airways,delhi,cochin,335,1,in-flight meal not included,22,50,27,5,2019,"('delhi', 'cochin')",12898
Air India,delhi,cochin,1410,2,no info,19,45,6,3,2019,"('delhi', 'cochin')",12646
Air Asia,banglore,delhi,170,0,no info,23,55,27,6,2019,"('banglore', 'delhi')",3383
Goair,kolkata,banglore,495,1,no info,23,30,6,5,2019,"('kolkata', 'banglore')",7451
Jet Airways,banglore,new delhi,775,1,in-flight meal not included,20,35,12,3,2019,"('banglore', 'new delhi')",11087
Multiple Carriers,delhi,cochin,460,1,no info,4,55,6,6,2019,"('delhi', 'cochin')",10678
Indigo,delhi,cochin,345,1,no info,21,50,24,6,2019,"('delhi', 'cochin')",5775
Indigo,mumbai,hyderabad,90,0,no info,2,35,18,6,2019,"('mumbai', 'hyderabad')",2754
Jet Airways,delhi,cochin,195,0,no info,11,0,9,6,2019,"('delhi', 'cochin')",9564
Air India,delhi,cochin,615,1,no info,9,0,21,5,2019,"('delhi', 'cochin')",8372
Jet Airways,delhi,cochin,300,1,no info,14,0,6,6,2019,"('delhi', 'cochin')",14714
Jet Airways,kolkata,banglore,665,1,no info,21,10,9,6,2019,"('kolkata', 'banglore')",14939
Indigo,banglore,delhi,175,0,no info,18,25,21,5,2019,"('banglore', 'delhi')",4823
Indigo,delhi,cochin,300,1,no info,16,0,21,5,2019,"('delhi', 'cochin')",7255
Vistara,kolkata,banglore,1640,1,no info,17,0,9,6,2019,"('kolkata', 'banglore')",8610
Air India,kolkata,banglore,1545,1,no info,9,25,24,5,2019,"('kolkata', 'banglore')",8891
Multiple Carriers,delhi,cochin,540,1,no info,10,0,27,5,2019,"('delhi', 'cochin')",12507
Spicejet,kolkata,banglore,520,1,no info,8,35,9,6,2019,"('kolkata', 'banglore')",6853
Air India,delhi,cochin,1410,2,no info,19,45,21,3,2019,"('delhi', 'cochin')",8236
Spicejet,kolkata,banglore,140,0,no check-in baggage included,22,20,15,4,2019,"('kolkata', 'banglore')",3841
Jet Airways,delhi,cochin,1475,1,no info,18,15,9,3,2019,"('delhi', 'cochin')",16289
Indigo,banglore,new delhi,285,1,no info,16,50,15,3,2019,"('banglore', 'new delhi')",10406
Multiple Carriers,delhi,cochin,505,1,no info,7,5,21,3,2019,"('delhi', 'cochin')",14486
Indigo,banglore,delhi,175,0,no info,18,25,24,5,2019,"('banglore', 'delhi')",4823
Air India,kolkata,banglore,580,1,no info,19,0,15,5,2019,"('kolkata', 'banglore')",6117
Jet Airways,banglore,delhi,180,0,in-flight meal not included,7,10,9,6,2019,"('banglore', 'delhi')",7229
Multiple Carriers,delhi,cochin,835,1,in-flight meal not included,7,5,21,5,2019,"('delhi', 'cochin')",9930
Air India,delhi,cochin,230,0,no info,14,5,9,4,2019,"('delhi', 'cochin')",6724
Goair,kolkata,banglore,455,1,no info,16,40,6,5,2019,"('kolkata', 'banglore')",7102
Indigo,kolkata,banglore,155,0,no info,15,10,6,3,2019,"('kolkata', 'banglore')",5618
Indigo,delhi,cochin,480,1,no info,17,30,15,6,2019,"('delhi', 'cochin')",5883
Indigo,delhi,cochin,195,0,no info,5,35,3,6,2019,"('delhi', 'cochin')",5601
Indigo,kolkata,banglore,165,0,no info,9,35,3,4,2019,"('kolkata', 'banglore')",4174
Indigo,banglore,new delhi,175,0,no info,7,10,24,3,2019,"('banglore', 'new delhi')",6144
Air India,banglore,delhi,170,0,no info,13,20,6,4,2019,"('banglore', 'delhi')",5176
Indigo,delhi,cochin,515,1,no info,7,35,21,3,2019,"('delhi', 'cochin')",6558
Air Asia,delhi,cochin,340,1,no info,16,45,15,5,2019,"('delhi', 'cochin')",6752
Jet Airways,delhi,cochin,395,1,no info,21,50,3,6,2019,"('delhi', 'cochin')",16079
Air India,banglore,new delhi,1265,1,no info,11,50,21,3,2019,"('banglore', 'new delhi')",5092
Vistara,kolkata,banglore,965,1,no info,17,0,1,4,2019,"('kolkata', 'banglore')",8662
Multiple Carriers,delhi,cochin,490,1,no info,12,50,9,6,2019,"('delhi', 'cochin')",7005
Jet Airways,delhi,cochin,1570,1,no info,2,15,27,3,2019,"('delhi', 'cochin')",12242
Spicejet,kolkata,banglore,140,0,no info,22,20,3,6,2019,"('kolkata', 'banglore')",3873
Jet Airways,banglore,new delhi,730,1,no info,16,55,6,3,2019,"('banglore', 'new delhi')",16736
Indigo,kolkata,banglore,155,0,no info,4,40,21,6,2019,"('kolkata', 'banglore')",4804
Indigo,kolkata,banglore,290,1,no info,15,15,12,5,2019,"('kolkata', 'banglore')",5170
Air Asia,delhi,cochin,865,1,no info,16,45,21,3,2019,"('delhi', 'cochin')",6151
Jet Airways,kolkata,banglore,570,1,no info,14,5,21,5,2019,"('kolkata', 'banglore')",14781
Multiple Carriers,delhi,cochin,720,1,no info,9,0,27,3,2019,"('delhi', 'cochin')",6883
Indigo,chennai,kolkata,145,0,no info,5,15,3,6,2019,"('chennai', 'kolkata')",3540
Spicejet,chennai,kolkata,140,0,no check-in baggage included,17,45,21,3,2019,"('chennai', 'kolkata')",3332
Vistara,banglore,delhi,170,0,no info,11,30,6,6,2019,"('banglore', 'delhi')",4668
Indigo,mumbai,hyderabad,90,0,no info,20,5,27,3,2019,"('mumbai', 'hyderabad')",2227
Indigo,banglore,delhi,170,0,no info,20,0,21,4,2019,"('banglore', 'delhi')",4823
Air India,kolkata,banglore,445,2,no info,5,50,6,5,2019,"('kolkata', 'banglore')",7662
Multiple Carriers,delhi,cochin,835,1,no info,7,5,27,6,2019,"('delhi', 'cochin')",13587
Vistara,delhi,cochin,175,0,no info,14,55,6,3,2019,"('delhi', 'cochin')",8001
Air India,delhi,cochin,1210,2,no info,13,15,9,5,2019,"('delhi', 'cochin')",9417
Jet Airways,banglore,new delhi,710,1,no info,22,55,12,3,2019,"('banglore', 'new delhi')",13817
Jet Airways,delhi,cochin,1300,2,no info,6,45,15,6,2019,"('delhi', 'cochin')",13376
Jet Airways,banglore,delhi,180,0,in-flight meal not included,8,20,3,4,2019,"('banglore', 'delhi')",4544
Vistara,banglore,delhi,170,0,no info,11,30,27,6,2019,"('banglore', 'delhi')",4668
Jet Airways,kolkata,banglore,1220,1,in-flight meal not included,20,0,12,6,2019,"('kolkata', 'banglore')",8529
Jet Airways,kolkata,banglore,890,1,in-flight meal not included,21,10,9,5,2019,"('kolkata', 'banglore')",9663
Multiple Carriers,delhi,cochin,810,1,no info,7,30,6,3,2019,"('delhi', 'cochin')",15147
Jet Airways,delhi,cochin,1300,2,no info,6,45,12,6,2019,"('delhi', 'cochin')",13376
Jet Airways,kolkata,banglore,1545,1,in-flight meal not included,16,30,18,5,2019,"('kolkata', 'banglore')",10844
Air India,banglore,new delhi,1520,1,no info,22,0,15,3,2019,"('banglore', 'new delhi')",6850
Indigo,kolkata,banglore,160,0,no info,17,15,6,3,2019,"('kolkata', 'banglore')",5618
Indigo,kolkata,banglore,155,0,no info,20,20,9,5,2019,"('kolkata', 'banglore')",4804
Jet Airways,kolkata,banglore,1545,1,in-flight meal not included,16,30,12,6,2019,"('kolkata', 'banglore')",8529
Indigo,banglore,delhi,170,0,no info,10,30,18,5,2019,"('banglore', 'delhi')",3943
Jet Airways,banglore,delhi,180,0,in-flight meal not included,19,50,21,4,2019,"('banglore', 'delhi')",4544
Jet Airways,delhi,cochin,1010,1,in-flight meal not included,19,45,9,6,2019,"('delhi', 'cochin')",10577
Jet Airways,kolkata,banglore,1075,1,no info,17,0,15,5,2019,"('kolkata', 'banglore')",14151
Jet Airways,kolkata,banglore,1315,1,no info,14,5,18,5,2019,"('kolkata', 'banglore')",14388
Multiple Carriers,delhi,cochin,720,1,no info,9,0,1,6,2019,"('delhi', 'cochin')",7933
Multiple Carriers,delhi,cochin,480,1,no info,13,0,24,5,2019,"('delhi', 'cochin')",14067
Air India,delhi,cochin,1255,1,no info,12,30,3,3,2019,"('delhi', 'cochin')",16142
Jet Airways,delhi,cochin,1595,1,in-flight meal not included,10,0,18,5,2019,"('delhi', 'cochin')",12373
Vistara,chennai,kolkata,135,0,no info,7,5,24,3,2019,"('chennai', 'kolkata')",4842
Jet Airways,kolkata,banglore,960,1,no info,20,0,24,5,2019,"('kolkata', 'banglore')",14571
Air India,delhi,cochin,320,1,no info,17,40,15,6,2019,"('delhi', 'cochin')",7384
Air Asia,kolkata,banglore,155,0,no info,10,20,27,5,2019,"('kolkata', 'banglore')",4409
Spicejet,banglore,delhi,160,0,no info,5,55,21,5,2019,"('banglore', 'delhi')",3311
Indigo,kolkata,banglore,290,1,no info,8,10,6,5,2019,"('kolkata', 'banglore')",5069
Jet Airways,delhi,cochin,335,1,no info,22,50,18,5,2019,"('delhi', 'cochin')",15554
Indigo,banglore,delhi,180,0,no info,16,55,12,4,2019,"('banglore', 'delhi')",4990
Indigo,banglore,delhi,175,0,no info,18,55,18,5,2019,"('banglore', 'delhi')",4823
Jet Airways,banglore,new delhi,550,1,in-flight meal not included,5,50,9,3,2019,"('banglore', 'new delhi')",10037
Indigo,delhi,cochin,195,0,no info,14,25,27,6,2019,"('delhi', 'cochin')",5000
Jet Airways,kolkata,banglore,665,1,in-flight meal not included,21,10,9,5,2019,"('kolkata', 'banglore')",9663
Jet Airways,delhi,cochin,1655,1,in-flight meal not included,9,0,9,6,2019,"('delhi', 'cochin')",10262
Jet Airways,kolkata,banglore,570,1,in-flight meal not included,14,5,21,5,2019,"('kolkata', 'banglore')",10844
Jet Airways,banglore,new delhi,900,1,no info,21,25,12,3,2019,"('banglore', 'new delhi')",13817
Jet Airways,kolkata,banglore,1365,1,in-flight meal not included,20,25,1,5,2019,"('kolkata', 'banglore')",9314
Air India,kolkata,banglore,590,2,no info,12,0,12,6,2019,"('kolkata', 'banglore')",9416
Multiple Carriers,delhi,cochin,615,1,no info,15,15,3,6,2019,"('delhi', 'cochin')",6795
Indigo,delhi,cochin,195,0,no info,5,35,9,6,2019,"('delhi', 'cochin')",5601
Indigo,delhi,cochin,400,1,no info,6,40,21,3,2019,"('delhi', 'cochin')",10208
Air India,delhi,cochin,1640,1,no info,6,5,18,5,2019,"('delhi', 'cochin')",7480
Jet Airways,kolkata,banglore,435,1,in-flight meal not included,10,20,24,5,2019,"('kolkata', 'banglore')",6287
Vistara,kolkata,banglore,1595,1,no info,20,20,24,3,2019,"('kolkata', 'banglore')",11682
Vistara,chennai,kolkata,135,0,no info,7,5,3,3,2019,"('chennai', 'kolkata')",5944
Air India,kolkata,banglore,150,0,no info,14,15,15,6,2019,"('kolkata', 'banglore')",5510
Indigo,banglore,delhi,170,0,no info,13,0,3,6,2019,"('banglore', 'delhi')",3943
Indigo,delhi,cochin,845,1,no info,11,25,15,6,2019,"('delhi', 'cochin')",5883
Jet Airways,delhi,cochin,1530,1,in-flight meal not included,17,30,12,6,2019,"('delhi', 'cochin')",10262
Spicejet,mumbai,hyderabad,90,0,no check-in baggage included,5,45,21,5,2019,"('mumbai', 'hyderabad')",1965
Air India,banglore,new delhi,1545,2,no info,8,50,3,3,2019,"('banglore', 'new delhi')",12358
Air India,mumbai,hyderabad,75,0,no info,19,30,3,3,2019,"('mumbai', 'hyderabad')",11185
Air India,kolkata,banglore,675,1,no info,9,50,24,5,2019,"('kolkata', 'banglore')",7662
Jet Airways,kolkata,banglore,375,1,in-flight meal not included,5,45,18,5,2019,"('kolkata', 'banglore')",8586
Jet Airways,banglore,new delhi,635,1,no info,22,55,12,3,2019,"('banglore', 'new delhi')",13817
Jet Airways,delhi,cochin,810,2,in-flight meal not included,23,5,27,6,2019,"('delhi', 'cochin')",11150
Vistara,kolkata,banglore,765,1,no info,20,20,12,5,2019,"('kolkata', 'banglore')",9397
Indigo,kolkata,banglore,315,1,no info,21,0,21,5,2019,"('kolkata', 'banglore')",7228
Jet Airways,delhi,cochin,395,1,in-flight meal not included,21,50,1,6,2019,"('delhi', 'cochin')",10262
Multiple Carriers,delhi,cochin,705,1,no info,7,30,6,6,2019,"('delhi', 'cochin')",7354
Jet Airways,banglore,delhi,165,0,no info,6,0,3,5,2019,"('banglore', 'delhi')",7229
Vistara,kolkata,banglore,1555,1,no info,7,10,6,6,2019,"('kolkata', 'banglore')",8452
Jet Airways,kolkata,banglore,425,1,no info,16,30,15,5,2019,"('kolkata', 'banglore')",13941
Spicejet,delhi,cochin,270,1,no info,8,45,24,6,2019,"('delhi', 'cochin')",4812
Jet Airways,delhi,cochin,320,1,no info,23,5,6,3,2019,"('delhi', 'cochin')",15764
Air Asia,kolkata,banglore,150,0,no info,22,50,27,4,2019,"('kolkata', 'banglore')",4409
Indigo,kolkata,banglore,150,0,no info,14,25,1,6,2019,"('kolkata', 'banglore')",6064
Jet Airways,kolkata,banglore,585,1,no info,18,55,1,4,2019,"('kolkata', 'banglore')",12681
Air Asia,banglore,delhi,165,0,no info,11,10,15,6,2019,"('banglore', 'delhi')",3383
Jet Airways,kolkata,banglore,665,1,no info,21,10,15,5,2019,"('kolkata', 'banglore')",14388
Jet Airways,delhi,cochin,1225,1,in-flight meal not included,8,0,1,6,2019,"('delhi', 'cochin')",10262
Indigo,mumbai,hyderabad,90,0,no info,2,30,21,3,2019,"('mumbai', 'hyderabad')",3603
Jet Airways,kolkata,banglore,1325,1,no info,17,0,6,5,2019,"('kolkata', 'banglore')",13067
Air India,kolkata,banglore,965,1,no info,19,0,9,6,2019,"('kolkata', 'banglore')",6327
Air India,delhi,cochin,1565,1,no info,6,10,3,3,2019,"('delhi', 'cochin')",13348
Jet Airways,banglore,new delhi,1280,1,in-flight meal not included,14,5,6,3,2019,"('banglore', 'new delhi')",13712
Jet Airways,banglore,new delhi,435,1,in-flight meal not included,8,0,15,3,2019,"('banglore', 'new delhi')",9134
Jet Airways,banglore,delhi,180,0,no info,7,10,21,4,2019,"('banglore', 'delhi')",7229
Jet Airways,delhi,cochin,600,2,in-flight meal not included,18,25,6,6,2019,"('delhi', 'cochin')",12142
Indigo,delhi,cochin,265,1,no info,7,35,3,3,2019,"('delhi', 'cochin')",8258
Jet Airways,delhi,cochin,1010,1,in-flight meal not included,19,45,18,5,2019,"('delhi', 'cochin')",12373
Jet Airways,banglore,new delhi,300,1,no info,5,45,18,3,2019,"('banglore', 'new delhi')",12284
Jet Airways,kolkata,banglore,1485,1,in-flight meal not included,20,0,9,6,2019,"('kolkata', 'banglore')",10844
Jet Airways,kolkata,banglore,900,1,no info,8,25,24,3,2019,"('kolkata', 'banglore')",13759
Vistara,chennai,kolkata,140,0,no info,17,45,24,6,2019,"('chennai', 'kolkata')",11982
Jet Airways,delhi,cochin,195,0,in-flight meal not included,9,50,18,6,2019,"('delhi', 'cochin')",4466
Jet Airways,delhi,cochin,520,1,no info,19,45,27,3,2019,"('delhi', 'cochin')",12242
Air Asia,kolkata,banglore,150,0,no info,19,55,24,6,2019,"('kolkata', 'banglore')",3807
Multiple Carriers,delhi,cochin,730,1,no info,6,40,3,3,2019,"('delhi', 'cochin')",15135
Multiple Carriers,delhi,cochin,615,1,no info,15,15,12,6,2019,"('delhi', 'cochin')",6795
Jet Airways,delhi,cochin,1610,1,in-flight meal not included,16,0,9,3,2019,"('delhi', 'cochin')",14053
Jet Airways,banglore,new delhi,745,1,no info,8,55,12,3,2019,"('banglore', 'new delhi')",13817
Jet Airways,banglore,new delhi,890,1,1 long layover,18,40,1,3,2019,"('banglore', 'new delhi')",31825
Indigo,kolkata,banglore,265,1,no info,19,20,9,4,2019,"('kolkata', 'banglore')",3574
Spicejet,banglore,delhi,160,0,no info,5,55,18,6,2019,"('banglore', 'delhi')",3625
Jet Airways,kolkata,banglore,1080,1,in-flight meal not included,20,25,9,5,2019,"('kolkata', 'banglore')",9314
Vistara,kolkata,banglore,790,1,no info,7,10,6,5,2019,"('kolkata', 'banglore')",8610
Jet Airways,banglore,new delhi,435,1,no info,8,55,18,3,2019,"('banglore', 'new delhi')",12284
Spicejet,delhi,cochin,270,1,no info,8,45,21,3,2019,"('delhi', 'cochin')",6460
Multiple Carriers,delhi,cochin,675,1,in-flight meal not included,8,0,9,5,2019,"('delhi', 'cochin')",9871
Indigo,kolkata,banglore,155,0,no info,17,15,18,4,2019,"('kolkata', 'banglore')",4174
Jet Airways,banglore,new delhi,380,1,in-flight meal not included,8,55,21,3,2019,"('banglore', 'new delhi')",7832
Jet Airways,delhi,cochin,1295,2,no info,21,25,9,6,2019,"('delhi', 'cochin')",13292
Jet Airways,banglore,new delhi,570,1,in-flight meal not included,5,45,15,3,2019,"('banglore', 'new delhi')",9134
Indigo,banglore,delhi,170,0,no info,20,0,3,5,2019,"('banglore', 'delhi')",4823
Indigo,delhi,cochin,635,1,no info,11,55,1,6,2019,"('delhi', 'cochin')",6674
Jet Airways,delhi,cochin,2300,2,no info,5,25,6,3,2019,"('delhi', 'cochin')",16914
Indigo,mumbai,hyderabad,90,0,no info,21,20,18,6,2019,"('mumbai', 'hyderabad')",2227
Multiple Carriers,delhi,cochin,485,1,no info,10,45,21,3,2019,"('delhi', 'cochin')",11622
Jet Airways,kolkata,banglore,685,1,in-flight meal not included,8,25,15,5,2019,"('kolkata', 'banglore')",10844
Indigo,banglore,delhi,170,0,no info,8,30,18,4,2019,"('banglore', 'delhi')",5740
Vistara,delhi,cochin,190,0,no info,14,40,24,6,2019,"('delhi', 'cochin')",6216
Air India,delhi,cochin,1395,2,no info,20,0,9,3,2019,"('delhi', 'cochin')",16111
Air India,kolkata,banglore,150,0,no info,14,15,24,6,2019,"('kolkata', 'banglore')",5510
Goair,delhi,cochin,355,1,no info,7,0,1,6,2019,"('delhi', 'cochin')",5457
Multiple Carriers,delhi,cochin,380,1,no info,7,0,21,3,2019,"('delhi', 'cochin')",9042
Multiple Carriers,delhi,cochin,750,1,no info,13,0,24,6,2019,"('delhi', 'cochin')",13377
Jet Airways,banglore,delhi,185,0,no info,18,55,27,5,2019,"('banglore', 'delhi')",7229
Air India,delhi,cochin,1560,2,no info,17,15,1,6,2019,"('delhi', 'cochin')",12970
Spicejet,delhi,cochin,380,1,no info,15,45,24,4,2019,"('delhi', 'cochin')",5583
Multiple Carriers,delhi,cochin,915,1,no info,7,5,6,3,2019,"('delhi', 'cochin')",6916
Indigo,delhi,cochin,975,1,no info,9,15,27,6,2019,"('delhi', 'cochin')",6628
Jet Airways,kolkata,banglore,1080,1,in-flight meal not included,20,25,1,5,2019,"('kolkata', 'banglore')",9314
Air India,delhi,cochin,1490,2,no info,6,50,12,6,2019,"('delhi', 'cochin')",13381
Indigo,chennai,kolkata,140,0,no info,19,35,24,6,2019,"('chennai', 'kolkata')",3597
Air India,kolkata,banglore,150,0,no info,14,15,1,5,2019,"('kolkata', 'banglore')",6245
Jet Airways,delhi,cochin,440,2,no info,11,40,6,6,2019,"('delhi', 'cochin')",18804
Air India,banglore,delhi,165,0,no info,10,0,27,5,2019,"('banglore', 'delhi')",6961
Spicejet,mumbai,hyderabad,90,0,no info,5,45,9,6,2019,"('mumbai', 'hyderabad')",2753
Air India,mumbai,hyderabad,75,0,no info,19,30,1,6,2019,"('mumbai', 'hyderabad')",3100
Air India,delhi,cochin,555,1,no info,10,0,6,3,2019,"('delhi', 'cochin')",16439
Air Asia,banglore,delhi,170,0,no info,23,55,27,5,2019,"('banglore', 'delhi')",3383
Spicejet,kolkata,banglore,150,0,no info,9,0,27,3,2019,"('kolkata', 'banglore')",3847
Indigo,delhi,cochin,630,1,no info,15,0,15,5,2019,"('delhi', 'cochin')",7191
Jet Airways,delhi,cochin,335,1,no info,22,50,9,6,2019,"('delhi', 'cochin')",14714
Indigo,delhi,cochin,355,1,no info,2,35,6,3,2019,"('delhi', 'cochin')",13790
Vistara,kolkata,banglore,1550,1,no info,17,0,6,6,2019,"('kolkata', 'banglore')",8820
Multiple Carriers,delhi,cochin,620,1,no info,8,55,27,3,2019,"('delhi', 'cochin')",8371
Air India,kolkata,banglore,1195,2,no info,12,0,9,6,2019,"('kolkata', 'banglore')",10151
Jet Airways,banglore,new delhi,280,1,in-flight meal not included,5,45,24,3,2019,"('banglore', 'new delhi')",8147
Spicejet,banglore,delhi,175,0,no check-in baggage included,21,10,27,6,2019,"('banglore', 'delhi')",4319
Vistara,mumbai,hyderabad,435,1,no info,15,40,6,3,2019,"('mumbai', 'hyderabad')",12395
Indigo,delhi,cochin,665,1,no info,5,5,18,5,2019,"('delhi', 'cochin')",6818
Multiple Carriers,delhi,cochin,470,1,no info,11,25,27,6,2019,"('delhi', 'cochin')",7155
Air Asia,delhi,cochin,870,1,no info,7,55,27,6,2019,"('delhi', 'cochin')",6152
Vistara,kolkata,banglore,945,1,no info,7,10,1,4,2019,"('kolkata', 'banglore')",8295
Multiple Carriers,delhi,cochin,480,1,no info,13,0,15,5,2019,"('delhi', 'cochin')",8073
Jet Airways,kolkata,banglore,475,1,no info,8,25,6,5,2019,"('kolkata', 'banglore')",14781
Air India,banglore,new delhi,165,0,no info,17,0,18,3,2019,"('banglore', 'new delhi')",4441
Indigo,chennai,kolkata,140,0,no info,19,35,12,5,2019,"('chennai', 'kolkata')",3597
Jet Airways,kolkata,banglore,1570,1,no info,17,0,15,5,2019,"('kolkata', 'banglore')",14151
Air India,delhi,cochin,925,1,no info,3,50,27,5,2019,"('delhi', 'cochin')",9719
Jet Airways,delhi,cochin,395,1,in-flight meal not included,21,50,9,6,2019,"('delhi', 'cochin')",10262
Multiple Carriers,delhi,cochin,750,1,no info,13,0,9,5,2019,"('delhi', 'cochin')",15078
Jet Airways,banglore,delhi,175,0,in-flight meal not included,11,10,9,4,2019,"('banglore', 'delhi')",4544
Jet Airways,kolkata,banglore,1655,1,in-flight meal not included,20,0,9,6,2019,"('kolkata', 'banglore')",10844
Air India,mumbai,hyderabad,80,0,no info,21,5,27,3,2019,"('mumbai', 'hyderabad')",2575
Air India,delhi,cochin,1410,2,no info,19,45,27,5,2019,"('delhi', 'cochin')",10441
Jet Airways,delhi,cochin,620,1,in-flight meal not included,2,15,6,6,2019,"('delhi', 'cochin')",10262
Vistara,kolkata,banglore,1580,1,no info,20,20,24,5,2019,"('kolkata', 'banglore')",8452
Multiple Carriers,delhi,cochin,490,1,no info,12,50,12,6,2019,"('delhi', 'cochin')",7005
Air India,delhi,cochin,185,0,no info,18,5,21,6,2019,"('delhi', 'cochin')",5411
Indigo,delhi,cochin,275,1,no info,7,35,9,6,2019,"('delhi', 'cochin')",5054
Indigo,kolkata,banglore,155,0,no info,20,20,18,5,2019,"('kolkata', 'banglore')",4804
Indigo,delhi,cochin,570,1,no info,16,0,6,6,2019,"('delhi', 'cochin')",6316
Air India,delhi,cochin,170,0,no info,5,10,6,6,2019,"('delhi', 'cochin')",5201
Air India,delhi,cochin,2295,2,no info,5,0,3,3,2019,"('delhi', 'cochin')",10283
Jet Airways,banglore,new delhi,340,1,no info,5,45,6,3,2019,"('banglore', 'new delhi')",19225
Jet Airways,kolkata,banglore,1430,1,in-flight meal not included,20,0,21,5,2019,"('kolkata', 'banglore')",10844
Jet Airways,delhi,cochin,610,1,in-flight meal not included,18,15,9,5,2019,"('delhi', 'cochin')",12373
Air Asia,delhi,cochin,330,1,no info,7,55,15,5,2019,"('delhi', 'cochin')",6451
Jet Airways,kolkata,banglore,750,1,in-flight meal not included,5,45,18,5,2019,"('kolkata', 'banglore')",10844
Air India,banglore,delhi,165,0,no info,17,0,9,6,2019,"('banglore', 'delhi')",7171
Multiple Carriers,delhi,cochin,765,1,no info,9,45,6,6,2019,"('delhi', 'cochin')",9646
Jet Airways,delhi,cochin,910,2,no info,21,25,3,6,2019,"('delhi', 'cochin')",13292
Multiple Carriers,delhi,cochin,755,1,no info,6,40,15,6,2019,"('delhi', 'cochin')",8614
Indigo,kolkata,banglore,240,1,no info,6,20,15,5,2019,"('kolkata', 'banglore')",4226
Indigo,mumbai,hyderabad,90,0,no info,16,55,3,4,2019,"('mumbai', 'hyderabad')",3175
Vistara,chennai,kolkata,135,0,no info,7,5,27,6,2019,"('chennai', 'kolkata')",3687
Jet Airways,delhi,cochin,195,0,in-flight meal not included,11,0,21,4,2019,"('delhi', 'cochin')",7202
Jet Airways,delhi,cochin,1530,1,no info,17,30,1,6,2019,"('delhi', 'cochin')",14714
Spicejet,kolkata,banglore,150,0,no info,17,10,12,6,2019,"('kolkata', 'banglore')",4174
Spicejet,chennai,kolkata,140,0,no info,17,45,21,3,2019,"('chennai', 'kolkata')",3384
Multiple Carriers,delhi,cochin,390,1,no info,19,0,21,5,2019,"('delhi', 'cochin')",7485
Indigo,delhi,cochin,500,1,no info,17,10,9,5,2019,"('delhi', 'cochin')",8330
Goair,kolkata,banglore,555,1,no info,22,25,24,3,2019,"('kolkata', 'banglore')",10091
Jet Airways,kolkata,banglore,575,1,in-flight meal not included,9,35,18,5,2019,"('kolkata', 'banglore')",12384
Multiple Carriers,delhi,cochin,760,1,no info,12,50,21,5,2019,"('delhi', 'cochin')",7485
Air Asia,delhi,cochin,865,1,no info,16,45,1,6,2019,"('delhi', 'cochin')",11410
Vistara,banglore,delhi,170,0,no info,21,0,12,4,2019,"('banglore', 'delhi')",5613
Air India,banglore,new delhi,385,1,no info,6,55,3,3,2019,"('banglore', 'new delhi')",10924
Spicejet,mumbai,hyderabad,85,0,no info,22,45,21,3,2019,"('mumbai', 'hyderabad')",1759
Air India,delhi,cochin,925,1,no info,3,50,18,5,2019,"('delhi', 'cochin')",8879
Indigo,kolkata,banglore,155,0,no info,4,40,24,5,2019,"('kolkata', 'banglore')",4804
Multiple Carriers,delhi,cochin,390,1,no info,19,0,3,6,2019,"('delhi', 'cochin')",7198
Jet Airways,mumbai,hyderabad,85,0,no info,7,5,12,6,2019,"('mumbai', 'hyderabad')",8040
Multiple Carriers,delhi,cochin,430,1,no info,11,40,21,3,2019,"('delhi', 'cochin')",11999
Air Asia,kolkata,banglore,220,1,no info,6,50,9,6,2019,"('kolkata', 'banglore')",6857
Indigo,delhi,cochin,710,1,no info,9,10,21,3,2019,"('delhi', 'cochin')",8285
Jet Airways,delhi,cochin,450,1,no info,20,55,21,5,2019,"('delhi', 'cochin')",16079
Jet Airways,banglore,delhi,175,0,in-flight meal not included,15,15,21,6,2019,"('banglore', 'delhi')",7229
Jet Airways,banglore,delhi,180,0,no info,17,45,6,4,2019,"('banglore', 'delhi')",7229
Indigo,kolkata,banglore,220,1,no info,19,35,1,5,2019,"('kolkata', 'banglore')",4226
Indigo,mumbai,hyderabad,90,0,no info,2,30,6,3,2019,"('mumbai', 'hyderabad')",3175
Jet Airways,banglore,new delhi,375,1,no info,7,0,1,3,2019,"('banglore', 'new delhi')",26890
Multiple Carriers,delhi,cochin,920,1,no info,7,10,24,6,2019,"('delhi', 'cochin')",6723
Vistara,banglore,delhi,165,0,no info,19,30,6,5,2019,"('banglore', 'delhi')",4878
Indigo,chennai,kolkata,140,0,no info,22,5,6,6,2019,"('chennai', 'kolkata')",5277
Jet Airways,delhi,cochin,715,1,no info,7,5,9,6,2019,"('delhi', 'cochin')",14714
Jet Airways,delhi,cochin,1390,2,no info,13,25,9,5,2019,"('delhi', 'cochin')",16704
Air India,delhi,cochin,1420,2,no info,9,45,27,6,2019,"('delhi', 'cochin')",10975
Multiple Carriers,delhi,cochin,480,1,no info,13,0,6,3,2019,"('delhi', 'cochin')",15603
Air India,delhi,cochin,1580,2,no info,7,5,9,5,2019,"('delhi', 'cochin')",9347
Indigo,kolkata,banglore,150,0,no info,14,25,18,5,2019,"('kolkata', 'banglore')",5224
Jet Airways,banglore,new delhi,685,1,no info,7,0,1,3,2019,"('banglore', 'new delhi')",26890
Jet Airways,delhi,cochin,775,1,no info,6,50,9,3,2019,"('delhi', 'cochin')",16289
Spicejet,delhi,cochin,295,1,no info,17,55,27,4,2019,"('delhi', 'cochin')",4957
Jet Airways,mumbai,hyderabad,90,0,no info,10,20,24,5,2019,"('mumbai', 'hyderabad')",8040
Indigo,kolkata,banglore,155,0,no info,15,10,1,3,2019,"('kolkata', 'banglore')",6565
Jet Airways,banglore,new delhi,640,1,no info,14,5,1,3,2019,"('banglore', 'new delhi')",26890
Jet Airways,delhi,cochin,505,2,no info,20,0,18,5,2019,"('delhi', 'cochin')",16263
Air India,delhi,cochin,1595,2,no info,16,40,21,3,2019,"('delhi', 'cochin')",8236
Vistara,delhi,cochin,190,0,no info,6,0,27,3,2019,"('delhi', 'cochin')",4851
Air India,kolkata,banglore,875,2,no info,5,50,9,5,2019,"('kolkata', 'banglore')",10991
Indigo,kolkata,banglore,160,0,no info,20,25,21,3,2019,"('kolkata', 'banglore')",4462
Indigo,delhi,cochin,455,1,no info,8,35,18,5,2019,"('delhi', 'cochin')",6442
Jet Airways,delhi,cochin,810,2,no info,23,5,9,4,2019,"('delhi', 'cochin')",9483
Indigo,chennai,kolkata,140,0,no info,22,5,12,6,2019,"('chennai', 'kolkata')",5277
Indigo,delhi,cochin,835,1,no info,8,35,24,6,2019,"('delhi', 'cochin')",6442
Air India,delhi,cochin,1410,2,no info,19,45,27,6,2019,"('delhi', 'cochin')",9653
Jet Airways,banglore,delhi,175,0,in-flight meal not included,15,15,21,4,2019,"('banglore', 'delhi')",4544
Jet Airways,banglore,delhi,185,0,in-flight meal not included,18,55,21,4,2019,"('banglore', 'delhi')",4544
Vistara,kolkata,banglore,1350,1,no info,20,20,9,6,2019,"('kolkata', 'banglore')",8610
Jet Airways,kolkata,banglore,1730,1,no info,9,35,12,6,2019,"('kolkata', 'banglore')",12692
Multiple Carriers,delhi,cochin,840,1,no info,7,0,12,6,2019,"('delhi', 'cochin')",7408
Indigo,kolkata,banglore,155,0,no info,22,15,3,5,2019,"('kolkata', 'banglore')",4804
Jet Airways,mumbai,hyderabad,90,0,no info,19,35,18,6,2019,"('mumbai', 'hyderabad')",5678
Spicejet,banglore,delhi,175,0,no info,21,10,6,6,2019,"('banglore', 'delhi')",3311
Indigo,banglore,delhi,170,0,no info,10,10,12,6,2019,"('banglore', 'delhi')",3943
Jet Airways,delhi,cochin,970,2,no info,12,15,15,6,2019,"('delhi', 'cochin')",14300
Air India,banglore,delhi,165,0,no info,6,10,1,5,2019,"('banglore', 'delhi')",6121
Multiple Carriers,delhi,cochin,555,1,no info,10,0,3,6,2019,"('delhi', 'cochin')",14848
Indigo,kolkata,banglore,155,0,no info,4,40,6,6,2019,"('kolkata', 'banglore')",4804
Multiple Carriers,delhi,cochin,915,1,no info,7,5,9,3,2019,"('delhi', 'cochin')",6916
Jet Airways,kolkata,banglore,750,1,in-flight meal not included,9,35,15,5,2019,"('kolkata', 'banglore')",10703
Multiple Carriers,delhi,cochin,600,1,no info,9,0,9,5,2019,"('delhi', 'cochin')",10197
Indigo,banglore,new delhi,295,1,no info,13,40,15,3,2019,"('banglore', 'new delhi')",7166
Multiple Carriers,delhi,cochin,600,1,no info,9,0,12,6,2019,"('delhi', 'cochin')",12192
Jet Airways,delhi,cochin,610,1,in-flight meal not included,18,15,27,3,2019,"('delhi', 'cochin')",6540
Air India,banglore,new delhi,1475,2,no info,8,50,1,3,2019,"('banglore', 'new delhi')",25430
Air India,kolkata,banglore,1600,2,no info,9,50,9,6,2019,"('kolkata', 'banglore')",14960
Jet Airways,banglore,new delhi,780,1,no info,21,25,12,3,2019,"('banglore', 'new delhi')",13817
Indigo,kolkata,banglore,315,1,no info,21,0,6,5,2019,"('kolkata', 'banglore')",7252
Jet Airways,delhi,cochin,300,1,no info,14,0,1,6,2019,"('delhi', 'cochin')",14714
Vistara,kolkata,banglore,700,1,no info,7,10,12,5,2019,"('kolkata', 'banglore')",8820
Jet Airways,kolkata,banglore,1610,1,no info,6,30,21,5,2019,"('kolkata', 'banglore')",14388
Vistara,chennai,kolkata,140,0,no info,17,45,27,5,2019,"('chennai', 'kolkata')",11982
Multiple Carriers,delhi,cochin,420,1,no info,14,0,21,5,2019,"('delhi', 'cochin')",14067
Air India,delhi,cochin,800,2,no info,5,55,6,6,2019,"('delhi', 'cochin')",10861
Jet Airways,kolkata,banglore,1285,1,no info,18,55,9,6,2019,"('kolkata', 'banglore')",14571
Indigo,banglore,new delhi,175,0,no info,18,25,3,3,2019,"('banglore', 'new delhi')",8855
Spicejet,chennai,kolkata,140,0,no info,17,45,27,3,2019,"('chennai', 'kolkata')",3384
Jet Airways,banglore,new delhi,435,1,no info,8,0,1,3,2019,"('banglore', 'new delhi')",22270
Jet Airways,banglore,new delhi,1220,1,no info,14,5,1,3,2019,"('banglore', 'new delhi')",20800
Air India,banglore,delhi,165,0,no info,6,10,6,6,2019,"('banglore', 'delhi')",6961
Multiple Carriers,delhi,cochin,455,1,no info,11,40,12,6,2019,"('delhi', 'cochin')",8266
Spicejet,kolkata,banglore,140,0,no info,22,20,12,6,2019,"('kolkata', 'banglore')",3873
Spicejet,banglore,delhi,170,0,no info,9,30,12,6,2019,"('banglore', 'delhi')",4423
Jet Airways,banglore,new delhi,1355,1,no info,20,35,6,3,2019,"('banglore', 'new delhi')",17471
Multiple Carriers,delhi,cochin,450,1,no info,8,0,3,3,2019,"('delhi', 'cochin')",17057
Multiple Carriers,delhi,cochin,395,1,no info,6,0,3,6,2019,"('delhi', 'cochin')",13259
Air India,kolkata,banglore,1385,2,no info,9,50,1,5,2019,"('kolkata', 'banglore')",13227
Jet Airways,delhi,cochin,195,0,no info,11,0,6,6,2019,"('delhi', 'cochin')",9564
Air India,mumbai,hyderabad,80,0,no info,6,20,3,4,2019,"('mumbai', 'hyderabad')",3100
Jet Airways,delhi,cochin,925,1,in-flight meal not included,13,0,9,5,2019,"('delhi', 'cochin')",12373
Air India,banglore,delhi,170,0,no info,13,20,12,4,2019,"('banglore', 'delhi')",5911
Multiple Carriers,delhi,cochin,395,1,no info,19,0,6,3,2019,"('delhi', 'cochin')",15147
Indigo,banglore,new delhi,295,1,no info,12,10,3,3,2019,"('banglore', 'new delhi')",8738
Jet Airways,delhi,cochin,1420,2,no info,19,10,21,3,2019,"('delhi', 'cochin')",10929
Multiple Carriers,delhi,cochin,705,1,no info,7,30,18,5,2019,"('delhi', 'cochin')",7564
Jet Airways,banglore,new delhi,375,1,no info,22,50,1,3,2019,"('banglore', 'new delhi')",26890
Jet Airways,delhi,cochin,1040,1,in-flight meal not included,19,15,1,6,2019,"('delhi', 'cochin')",10262
Multiple Carriers,delhi,cochin,930,1,no info,10,0,1,6,2019,"('delhi', 'cochin')",13377
Indigo,banglore,delhi,180,0,no info,21,15,18,6,2019,"('banglore', 'delhi')",3943
Air India,delhi,cochin,435,2,no info,12,0,12,6,2019,"('delhi', 'cochin')",8603
Jet Airways,delhi,cochin,1600,2,in-flight meal not included,16,10,21,3,2019,"('delhi', 'cochin')",8728
Jet Airways,delhi,cochin,805,2,no info,5,25,3,3,2019,"('delhi', 'cochin')",18799
Multiple Carriers,delhi,cochin,520,1,no info,10,20,6,6,2019,"('delhi', 'cochin')",11789
Jet Airways,delhi,cochin,995,1,no info,2,15,21,3,2019,"('delhi', 'cochin')",12719
Indigo,banglore,delhi,170,0,no info,13,0,12,4,2019,"('banglore', 'delhi')",4823
Multiple Carriers,delhi,cochin,450,1,no info,8,0,21,3,2019,"('delhi', 'cochin')",8307
Jet Airways,banglore,delhi,185,0,no info,18,55,12,5,2019,"('banglore', 'delhi')",7229
Jet Airways,delhi,cochin,550,1,in-flight meal not included,19,15,27,5,2019,"('delhi', 'cochin')",12898
Air India,kolkata,banglore,810,2,no info,8,20,21,5,2019,"('kolkata', 'banglore')",10697
Jet Airways,kolkata,banglore,685,1,no info,8,25,9,6,2019,"('kolkata', 'banglore')",14571
Jet Airways,banglore,delhi,180,0,no info,7,10,3,5,2019,"('banglore', 'delhi')",7229
Spicejet,delhi,cochin,295,1,no info,17,55,27,5,2019,"('delhi', 'cochin')",5673
Spicejet,kolkata,banglore,155,0,no check-in baggage included,6,55,27,6,2019,"('kolkata', 'banglore')",3841
Jet Airways,mumbai,hyderabad,90,0,no info,10,20,6,5,2019,"('mumbai', 'hyderabad')",8040
Air India,banglore,delhi,170,0,no info,21,5,24,5,2019,"('banglore', 'delhi')",5228
Jet Airways,delhi,cochin,560,2,no info,9,40,15,6,2019,"('delhi', 'cochin')",13014
Spicejet,chennai,kolkata,155,0,no check-in baggage included,9,30,24,3,2019,"('chennai', 'kolkata')",3807
Air Asia,kolkata,banglore,150,0,no info,19,55,12,4,2019,"('kolkata', 'banglore')",4409
Indigo,banglore,new delhi,175,0,no info,10,5,3,3,2019,"('banglore', 'new delhi')",7648
Jet Airways,delhi,cochin,1005,1,no info,2,15,12,6,2019,"('delhi', 'cochin')",14714
Multiple Carriers,delhi,cochin,520,1,no info,10,35,18,5,2019,"('delhi', 'cochin')",8309
Jet Airways,banglore,new delhi,1005,1,in-flight meal not included,18,40,21,3,2019,"('banglore', 'new delhi')",7832
Air India,delhi,cochin,230,0,no info,14,5,21,5,2019,"('delhi', 'cochin')",6094
Jet Airways,kolkata,banglore,735,1,no info,20,0,12,5,2019,"('kolkata', 'banglore')",13941
Spicejet,kolkata,banglore,155,0,no info,6,55,12,4,2019,"('kolkata', 'banglore')",3873
Jet Airways,mumbai,hyderabad,85,0,no info,7,5,1,6,2019,"('mumbai', 'hyderabad')",5678
Jet Airways,banglore,new delhi,570,1,no info,5,45,18,3,2019,"('banglore', 'new delhi')",12284
Spicejet,delhi,cochin,315,1,no info,6,5,15,4,2019,"('delhi', 'cochin')",5583
Indigo,banglore,new delhi,170,0,no info,23,30,3,3,2019,"('banglore', 'new delhi')",6144
Jet Airways,kolkata,banglore,330,1,no info,6,30,12,6,2019,"('kolkata', 'banglore')",13626
Goair,banglore,delhi,165,0,no info,20,55,3,5,2019,"('banglore', 'delhi')",4239
Air India,banglore,new delhi,1015,1,no info,5,50,1,3,2019,"('banglore', 'new delhi')",14069
Spicejet,banglore,delhi,160,0,no info,5,55,15,5,2019,"('banglore', 'delhi')",3311
Jet Airways,kolkata,banglore,1550,1,in-flight meal not included,18,55,12,6,2019,"('kolkata', 'banglore')",8529
Multiple Carriers,delhi,cochin,545,1,no info,7,5,18,5,2019,"('delhi', 'cochin')",9646
Air India,kolkata,banglore,1390,2,no info,12,0,9,6,2019,"('kolkata', 'banglore')",10151
Goair,delhi,cochin,370,1,no info,7,25,18,5,2019,"('delhi', 'cochin')",6296
Indigo,mumbai,hyderabad,90,0,no info,19,5,6,6,2019,"('mumbai', 'hyderabad')",2754
Indigo,kolkata,banglore,160,0,no info,21,25,24,6,2019,"('kolkata', 'banglore')",4804
Jet Airways,banglore,new delhi,315,1,no info,8,0,18,3,2019,"('banglore', 'new delhi')",12284
Air India,delhi,cochin,1115,2,no info,13,5,9,4,2019,"('delhi', 'cochin')",8577
Indigo,banglore,new delhi,295,1,no info,12,10,1,3,2019,"('banglore', 'new delhi')",9694
Air India,delhi,cochin,180,0,no info,14,10,27,6,2019,"('delhi', 'cochin')",5201
Air India,delhi,cochin,1255,1,no info,12,30,6,3,2019,"('delhi', 'cochin')",13832
Jet Airways,kolkata,banglore,910,1,in-flight meal not included,18,55,9,5,2019,"('kolkata', 'banglore')",8586
Indigo,kolkata,banglore,160,0,no info,21,25,3,5,2019,"('kolkata', 'banglore')",4804
Air India,kolkata,banglore,1255,2,no info,16,50,15,5,2019,"('kolkata', 'banglore')",15532
Multiple Carriers,delhi,cochin,600,1,no info,9,0,15,5,2019,"('delhi', 'cochin')",10197
Air India,delhi,cochin,1305,2,no info,21,30,9,3,2019,"('delhi', 'cochin')",11762
Indigo,banglore,delhi,165,0,no info,6,5,3,5,2019,"('banglore', 'delhi')",3943
Jet Airways,kolkata,banglore,1605,1,no info,16,55,24,3,2019,"('kolkata', 'banglore')",14231
Jet Airways,banglore,delhi,165,0,in-flight meal not included,6,0,9,5,2019,"('banglore', 'delhi')",4030
Indigo,kolkata,banglore,265,1,no info,19,20,24,5,2019,"('kolkata', 'banglore')",3809
Jet Airways,banglore,delhi,165,0,in-flight meal not included,6,0,21,4,2019,"('banglore', 'delhi')",4544
Vistara,mumbai,hyderabad,1450,1,no info,19,45,12,3,2019,"('mumbai', 'hyderabad')",12080
Multiple Carriers,delhi,cochin,765,1,no info,9,45,24,6,2019,"('delhi', 'cochin')",9646
Indigo,banglore,delhi,170,0,no info,0,25,9,6,2019,"('banglore', 'delhi')",3943
Air India,banglore,new delhi,1420,1,no info,17,0,9,3,2019,"('banglore', 'new delhi')",9292
Indigo,delhi,cochin,705,1,no info,9,15,3,6,2019,"('delhi', 'cochin')",6838
Jet Airways,kolkata,banglore,1595,1,no info,20,0,1,4,2019,"('kolkata', 'banglore')",12681
Jet Airways,delhi,cochin,1925,2,no info,10,45,21,3,2019,"('delhi', 'cochin')",11093
Vistara,kolkata,banglore,1550,1,no info,17,0,1,4,2019,"('kolkata', 'banglore')",8610
Air India,delhi,cochin,795,1,no info,9,45,9,6,2019,"('delhi', 'cochin')",8907
Air India,kolkata,banglore,675,1,no info,9,50,6,6,2019,"('kolkata', 'banglore')",7452
Multiple Carriers,delhi,cochin,570,1,no info,16,0,9,6,2019,"('delhi', 'cochin')",13587
Jet Airways,delhi,cochin,1105,1,in-flight meal not included,10,0,1,6,2019,"('delhi', 'cochin')",10262
Air India,banglore,delhi,170,0,no info,21,5,12,6,2019,"('banglore', 'delhi')",5228
Indigo,mumbai,hyderabad,90,0,no info,6,25,6,6,2019,"('mumbai', 'hyderabad')",4049
Air Asia,kolkata,banglore,500,2,no info,15,10,9,6,2019,"('kolkata', 'banglore')",7870
Multiple Carriers,delhi,cochin,630,1,no info,15,0,9,5,2019,"('delhi', 'cochin')",15078
Air India,kolkata,banglore,875,2,no info,5,50,21,5,2019,"('kolkata', 'banglore')",12303
Air India,delhi,cochin,1560,2,no info,17,15,21,3,2019,"('delhi', 'cochin')",8245
Multiple Carriers,delhi,cochin,580,1,no info,9,10,21,3,2019,"('delhi', 'cochin')",13069
Vistara,kolkata,banglore,1065,1,no info,17,0,12,5,2019,"('kolkata', 'banglore')",9922
Air India,delhi,cochin,2280,3,no info,5,15,3,6,2019,"('delhi', 'cochin')",10493
Spicejet,delhi,cochin,295,1,no info,17,55,15,5,2019,"('delhi', 'cochin')",5409
Multiple Carriers,delhi,cochin,845,1,no info,11,30,3,3,2019,"('delhi', 'cochin')",18286
Jet Airways,delhi,cochin,1005,1,in-flight meal not included,2,15,1,6,2019,"('delhi', 'cochin')",10262
Indigo,mumbai,hyderabad,90,0,no info,21,20,3,6,2019,"('mumbai', 'hyderabad')",2227
Jet Airways,mumbai,hyderabad,90,0,no info,8,45,21,6,2019,"('mumbai', 'hyderabad')",8040
Spicejet,mumbai,hyderabad,90,0,no check-in baggage included,13,15,1,6,2019,"('mumbai', 'hyderabad')",2175
Jet Airways,delhi,cochin,195,0,no info,11,0,21,6,2019,"('delhi', 'cochin')",9564
Jet Airways,delhi,cochin,810,2,no info,5,30,21,5,2019,"('delhi', 'cochin')",15129
Indigo,delhi,cochin,300,1,no info,16,0,15,4,2019,"('delhi', 'cochin')",5947
Indigo,delhi,cochin,570,1,no info,16,0,18,5,2019,"('delhi', 'cochin')",7191
Jet Airways,kolkata,banglore,730,1,in-flight meal not included,21,10,9,6,2019,"('kolkata', 'banglore')",11841
Jet Airways,banglore,new delhi,1555,1,no info,22,50,6,3,2019,"('banglore', 'new delhi')",14815
Jet Airways,kolkata,banglore,1495,1,in-flight meal not included,18,55,12,6,2019,"('kolkata', 'banglore')",8529
Indigo,delhi,cochin,860,1,no info,6,40,6,6,2019,"('delhi', 'cochin')",6093
Jet Airways,kolkata,banglore,1500,1,no info,17,0,6,6,2019,"('kolkata', 'banglore')",12692
Indigo,kolkata,banglore,160,0,no info,21,25,21,4,2019,"('kolkata', 'banglore')",4804
Indigo,kolkata,banglore,160,0,no info,21,25,27,6,2019,"('kolkata', 'banglore')",4804
Jet Airways,delhi,cochin,885,1,in-flight meal not included,21,50,9,6,2019,"('delhi', 'cochin')",10262
Jet Airways,kolkata,banglore,520,1,no info,20,0,9,5,2019,"('kolkata', 'banglore')",13941
Air India,banglore,new delhi,1510,1,no info,11,50,21,3,2019,"('banglore', 'new delhi')",5092
Air India,banglore,new delhi,165,0,no info,21,10,9,3,2019,"('banglore', 'new delhi')",7591
Goair,banglore,delhi,170,0,no info,11,40,15,5,2019,"('banglore', 'delhi')",3398
Jet Airways,delhi,cochin,1000,2,no info,11,45,12,6,2019,"('delhi', 'cochin')",13882
Jet Airways,kolkata,banglore,590,1,no info,6,30,12,5,2019,"('kolkata', 'banglore')",14781
Indigo,delhi,cochin,425,1,no info,5,5,15,5,2019,"('delhi', 'cochin')",6818
Multiple Carriers,delhi,cochin,690,1,no info,14,0,27,6,2019,"('delhi', 'cochin')",13377
Air India,delhi,cochin,1490,2,no info,6,50,15,6,2019,"('delhi', 'cochin')",13591
Multiple Carriers,delhi,cochin,620,1,no info,15,15,21,3,2019,"('delhi', 'cochin')",7695
Indigo,delhi,cochin,575,1,no info,8,35,21,5,2019,"('delhi', 'cochin')",6442
Multiple Carriers,delhi,cochin,395,1,no info,6,0,21,3,2019,"('delhi', 'cochin')",13369
Multiple Carriers,delhi,cochin,430,1,no info,11,40,27,3,2019,"('delhi', 'cochin')",11421
Multiple Carriers,delhi,cochin,890,1,no info,4,0,3,3,2019,"('delhi', 'cochin')",15237
Air India,banglore,new delhi,170,0,no info,17,0,9,3,2019,"('banglore', 'new delhi')",9481
Multiple Carriers,delhi,cochin,555,1,no info,13,15,3,6,2019,"('delhi', 'cochin')",9646
Air India,delhi,cochin,1730,2,no info,14,25,24,6,2019,"('delhi', 'cochin')",13381
Indigo,mumbai,hyderabad,85,0,no info,19,5,15,3,2019,"('mumbai', 'hyderabad')",2754
Air India,delhi,cochin,1275,2,no info,22,0,18,5,2019,"('delhi', 'cochin')",10441
Spicejet,banglore,new delhi,175,0,no check-in baggage included,9,35,24,3,2019,"('banglore', 'new delhi')",6205
Jet Airways,delhi,cochin,715,1,in-flight meal not included,7,5,1,6,2019,"('delhi', 'cochin')",15190
Indigo,banglore,delhi,175,0,no info,0,30,15,5,2019,"('banglore', 'delhi')",3419
Jet Airways,delhi,cochin,600,1,in-flight meal not included,9,0,6,6,2019,"('delhi', 'cochin')",10262
Vistara,chennai,kolkata,140,0,no info,17,45,18,5,2019,"('chennai', 'kolkata')",11982
Spicejet,delhi,cochin,295,1,no info,17,55,18,5,2019,"('delhi', 'cochin')",5975
Jet Airways,delhi,cochin,1530,1,in-flight meal not included,17,30,1,6,2019,"('delhi', 'cochin')",10262
Jet Airways,kolkata,banglore,1745,1,no info,17,0,12,5,2019,"('kolkata', 'banglore')",13067
Jet Airways,mumbai,hyderabad,90,0,no info,10,20,15,3,2019,"('mumbai', 'hyderabad')",8040
Air India,delhi,cochin,1125,1,no info,13,30,15,5,2019,"('delhi', 'cochin')",10671
Jet Airways,kolkata,banglore,435,1,in-flight meal not included,10,20,1,4,2019,"('kolkata', 'banglore')",6077
Spicejet,banglore,delhi,160,0,no info,5,55,24,5,2019,"('banglore', 'delhi')",3311
Jet Airways,banglore,delhi,175,0,no info,15,50,21,5,2019,"('banglore', 'delhi')",7229
Vistara,banglore,delhi,170,0,no info,9,45,27,4,2019,"('banglore', 'delhi')",5613
Air India,banglore,delhi,165,0,no info,17,0,15,6,2019,"('banglore', 'delhi')",7171
Air India,banglore,new delhi,1265,1,no info,11,50,6,3,2019,"('banglore', 'new delhi')",14594
Jet Airways,banglore,delhi,180,0,in-flight meal not included,8,20,6,4,2019,"('banglore', 'delhi')",4544
Multiple Carriers,delhi,cochin,720,1,no info,9,0,9,5,2019,"('delhi', 'cochin')",13727
Jet Airways,kolkata,banglore,570,1,no info,14,5,12,5,2019,"('kolkata', 'banglore')",14781
Jet Airways,delhi,cochin,1630,2,no info,9,25,15,6,2019,"('delhi', 'cochin')",13882
Indigo,mumbai,hyderabad,90,0,no info,12,0,12,5,2019,"('mumbai', 'hyderabad')",2754
Indigo,banglore,delhi,180,0,no info,16,55,9,4,2019,"('banglore', 'delhi')",4823
Indigo,delhi,cochin,195,0,no info,5,35,3,3,2019,"('delhi', 'cochin')",7673
Indigo,delhi,cochin,305,1,no info,20,30,27,3,2019,"('delhi', 'cochin')",5073
Jet Airways,delhi,cochin,1005,1,no info,2,15,27,5,2019,"('delhi', 'cochin')",16079
Vistara,banglore,delhi,165,0,no info,19,30,27,6,2019,"('banglore', 'delhi')",5088
Air India,delhi,cochin,1410,2,no info,19,45,9,6,2019,"('delhi', 'cochin')",10178
Jet Airways,banglore,new delhi,1455,1,in-flight meal not included,8,0,15,3,2019,"('banglore', 'new delhi')",10405
Jet Airways,kolkata,banglore,1550,1,in-flight meal not included,18,55,15,5,2019,"('kolkata', 'banglore')",10844
Jet Airways,banglore,new delhi,365,1,in-flight meal not included,16,55,18,3,2019,"('banglore', 'new delhi')",11087
Jet Airways,delhi,cochin,620,1,in-flight meal not included,2,15,27,6,2019,"('delhi', 'cochin')",10262
Indigo,delhi,cochin,515,1,no info,7,35,15,5,2019,"('delhi', 'cochin')",6442
Jet Airways,kolkata,banglore,1545,1,in-flight meal not included,16,30,15,5,2019,"('kolkata', 'banglore')",10844
Air India,banglore,delhi,165,0,no info,6,10,21,4,2019,"('banglore', 'delhi')",6121
Indigo,banglore,new delhi,170,0,no info,22,20,18,3,2019,"('banglore', 'new delhi')",4545
Indigo,delhi,cochin,755,1,no info,8,25,27,3,2019,"('delhi', 'cochin')",8285
Jet Airways,kolkata,banglore,705,1,no info,6,30,12,6,2019,"('kolkata', 'banglore')",13626
Multiple Carriers,delhi,cochin,780,1,no info,8,0,24,6,2019,"('delhi', 'cochin')",13797
Jet Airways,mumbai,hyderabad,90,0,in-flight meal not included,19,35,12,6,2019,"('mumbai', 'hyderabad')",3210
Multiple Carriers,delhi,cochin,505,1,no info,10,35,21,5,2019,"('delhi', 'cochin')",9103
Multiple Carriers,delhi,cochin,810,1,no info,7,30,6,6,2019,"('delhi', 'cochin')",7740
Indigo,banglore,delhi,170,0,no info,22,10,3,5,2019,"('banglore', 'delhi')",4284
Spicejet,banglore,delhi,175,0,no check-in baggage included,21,10,9,5,2019,"('banglore', 'delhi')",4319
Multiple Carriers,delhi,cochin,525,1,no info,3,50,15,5,2019,"('delhi', 'cochin')",10197
Air India,delhi,cochin,705,1,no info,20,30,12,6,2019,"('delhi', 'cochin')",8991
Air India,banglore,new delhi,1200,1,1 long layover,0,30,1,3,2019,"('banglore', 'new delhi')",14752
Indigo,banglore,delhi,175,0,no info,18,55,12,6,2019,"('banglore', 'delhi')",4823
Vistara,banglore,delhi,170,0,no info,21,0,24,5,2019,"('banglore', 'delhi')",5613
Jet Airways,kolkata,banglore,505,1,in-flight meal not included,9,35,6,6,2019,"('kolkata', 'banglore')",10539
Jet Airways,kolkata,banglore,590,1,no info,8,25,12,5,2019,"('kolkata', 'banglore')",14781
Multiple Carriers,delhi,cochin,675,1,no info,8,0,12,6,2019,"('delhi', 'cochin')",15058
Indigo,delhi,cochin,195,0,no info,21,5,12,5,2019,"('delhi', 'cochin')",8626
Jet Airways,kolkata,banglore,1200,1,no info,14,5,18,5,2019,"('kolkata', 'banglore')",14388
Spicejet,kolkata,banglore,160,0,no check-in baggage included,6,55,18,3,2019,"('kolkata', 'banglore')",4413
Spicejet,kolkata,banglore,315,1,no info,15,5,1,4,2019,"('kolkata', 'banglore')",4649
Indigo,mumbai,hyderabad,85,0,no info,19,5,27,3,2019,"('mumbai', 'hyderabad')",2754
Jet Airways,kolkata,banglore,575,1,no info,9,35,1,4,2019,"('kolkata', 'banglore')",11467
Indigo,delhi,cochin,345,1,no info,2,0,27,3,2019,"('delhi', 'cochin')",5733
Jet Airways,delhi,cochin,1295,2,no info,21,25,1,6,2019,"('delhi', 'cochin')",13292
Jet Airways,delhi,cochin,995,1,in-flight meal not included,2,15,27,3,2019,"('delhi', 'cochin')",6017
Air Asia,kolkata,banglore,150,0,no info,19,55,6,4,2019,"('kolkata', 'banglore')",3807
Spicejet,kolkata,banglore,315,1,no info,15,5,6,6,2019,"('kolkata', 'banglore')",4649
Indigo,kolkata,banglore,150,0,no info,15,15,24,6,2019,"('kolkata', 'banglore')",4804
Air India,delhi,cochin,970,2,no info,17,15,15,5,2019,"('delhi', 'cochin')",8839
Jet Airways,kolkata,banglore,590,1,in-flight meal not included,8,25,18,5,2019,"('kolkata', 'banglore')",10844
Jet Airways,banglore,new delhi,885,1,no info,9,45,12,3,2019,"('banglore', 'new delhi')",11507
Indigo,mumbai,hyderabad,90,0,no info,9,10,18,3,2019,"('mumbai', 'hyderabad')",4049
Jet Airways,kolkata,banglore,345,1,in-flight meal not included,14,5,21,5,2019,"('kolkata', 'banglore')",10844
Multiple Carriers,delhi,cochin,455,1,no info,11,25,27,5,2019,"('delhi', 'cochin')",9103
Air India,delhi,cochin,1800,2,no info,13,15,15,6,2019,"('delhi', 'cochin')",12182
Jet Airways,delhi,cochin,1390,2,no info,13,25,18,5,2019,"('delhi', 'cochin')",15129
Air India,mumbai,hyderabad,75,0,no info,19,30,21,5,2019,"('mumbai', 'hyderabad')",3100
Indigo,delhi,cochin,455,1,no info,8,35,6,3,2019,"('delhi', 'cochin')",7514
Jet Airways,delhi,cochin,560,2,no info,9,40,9,5,2019,"('delhi', 'cochin')",15129
Multiple Carriers,delhi,cochin,555,1,no info,13,15,27,5,2019,"('delhi', 'cochin')",9646
Jet Airways,delhi,cochin,1090,2,no info,18,25,1,6,2019,"('delhi', 'cochin')",14237
Air India,delhi,cochin,2170,2,no info,7,5,3,3,2019,"('delhi', 'cochin')",11552
Air Asia,kolkata,banglore,155,0,no info,10,20,15,4,2019,"('kolkata', 'banglore')",4409
Spicejet,mumbai,hyderabad,80,0,no check-in baggage included,13,10,18,3,2019,"('mumbai', 'hyderabad')",2385
Air India,kolkata,banglore,1045,2,no info,5,50,12,6,2019,"('kolkata', 'banglore')",12723
Indigo,delhi,cochin,285,1,no info,10,45,21,3,2019,"('delhi', 'cochin')",6218
Jet Airways,banglore,new delhi,380,1,no info,8,55,18,3,2019,"('banglore', 'new delhi')",12284
Indigo,delhi,cochin,845,1,no info,11,25,12,6,2019,"('delhi', 'cochin')",5883
Indigo,chennai,kolkata,140,0,no info,19,35,21,5,2019,"('chennai', 'kolkata')",3597
Jet Airways,kolkata,banglore,1720,1,in-flight meal not included,18,55,12,6,2019,"('kolkata', 'banglore')",8529
Air India,banglore,new delhi,665,2,change airports,11,5,1,3,2019,"('banglore', 'new delhi')",13576
Multiple Carriers,delhi,cochin,720,1,no info,7,0,12,6,2019,"('delhi', 'cochin')",12192
Jet Airways,kolkata,banglore,705,1,in-flight meal not included,6,30,15,5,2019,"('kolkata', 'banglore')",10844
Goair,delhi,cochin,355,1,no info,7,0,24,4,2019,"('delhi', 'cochin')",6195
Indigo,delhi,cochin,300,1,no info,16,0,27,3,2019,"('delhi', 'cochin')",5073
Spicejet,delhi,cochin,295,1,no info,17,55,1,6,2019,"('delhi', 'cochin')",5975
Indigo,kolkata,banglore,155,0,no info,22,15,9,5,2019,"('kolkata', 'banglore')",4804
Multiple Carriers,delhi,cochin,455,1,no info,11,40,15,5,2019,"('delhi', 'cochin')",9001
Multiple Carriers,delhi,cochin,720,1,in-flight meal not included,9,0,27,5,2019,"('delhi', 'cochin')",7886
Air India,delhi,cochin,735,1,no info,7,0,15,5,2019,"('delhi', 'cochin')",8669
Jet Airways,banglore,new delhi,1325,1,no info,7,0,1,3,2019,"('banglore', 'new delhi')",26890
Air Asia,delhi,cochin,870,1,no info,7,55,18,5,2019,"('delhi', 'cochin')",7452
Jet Airways,delhi,cochin,620,1,no info,2,15,21,5,2019,"('delhi', 'cochin')",16376
Air India,kolkata,banglore,610,2,no info,8,20,6,6,2019,"('kolkata', 'banglore')",10697
Jet Airways,banglore,new delhi,470,1,no info,16,55,15,3,2019,"('banglore', 'new delhi')",21934
Vistara,kolkata,banglore,1395,1,no info,9,55,24,3,2019,"('kolkata', 'banglore')",10842
Spicejet,mumbai,hyderabad,80,0,no check-in baggage included,13,10,15,3,2019,"('mumbai', 'hyderabad')",2385
Multiple Carriers,delhi,cochin,480,1,no info,17,30,24,6,2019,"('delhi', 'cochin')",13377
Multiple Carriers,delhi,cochin,615,1,no info,8,45,1,6,2019,"('delhi', 'cochin')",12524
Air India,banglore,new delhi,165,0,no info,6,10,3,3,2019,"('banglore', 'new delhi')",8851
Spicejet,kolkata,banglore,140,0,no info,22,20,3,4,2019,"('kolkata', 'banglore')",3873
Air India,banglore,delhi,170,0,no info,13,20,12,5,2019,"('banglore', 'delhi')",6121
Vistara,kolkata,banglore,1625,1,no info,20,20,12,6,2019,"('kolkata', 'banglore')",8610
Jet Airways,kolkata,banglore,1545,1,no info,16,30,9,5,2019,"('kolkata', 'banglore')",13941
Jet Airways,banglore,delhi,175,0,in-flight meal not included,15,50,21,5,2019,"('banglore', 'delhi')",3359
Goair,delhi,cochin,540,1,no info,10,35,3,6,2019,"('delhi', 'cochin')",4959
Indigo,delhi,cochin,305,1,no info,23,30,12,6,2019,"('delhi', 'cochin')",10112
Multiple Carriers,delhi,cochin,690,1,no info,7,30,9,5,2019,"('delhi', 'cochin')",9794
Jet Airways,banglore,new delhi,340,1,business class,5,45,1,3,2019,"('banglore', 'new delhi')",79512
Jet Airways,kolkata,banglore,845,1,in-flight meal not included,20,0,24,5,2019,"('kolkata', 'banglore')",8586
Jet Airways,mumbai,hyderabad,85,0,in-flight meal not included,7,5,1,6,2019,"('mumbai', 'hyderabad')",4050
Indigo,banglore,new delhi,165,0,no info,1,30,24,3,2019,"('banglore', 'new delhi')",4777
Indigo,mumbai,hyderabad,90,0,no info,2,35,9,5,2019,"('mumbai', 'hyderabad')",2754
Air India,delhi,cochin,965,1,no info,17,20,27,5,2019,"('delhi', 'cochin')",7480
Air India,kolkata,banglore,1200,2,no info,9,25,9,6,2019,"('kolkata', 'banglore')",13007
Jet Airways,delhi,cochin,810,2,no info,5,30,27,5,2019,"('delhi', 'cochin')",15129
Jet Airways,delhi,cochin,335,1,in-flight meal not included,22,50,21,3,2019,"('delhi', 'cochin')",6017
Jet Airways,kolkata,banglore,1155,1,no info,14,5,24,5,2019,"('kolkata', 'banglore')",14178
Indigo,delhi,cochin,810,1,no info,7,30,3,3,2019,"('delhi', 'cochin')",14871
Indigo,mumbai,hyderabad,90,0,no info,6,25,24,5,2019,"('mumbai', 'hyderabad')",4049
Indigo,chennai,kolkata,140,0,no info,7,55,6,6,2019,"('chennai', 'kolkata')",3850
Vistara,kolkata,banglore,1655,1,no info,7,10,1,4,2019,"('kolkata', 'banglore')",8505
Spicejet,chennai,kolkata,135,0,no check-in baggage included,9,45,24,6,2019,"('chennai', 'kolkata')",3859
Jet Airways,kolkata,banglore,855,1,in-flight meal not included,6,30,6,5,2019,"('kolkata', 'banglore')",9663
Air India,banglore,new delhi,1510,1,1 long layover,11,50,1,3,2019,"('banglore', 'new delhi')",15434
Jet Airways,delhi,cochin,1005,1,in-flight meal not included,2,15,21,5,2019,"('delhi', 'cochin')",12898
Spicejet,mumbai,hyderabad,90,0,no info,5,45,27,6,2019,"('mumbai', 'hyderabad')",2017
Jet Airways,kolkata,banglore,730,1,in-flight meal not included,21,10,12,6,2019,"('kolkata', 'banglore')",8529
Goair,delhi,cochin,370,1,no info,7,25,9,5,2019,"('delhi', 'cochin')",5842
Multiple Carriers,delhi,cochin,680,1,no info,7,30,6,3,2019,"('delhi', 'cochin')",15135
Jet Airways,delhi,cochin,655,1,in-flight meal not included,17,30,6,6,2019,"('delhi', 'cochin')",10262
Jet Airways,kolkata,banglore,800,1,no info,20,25,6,6,2019,"('kolkata', 'banglore')",12692
Air Asia,delhi,cochin,340,1,no info,16,45,27,4,2019,"('delhi', 'cochin')",6451
Jet Airways,kolkata,banglore,1655,1,no info,5,45,18,5,2019,"('kolkata', 'banglore')",14388
Jet Airways,mumbai,hyderabad,90,0,in-flight meal not included,19,35,1,5,2019,"('mumbai', 'hyderabad')",2228
Indigo,banglore,delhi,170,0,no info,4,0,15,6,2019,"('banglore', 'delhi')",4423
Air Asia,kolkata,banglore,155,0,no info,10,20,24,3,2019,"('kolkata', 'banglore')",5620
Jet Airways,kolkata,banglore,1630,1,no info,20,25,9,5,2019,"('kolkata', 'banglore')",13067
Air India,mumbai,hyderabad,80,0,no info,6,20,27,3,2019,"('mumbai', 'hyderabad')",2575
Jet Airways,banglore,delhi,165,0,no info,6,0,6,5,2019,"('banglore', 'delhi')",7229
Jet Airways,kolkata,banglore,435,1,no info,10,20,6,6,2019,"('kolkata', 'banglore')",11316
Jet Airways,delhi,cochin,195,0,in-flight meal not included,11,0,27,5,2019,"('delhi', 'cochin')",7989
Vistara,chennai,kolkata,140,0,no info,17,45,6,6,2019,"('chennai', 'kolkata')",11982
Indigo,chennai,kolkata,140,0,no info,19,35,18,3,2019,"('chennai', 'kolkata')",4332
Jet Airways,delhi,cochin,1125,2,no info,9,40,6,6,2019,"('delhi', 'cochin')",13014
Indigo,kolkata,banglore,330,1,no info,7,10,9,5,2019,"('kolkata', 'banglore')",4864
Indigo,banglore,delhi,175,0,no info,7,10,21,6,2019,"('banglore', 'delhi')",4823
Jet Airways,delhi,cochin,1620,2,in-flight meal not included,9,35,27,5,2019,"('delhi', 'cochin')",12872
Air India,banglore,new delhi,2345,2,no info,8,50,1,3,2019,"('banglore', 'new delhi')",17135
Jet Airways,mumbai,hyderabad,85,0,in-flight meal not included,7,5,12,6,2019,"('mumbai', 'hyderabad')",4995
Air India,kolkata,banglore,1165,2,no info,10,0,21,5,2019,"('kolkata', 'banglore')",13899
Jet Airways,kolkata,banglore,1330,1,no info,6,30,9,6,2019,"('kolkata', 'banglore')",14178
Indigo,kolkata,banglore,240,1,no info,6,20,18,5,2019,"('kolkata', 'banglore')",4226
Jet Airways,delhi,cochin,655,1,in-flight meal not included,17,30,15,6,2019,"('delhi', 'cochin')",10262
Jet Airways,delhi,cochin,520,1,in-flight meal not included,19,45,9,3,2019,"('delhi', 'cochin')",11848
Multiple Carriers,delhi,cochin,840,1,no info,11,30,27,5,2019,"('delhi', 'cochin')",13377
Jet Airways,kolkata,banglore,1450,1,in-flight meal not included,9,35,6,6,2019,"('kolkata', 'banglore')",10539
Air India,delhi,cochin,500,2,no info,10,55,21,5,2019,"('delhi', 'cochin')",13276
Indigo,banglore,delhi,170,0,no info,23,30,12,6,2019,"('banglore', 'delhi')",3943
Spicejet,chennai,kolkata,140,0,no info,17,45,6,5,2019,"('chennai', 'kolkata')",3597
Multiple Carriers,delhi,cochin,735,1,no info,7,30,9,3,2019,"('delhi', 'cochin')",12615
Air Asia,kolkata,banglore,150,0,no info,22,50,21,4,2019,"('kolkata', 'banglore')",5645
Jet Airways,kolkata,banglore,845,1,in-flight meal not included,20,0,1,5,2019,"('kolkata', 'banglore')",8586
Air Asia,banglore,delhi,170,0,no info,23,55,18,6,2019,"('banglore', 'delhi')",3383
Indigo,banglore,delhi,165,0,no info,1,30,24,6,2019,"('banglore', 'delhi')",3943
Jet Airways,banglore,delhi,180,0,no info,8,20,6,5,2019,"('banglore', 'delhi')",7229
Air India,banglore,delhi,165,0,no info,6,10,12,4,2019,"('banglore', 'delhi')",5911
Vistara,banglore,delhi,170,0,no info,9,45,12,4,2019,"('banglore', 'delhi')",5403
Multiple Carriers,delhi,cochin,925,1,no info,7,5,9,5,2019,"('delhi', 'cochin')",8310
Jet Airways,kolkata,banglore,345,1,in-flight meal not included,14,5,9,6,2019,"('kolkata', 'banglore')",10844
Spicejet,chennai,kolkata,140,0,no info,17,45,21,6,2019,"('chennai', 'kolkata')",3597
Goair,delhi,cochin,355,1,no info,7,25,9,4,2019,"('delhi', 'cochin')",4106
Multiple Carriers,delhi,cochin,540,1,no info,7,10,9,5,2019,"('delhi', 'cochin')",6513
Indigo,delhi,cochin,305,1,no info,20,25,18,5,2019,"('delhi', 'cochin')",6069
Air India,delhi,cochin,1640,1,no info,6,5,9,4,2019,"('delhi', 'cochin')",4487
Jet Airways,mumbai,hyderabad,85,0,no info,7,10,24,3,2019,"('mumbai', 'hyderabad')",5678
Jet Airways,kolkata,banglore,875,1,in-flight meal not included,14,5,1,5,2019,"('kolkata', 'banglore')",8586
Air India,banglore,delhi,170,0,no info,21,5,24,6,2019,"('banglore', 'delhi')",6961
Air India,kolkata,banglore,1440,1,no info,14,35,15,5,2019,"('kolkata', 'banglore')",6528
Jet Airways,kolkata,banglore,1720,1,in-flight meal not included,18,55,1,4,2019,"('kolkata', 'banglore')",7064
Multiple Carriers,delhi,cochin,615,1,no info,9,0,1,6,2019,"('delhi', 'cochin')",16108
Indigo,mumbai,hyderabad,90,0,no info,21,20,6,5,2019,"('mumbai', 'hyderabad')",2227
Jet Airways,kolkata,banglore,590,1,no info,8,25,9,5,2019,"('kolkata', 'banglore')",14781
Air India,delhi,cochin,1335,1,no info,21,0,21,3,2019,"('delhi', 'cochin')",6587
Indigo,kolkata,banglore,155,0,no info,17,15,12,6,2019,"('kolkata', 'banglore')",4804
Jet Airways,banglore,delhi,180,0,no info,19,50,1,5,2019,"('banglore', 'delhi')",7229
Air India,delhi,cochin,1535,1,no info,5,15,27,4,2019,"('delhi', 'cochin')",6587
Vistara,delhi,cochin,190,0,no info,14,40,9,6,2019,"('delhi', 'cochin')",6216
Jet Airways,banglore,new delhi,1200,1,no info,11,40,1,3,2019,"('banglore', 'new delhi')",22270
Air India,banglore,new delhi,1155,1,no info,17,0,1,3,2019,"('banglore', 'new delhi')",10246
Jet Airways,delhi,cochin,1225,1,no info,8,0,21,3,2019,"('delhi', 'cochin')",12767
Air India,mumbai,hyderabad,90,0,no info,13,55,27,5,2019,"('mumbai', 'hyderabad')",3625
Jet Airways,delhi,cochin,810,2,in-flight meal not included,5,30,12,6,2019,"('delhi', 'cochin')",11507
Multiple Carriers,delhi,cochin,375,1,no info,13,0,27,6,2019,"('delhi', 'cochin')",14848
Spicejet,kolkata,banglore,155,0,no check-in baggage included,6,55,12,6,2019,"('kolkata', 'banglore')",3841
Jet Airways,kolkata,banglore,1295,1,no info,20,25,15,5,2019,"('kolkata', 'banglore')",14151
Multiple Carriers,delhi,cochin,465,1,no info,11,30,27,5,2019,"('delhi', 'cochin')",15898
Jet Airways,kolkata,banglore,1730,1,no info,9,35,18,5,2019,"('kolkata', 'banglore')",13067
Jet Airways,mumbai,hyderabad,90,0,no info,19,35,3,6,2019,"('mumbai', 'hyderabad')",5678
Indigo,delhi,cochin,665,1,no info,5,5,15,4,2019,"('delhi', 'cochin')",6171
Indigo,kolkata,banglore,155,0,no info,11,30,9,5,2019,"('kolkata', 'banglore')",5224
Air Asia,kolkata,banglore,150,0,no info,19,35,9,3,2019,"('kolkata', 'banglore')",4384
Jet Airways,delhi,cochin,1040,1,in-flight meal not included,19,15,9,6,2019,"('delhi', 'cochin')",10577
Vistara,kolkata,banglore,700,1,no info,7,10,1,4,2019,"('kolkata', 'banglore')",7927
Vistara,banglore,new delhi,160,0,no info,19,40,1,3,2019,"('banglore', 'new delhi')",21730
Indigo,chennai,kolkata,145,0,no info,11,35,24,5,2019,"('chennai', 'kolkata')",4332
Jet Airways,kolkata,banglore,1090,1,no info,14,5,1,5,2019,"('kolkata', 'banglore')",13941
Air India,kolkata,banglore,1320,2,no info,14,30,21,5,2019,"('kolkata', 'banglore')",15107
Jet Airways,delhi,cochin,2820,2,no info,5,25,3,3,2019,"('delhi', 'cochin')",20064
Indigo,kolkata,banglore,150,0,no info,14,25,9,6,2019,"('kolkata', 'banglore')",5644
Indigo,delhi,cochin,810,1,no info,7,30,1,6,2019,"('delhi', 'cochin')",6416
Vistara,kolkata,banglore,965,1,no info,17,0,12,5,2019,"('kolkata', 'banglore')",9922
Jet Airways,banglore,new delhi,1550,1,in-flight meal not included,8,55,9,3,2019,"('banglore', 'new delhi')",11087
Jet Airways,delhi,cochin,1025,2,in-flight meal not included,19,30,3,6,2019,"('delhi', 'cochin')",10368
Multiple Carriers,delhi,cochin,485,1,no info,17,30,6,3,2019,"('delhi', 'cochin')",17057
Indigo,kolkata,banglore,165,0,no info,9,35,9,5,2019,"('kolkata', 'banglore')",4804
Indigo,delhi,cochin,345,1,no info,21,50,1,5,2019,"('delhi', 'cochin')",6349
Indigo,chennai,kolkata,145,0,no info,11,35,1,6,2019,"('chennai', 'kolkata')",3858
Multiple Carriers,delhi,cochin,535,1,no info,10,20,21,3,2019,"('delhi', 'cochin')",7531
Indigo,mumbai,hyderabad,90,0,no info,12,0,3,6,2019,"('mumbai', 'hyderabad')",2754
Indigo,banglore,new delhi,165,0,no info,1,30,21,3,2019,"('banglore', 'new delhi')",4777
Multiple Carriers,delhi,cochin,510,1,no info,17,0,9,4,2019,"('delhi', 'cochin')",6838
Multiple Carriers,delhi,cochin,375,1,no info,13,0,9,5,2019,"('delhi', 'cochin')",14323
Air Asia,banglore,delhi,170,0,no info,4,55,18,5,2019,"('banglore', 'delhi')",4282
Indigo,delhi,cochin,765,2,no info,8,35,3,3,2019,"('delhi', 'cochin')",8049
Indigo,delhi,cochin,565,2,no info,11,55,27,3,2019,"('delhi', 'cochin')",6494
Indigo,kolkata,banglore,155,0,no info,17,15,9,4,2019,"('kolkata', 'banglore')",4174
Jet Airways,kolkata,banglore,1660,1,no info,19,45,24,3,2019,"('kolkata', 'banglore')",13759
Indigo,delhi,cochin,645,1,no info,4,45,27,3,2019,"('delhi', 'cochin')",7048
Multiple Carriers,delhi,cochin,545,1,no info,7,5,27,3,2019,"('delhi', 'cochin')",6076
Air Asia,kolkata,banglore,150,0,no info,22,50,24,3,2019,"('kolkata', 'banglore')",5620
Multiple Carriers,delhi,cochin,630,1,no info,8,45,1,6,2019,"('delhi', 'cochin')",10261
Air India,kolkata,banglore,1530,2,no info,16,50,1,4,2019,"('kolkata', 'banglore')",7893
Indigo,banglore,delhi,175,0,no info,0,30,15,4,2019,"('banglore', 'delhi')",4284
Multiple Carriers,delhi,cochin,390,1,no info,19,0,1,6,2019,"('delhi', 'cochin')",7530
Multiple Carriers,delhi,cochin,560,1,no info,11,40,21,5,2019,"('delhi', 'cochin')",7485
Jet Airways,delhi,cochin,360,1,in-flight meal not included,13,0,1,6,2019,"('delhi', 'cochin')",10262
Jet Airways,mumbai,hyderabad,85,0,no info,7,5,1,4,2019,"('mumbai', 'hyderabad')",8040
Air India,chennai,kolkata,135,0,no info,11,40,21,6,2019,"('chennai', 'kolkata')",4667
Jet Airways,delhi,cochin,335,1,no info,22,50,6,6,2019,"('delhi', 'cochin')",14714
Air India,kolkata,banglore,155,0,no info,20,45,24,5,2019,"('kolkata', 'banglore')",4145
Jet Airways,kolkata,banglore,800,1,in-flight meal not included,20,0,9,6,2019,"('kolkata', 'banglore')",11841
Jet Airways,kolkata,banglore,730,1,no info,16,30,12,6,2019,"('kolkata', 'banglore')",12471
Jet Airways,banglore,delhi,175,0,no info,11,10,18,4,2019,"('banglore', 'delhi')",7229
Jet Airways,delhi,cochin,910,2,in-flight meal not included,21,25,15,6,2019,"('delhi', 'cochin')",9905
Indigo,banglore,delhi,165,0,no info,6,5,15,4,2019,"('banglore', 'delhi')",4423
Jet Airways,kolkata,banglore,1075,1,no info,17,0,9,6,2019,"('kolkata', 'banglore')",14151
Air India,kolkata,banglore,1255,2,no info,16,50,9,6,2019,"('kolkata', 'banglore')",11752
Spicejet,kolkata,banglore,140,0,no info,22,20,12,4,2019,"('kolkata', 'banglore')",3873
Indigo,banglore,delhi,180,0,no info,16,55,3,5,2019,"('banglore', 'delhi')",4823
Jet Airways,banglore,new delhi,280,1,no info,5,45,18,3,2019,"('banglore', 'new delhi')",12284
Jet Airways,kolkata,banglore,1480,1,no info,20,25,9,5,2019,"('kolkata', 'banglore')",13067
Spicejet,delhi,cochin,295,1,no info,17,55,15,4,2019,"('delhi', 'cochin')",5221
Jet Airways,delhi,cochin,195,0,in-flight meal not included,11,0,9,3,2019,"('delhi', 'cochin')",7202
Jet Airways,delhi,cochin,825,1,no info,22,50,6,5,2019,"('delhi', 'cochin')",15554
Air Asia,delhi,cochin,330,1,no info,7,55,15,6,2019,"('delhi', 'cochin')",6253
Air India,kolkata,banglore,1840,2,no info,5,50,1,5,2019,"('kolkata', 'banglore')",12723
Jet Airways,kolkata,banglore,435,1,in-flight meal not included,10,20,12,6,2019,"('kolkata', 'banglore')",5608
Jet Airways,kolkata,banglore,875,1,in-flight meal not included,14,5,24,5,2019,"('kolkata', 'banglore')",8586
Jet Airways,kolkata,banglore,870,1,no info,20,25,24,5,2019,"('kolkata', 'banglore')",13067
Multiple Carriers,delhi,cochin,835,1,no info,7,5,24,6,2019,"('delhi', 'cochin')",13797
Jet Airways,delhi,cochin,335,1,no info,22,50,21,5,2019,"('delhi', 'cochin')",16079
Multiple Carriers,delhi,cochin,470,1,no info,11,25,6,6,2019,"('delhi', 'cochin')",7354
Jet Airways,kolkata,banglore,1200,1,in-flight meal not included,14,5,18,5,2019,"('kolkata', 'banglore')",9663
Jet Airways,delhi,cochin,655,1,in-flight meal not included,17,30,27,3,2019,"('delhi', 'cochin')",6540
Multiple Carriers,delhi,cochin,735,1,no info,8,45,15,6,2019,"('delhi', 'cochin')",7005
Air Asia,kolkata,banglore,150,0,no info,19,55,12,5,2019,"('kolkata', 'banglore')",5530
Multiple Carriers,delhi,cochin,900,1,no info,6,0,27,5,2019,"('delhi', 'cochin')",8475
Jet Airways,kolkata,banglore,1150,1,no info,21,10,24,3,2019,"('kolkata', 'banglore')",13759
Multiple Carriers,delhi,cochin,725,1,no info,8,55,6,3,2019,"('delhi', 'cochin')",15147
Jet Airways,delhi,cochin,440,1,no info,11,30,27,3,2019,"('delhi', 'cochin')",12242
Spicejet,kolkata,banglore,155,0,no check-in baggage included,6,55,12,4,2019,"('kolkata', 'banglore')",3841
Indigo,banglore,new delhi,175,0,no info,21,20,3,3,2019,"('banglore', 'new delhi')",6144
Spicejet,kolkata,banglore,315,1,no info,15,5,12,6,2019,"('kolkata', 'banglore')",4649
Jet Airways,delhi,cochin,1950,2,in-flight meal not included,10,20,21,3,2019,"('delhi', 'cochin')",9254
Indigo,chennai,kolkata,140,0,no info,19,35,27,5,2019,"('chennai', 'kolkata')",3597
Jet Airways,kolkata,banglore,1570,1,no info,17,0,24,5,2019,"('kolkata', 'banglore')",13067
Jet Airways,kolkata,banglore,590,1,in-flight meal not included,6,30,24,3,2019,"('kolkata', 'banglore')",8824
Air India,delhi,cochin,570,1,no info,13,30,6,6,2019,"('delhi', 'cochin')",8907
Indigo,delhi,cochin,320,1,no info,6,40,9,3,2019,"('delhi', 'cochin')",5647
Multiple Carriers,delhi,cochin,625,2,no info,15,5,18,5,2019,"('delhi', 'cochin')",16840
Spicejet,kolkata,banglore,150,0,no info,17,10,27,6,2019,"('kolkata', 'banglore')",3873
Jet Airways,delhi,cochin,395,1,no info,21,50,9,3,2019,"('delhi', 'cochin')",15029
Air India,kolkata,banglore,1700,1,no info,16,45,12,5,2019,"('kolkata', 'banglore')",7662
Multiple Carriers,delhi,cochin,650,1,no info,8,0,21,3,2019,"('delhi', 'cochin')",11667
Jet Airways,kolkata,banglore,1495,1,in-flight meal not included,18,55,6,6,2019,"('kolkata', 'banglore')",10844
Air India,delhi,cochin,955,1,no info,17,40,27,5,2019,"('delhi', 'cochin')",7258
Jet Airways,banglore,delhi,180,0,in-flight meal not included,7,10,24,4,2019,"('banglore', 'delhi')",6144
Jet Airways,kolkata,banglore,1200,1,no info,14,5,21,5,2019,"('kolkata', 'banglore')",14388
Jet Airways,kolkata,banglore,890,1,in-flight meal not included,21,10,12,5,2019,"('kolkata', 'banglore')",9663
Indigo,kolkata,banglore,155,0,no info,20,20,15,4,2019,"('kolkata', 'banglore')",4174
Multiple Carriers,delhi,cochin,720,1,no info,7,0,27,6,2019,"('delhi', 'cochin')",12192
Air India,delhi,cochin,1535,1,no info,5,15,15,5,2019,"('delhi', 'cochin')",8425
Jet Airways,banglore,delhi,180,0,no info,17,45,6,5,2019,"('banglore', 'delhi')",7229
Jet Airways,banglore,delhi,165,0,no info,6,0,27,5,2019,"('banglore', 'delhi')",7229
Jet Airways,kolkata,banglore,1025,1,in-flight meal not included,18,55,12,6,2019,"('kolkata', 'banglore')",8529
Indigo,chennai,kolkata,140,0,no info,22,5,15,6,2019,"('chennai', 'kolkata')",5277
Jet Airways,delhi,cochin,600,1,in-flight meal not included,9,0,15,6,2019,"('delhi', 'cochin')",10262
Vistara,kolkata,banglore,1065,1,no info,17,0,18,5,2019,"('kolkata', 'banglore')",9187
Air India,mumbai,hyderabad,80,0,no info,21,5,9,5,2019,"('mumbai', 'hyderabad')",3100
Spicejet,kolkata,banglore,140,0,no check-in baggage included,22,20,15,3,2019,"('kolkata', 'banglore')",3815
Jet Airways,delhi,cochin,940,1,in-flight meal not included,20,55,15,6,2019,"('delhi', 'cochin')",10262
Multiple Carriers,delhi,cochin,665,1,no info,9,55,27,3,2019,"('delhi', 'cochin')",12537
Vistara,mumbai,hyderabad,850,1,no info,8,45,12,3,2019,"('mumbai', 'hyderabad')",12080
Multiple Carriers,delhi,cochin,850,1,in-flight meal not included,6,50,9,3,2019,"('delhi', 'cochin')",14086
Indigo,banglore,delhi,175,0,no info,18,25,12,4,2019,"('banglore', 'delhi')",4990
Jet Airways,kolkata,banglore,800,1,no info,18,55,6,5,2019,"('kolkata', 'banglore')",13584
Jet Airways,banglore,new delhi,1455,1,no info,8,0,6,3,2019,"('banglore', 'new delhi')",17996
Indigo,delhi,cochin,665,1,no info,5,5,27,6,2019,"('delhi', 'cochin')",6442
Indigo,kolkata,banglore,155,0,no info,15,10,9,3,2019,"('kolkata', 'banglore')",4462
Spicejet,kolkata,banglore,150,0,no info,17,15,27,3,2019,"('kolkata', 'banglore')",3847
Spicejet,kolkata,banglore,140,0,no info,22,20,9,4,2019,"('kolkata', 'banglore')",3873
Jet Airways,kolkata,banglore,330,1,no info,6,30,15,5,2019,"('kolkata', 'banglore')",14388
Goair,banglore,new delhi,175,0,no info,7,45,1,3,2019,"('banglore', 'new delhi')",13663
Indigo,kolkata,banglore,165,0,no info,9,35,6,4,2019,"('kolkata', 'banglore')",4174
Spicejet,banglore,delhi,170,0,no check-in baggage included,9,30,24,5,2019,"('banglore', 'delhi')",3573
Spicejet,banglore,delhi,170,0,no info,9,30,9,4,2019,"('banglore', 'delhi')",4423
Jet Airways,delhi,cochin,520,1,in-flight meal not included,19,45,9,6,2019,"('delhi', 'cochin')",10577
Jet Airways,delhi,cochin,300,1,in-flight meal not included,14,0,24,6,2019,"('delhi', 'cochin')",10262
Multiple Carriers,delhi,cochin,630,2,no info,15,5,6,3,2019,"('delhi', 'cochin')",21483
Jet Airways,delhi,cochin,1375,2,no info,5,30,12,6,2019,"('delhi', 'cochin')",13292
Jet Airways,banglore,new delhi,1590,1,in-flight meal not included,8,55,9,3,2019,"('banglore', 'new delhi')",11087
Air India,banglore,new delhi,630,2,no info,5,50,21,3,2019,"('banglore', 'new delhi')",7664
Spicejet,chennai,kolkata,135,0,no info,8,20,12,5,2019,"('chennai', 'kolkata')",3597
Jet Airways,delhi,cochin,2240,2,in-flight meal not included,5,30,21,3,2019,"('delhi', 'cochin')",9328
Multiple Carriers,delhi,cochin,720,1,no info,7,0,9,6,2019,"('delhi', 'cochin')",12192
Jet Airways,banglore,new delhi,1050,1,in-flight meal not included,16,55,21,3,2019,"('banglore', 'new delhi')",7832
Air India,delhi,cochin,180,0,no info,14,10,6,5,2019,"('delhi', 'cochin')",6934
Jet Airways,delhi,cochin,195,0,in-flight meal not included,11,0,9,6,2019,"('delhi', 'cochin')",7202
Spicejet,kolkata,banglore,330,1,no info,15,55,15,5,2019,"('kolkata', 'banglore')",7804
Indigo,kolkata,banglore,155,0,no info,15,20,18,3,2019,"('kolkata', 'banglore')",4462
Spicejet,chennai,kolkata,135,0,no info,8,20,15,6,2019,"('chennai', 'kolkata')",3597
Indigo,banglore,delhi,165,0,no info,6,5,6,4,2019,"('banglore', 'delhi')",4423
Jet Airways,banglore,new delhi,730,1,in-flight meal not included,16,55,18,3,2019,"('banglore', 'new delhi')",11087
Air India,delhi,cochin,2295,2,no info,5,0,21,5,2019,"('delhi', 'cochin')",9968
Jet Airways,kolkata,banglore,685,1,in-flight meal not included,8,25,24,5,2019,"('kolkata', 'banglore')",10844
Jet Airways,kolkata,banglore,330,1,in-flight meal not included,6,30,15,5,2019,"('kolkata', 'banglore')",9663
Vistara,mumbai,hyderabad,660,1,no info,11,55,6,3,2019,"('mumbai', 'hyderabad')",12395
Jet Airways,delhi,cochin,1570,1,in-flight meal not included,2,15,6,6,2019,"('delhi', 'cochin')",10262
Air India,delhi,cochin,185,0,no info,18,5,21,3,2019,"('delhi', 'cochin')",5674
Indigo,delhi,cochin,560,1,no info,6,50,9,5,2019,"('delhi', 'cochin')",6442
Jet Airways,mumbai,hyderabad,90,0,in-flight meal not included,10,20,21,6,2019,"('mumbai', 'hyderabad')",4995
Jet Airways,delhi,cochin,1300,2,no info,6,45,9,6,2019,"('delhi', 'cochin')",13376
Indigo,delhi,cochin,480,1,no info,17,30,24,6,2019,"('delhi', 'cochin')",6104
Air India,banglore,new delhi,1730,1,no info,13,50,18,3,2019,"('banglore', 'new delhi')",11161
Jet Airways,banglore,delhi,180,0,in-flight meal not included,17,45,12,6,2019,"('banglore', 'delhi')",5769
Spicejet,mumbai,hyderabad,90,0,no info,13,15,12,5,2019,"('mumbai', 'hyderabad')",2227
Air India,kolkata,banglore,745,1,no info,20,30,1,4,2019,"('kolkata', 'banglore')",7893
Jet Airways,banglore,delhi,180,0,in-flight meal not included,17,45,21,6,2019,"('banglore', 'delhi')",7754
Jet Airways,kolkata,banglore,1220,1,in-flight meal not included,20,0,9,6,2019,"('kolkata', 'banglore')",10844
Jet Airways,kolkata,banglore,1010,1,no info,16,30,24,5,2019,"('kolkata', 'banglore')",14178
Air India,delhi,cochin,725,2,no info,7,10,3,6,2019,"('delhi', 'cochin')",12698
Indigo,chennai,kolkata,140,0,no info,19,35,24,3,2019,"('chennai', 'kolkata')",7295
Indigo,banglore,delhi,180,0,no info,21,15,12,5,2019,"('banglore', 'delhi')",3943
Multiple Carriers,delhi,cochin,570,1,no info,11,30,3,6,2019,"('delhi', 'cochin')",13587
Jet Airways,delhi,cochin,1000,2,no info,11,45,6,6,2019,"('delhi', 'cochin')",13882
Multiple Carriers,delhi,cochin,720,1,no info,7,0,21,5,2019,"('delhi', 'cochin')",10197
Spicejet,kolkata,banglore,150,0,no check-in baggage included,17,10,3,4,2019,"('kolkata', 'banglore')",3841
Jet Airways,delhi,cochin,1355,1,in-flight meal not included,14,0,15,6,2019,"('delhi', 'cochin')",10262
Air India,delhi,cochin,2240,2,no info,5,55,3,3,2019,"('delhi', 'cochin')",13748
Air India,banglore,new delhi,980,2,no info,5,50,15,3,2019,"('banglore', 'new delhi')",9796
Indigo,delhi,cochin,810,1,no info,7,30,9,5,2019,"('delhi', 'cochin')",7191
Indigo,mumbai,hyderabad,95,0,no info,20,5,15,5,2019,"('mumbai', 'hyderabad')",2227
Air India,kolkata,banglore,1105,2,no info,14,30,9,5,2019,"('kolkata', 'banglore')",14214
Jet Airways,delhi,cochin,1210,1,in-flight meal not included,22,50,27,5,2019,"('delhi', 'cochin')",12898
Spicejet,chennai,kolkata,140,0,no check-in baggage included,17,45,18,5,2019,"('chennai', 'kolkata')",3543
Jet Airways,banglore,new delhi,375,1,no info,7,0,18,3,2019,"('banglore', 'new delhi')",12284
Vistara,mumbai,hyderabad,1125,1,no info,14,40,6,3,2019,"('mumbai', 'hyderabad')",12395
Indigo,banglore,new delhi,170,0,no info,10,10,24,3,2019,"('banglore', 'new delhi')",10067
Indigo,delhi,cochin,845,1,no info,11,25,24,6,2019,"('delhi', 'cochin')",5684
Spicejet,kolkata,banglore,140,0,no info,22,20,1,5,2019,"('kolkata', 'banglore')",3873
Air India,banglore,new delhi,875,2,no info,8,50,18,3,2019,"('banglore', 'new delhi')",11728
Jet Airways,delhi,cochin,1760,2,no info,23,5,24,5,2019,"('delhi', 'cochin')",16704
Air India,kolkata,banglore,150,0,no info,14,15,21,4,2019,"('kolkata', 'banglore')",6245
Jet Airways,delhi,cochin,1680,1,in-flight meal not included,15,0,27,6,2019,"('delhi', 'cochin')",10262
Vistara,kolkata,banglore,1655,1,no info,7,10,1,5,2019,"('kolkata', 'banglore')",9187
Indigo,delhi,cochin,530,1,no info,6,40,27,3,2019,"('delhi', 'cochin')",8574
Jet Airways,delhi,cochin,1760,2,no info,23,5,9,5,2019,"('delhi', 'cochin')",15129
Jet Airways,kolkata,banglore,585,1,in-flight meal not included,18,55,6,6,2019,"('kolkata', 'banglore')",7757
Jet Airways,kolkata,banglore,775,1,no info,21,10,6,6,2019,"('kolkata', 'banglore')",14571
Air Asia,kolkata,banglore,155,0,no info,10,20,12,5,2019,"('kolkata', 'banglore')",5216
Multiple Carriers,delhi,cochin,460,1,no info,3,50,9,6,2019,"('delhi', 'cochin')",7408
Jet Airways,delhi,cochin,360,1,in-flight meal not included,13,0,18,5,2019,"('delhi', 'cochin')",12373
Multiple Carriers,delhi,cochin,690,1,no info,7,30,1,6,2019,"('delhi', 'cochin')",11200
Indigo,banglore,new delhi,170,0,no info,16,55,9,3,2019,"('banglore', 'new delhi')",10067
Indigo,delhi,cochin,455,1,no info,8,35,27,5,2019,"('delhi', 'cochin')",6442
Multiple Carriers,delhi,cochin,480,1,no info,17,30,6,6,2019,"('delhi', 'cochin')",13377
Indigo,delhi,cochin,325,1,no info,2,0,12,6,2019,"('delhi', 'cochin')",5636
Multiple Carriers,delhi,cochin,915,1,no info,10,20,21,3,2019,"('delhi', 'cochin')",7695
Air India,banglore,delhi,170,0,no info,13,20,21,4,2019,"('banglore', 'delhi')",6121
Indigo,delhi,cochin,425,1,no info,5,5,9,5,2019,"('delhi', 'cochin')",6818
Jet Airways,banglore,delhi,180,0,in-flight meal not included,17,45,24,4,2019,"('banglore', 'delhi')",4544
Multiple Carriers,delhi,cochin,720,1,no info,9,0,24,6,2019,"('delhi', 'cochin')",8143
Jet Airways,delhi,cochin,750,2,no info,6,20,27,3,2019,"('delhi', 'cochin')",11538
Indigo,delhi,cochin,860,1,no info,6,40,9,5,2019,"('delhi', 'cochin')",7191
Indigo,mumbai,hyderabad,90,0,no info,2,35,12,5,2019,"('mumbai', 'hyderabad')",3175
Jet Airways,kolkata,banglore,1285,1,in-flight meal not included,18,55,6,6,2019,"('kolkata', 'banglore')",10844
Jet Airways,mumbai,hyderabad,90,0,in-flight meal not included,19,40,9,3,2019,"('mumbai', 'hyderabad')",4050
Jet Airways,kolkata,banglore,910,1,in-flight meal not included,8,25,1,4,2019,"('kolkata', 'banglore')",7064
Jet Airways,kolkata,banglore,1540,1,no info,20,25,18,5,2019,"('kolkata', 'banglore')",14151
Multiple Carriers,delhi,cochin,510,1,no info,10,20,27,3,2019,"('delhi', 'cochin')",11421
Air India,delhi,cochin,570,1,no info,13,30,15,6,2019,"('delhi', 'cochin')",8907
Jet Airways,mumbai,hyderabad,85,0,in-flight meal not included,2,55,27,6,2019,"('mumbai', 'hyderabad')",3210
Jet Airways,kolkata,banglore,1335,1,in-flight meal not included,20,0,21,5,2019,"('kolkata', 'banglore')",10844
Multiple Carriers,delhi,cochin,810,1,no info,7,30,27,6,2019,"('delhi', 'cochin')",7005
Jet Airways,delhi,cochin,550,1,no info,19,15,21,5,2019,"('delhi', 'cochin')",16079
Jet Airways,kolkata,banglore,800,1,in-flight meal not included,20,0,21,5,2019,"('kolkata', 'banglore')",10844
Indigo,delhi,cochin,290,1,no info,15,10,24,6,2019,"('delhi', 'cochin')",6147
Jet Airways,kolkata,banglore,685,1,in-flight meal not included,8,25,21,5,2019,"('kolkata', 'banglore')",10844
Air India,kolkata,banglore,920,2,no info,10,0,9,5,2019,"('kolkata', 'banglore')",13033
Jet Airways,kolkata,banglore,775,1,no info,21,10,1,5,2019,"('kolkata', 'banglore')",14781
Jet Airways,delhi,cochin,1165,1,in-flight meal not included,9,0,18,5,2019,"('delhi', 'cochin')",12373
Jet Airways,kolkata,banglore,910,1,in-flight meal not included,18,55,15,5,2019,"('kolkata', 'banglore')",9663
Multiple Carriers,delhi,cochin,480,1,no info,13,0,3,3,2019,"('delhi', 'cochin')",17493
Jet Airways,kolkata,banglore,1400,1,in-flight meal not included,18,55,9,6,2019,"('kolkata', 'banglore')",10844
Air India,kolkata,banglore,970,2,no info,16,45,6,5,2019,"('kolkata', 'banglore')",13227
Jet Airways,banglore,new delhi,340,1,in-flight meal not included,5,45,15,3,2019,"('banglore', 'new delhi')",9134
Indigo,delhi,cochin,380,1,no info,16,10,27,6,2019,"('delhi', 'cochin')",6412
Indigo,chennai,kolkata,155,0,no info,17,5,9,3,2019,"('chennai', 'kolkata')",6297
Indigo,delhi,cochin,625,1,no info,10,35,27,5,2019,"('delhi', 'cochin')",6314
Multiple Carriers,delhi,cochin,540,1,no info,10,0,9,6,2019,"('delhi', 'cochin')",12192
Indigo,chennai,kolkata,140,0,no info,19,35,3,5,2019,"('chennai', 'kolkata')",3597
Jet Airways,delhi,cochin,1615,2,in-flight meal not included,9,40,27,5,2019,"('delhi', 'cochin')",13029
Multiple Carriers,delhi,cochin,520,1,no info,10,35,21,5,2019,"('delhi', 'cochin')",7575
Indigo,delhi,cochin,355,1,no info,2,35,27,3,2019,"('delhi', 'cochin')",7731
Air India,banglore,new delhi,1655,2,no info,7,30,12,3,2019,"('banglore', 'new delhi')",11602
Indigo,mumbai,hyderabad,90,0,no info,2,30,24,3,2019,"('mumbai', 'hyderabad')",2754
Jet Airways,kolkata,banglore,875,1,in-flight meal not included,14,5,9,5,2019,"('kolkata', 'banglore')",8586
Jet Airways,kolkata,banglore,705,1,no info,6,30,1,4,2019,"('kolkata', 'banglore')",12681
Multiple Carriers,delhi,cochin,505,1,no info,10,35,24,6,2019,"('delhi', 'cochin')",10678
Jet Airways,mumbai,hyderabad,90,0,in-flight meal not included,15,50,18,3,2019,"('mumbai', 'hyderabad')",2228
Air India,mumbai,hyderabad,90,0,no info,13,55,9,5,2019,"('mumbai', 'hyderabad')",3100
Spicejet,chennai,kolkata,140,0,no info,17,45,18,6,2019,"('chennai', 'kolkata')",3597
Air India,kolkata,banglore,765,2,no info,16,50,9,5,2019,"('kolkata', 'banglore')",11432
Indigo,delhi,cochin,570,1,no info,16,0,3,6,2019,"('delhi', 'cochin')",6628
Jet Airways,banglore,new delhi,300,1,in-flight meal not included,5,45,15,3,2019,"('banglore', 'new delhi')",9134
Indigo,banglore,delhi,170,0,no info,10,10,12,5,2019,"('banglore', 'delhi')",3943
Indigo,delhi,cochin,860,1,no info,6,40,6,3,2019,"('delhi', 'cochin')",14871
Air India,kolkata,banglore,965,1,no info,19,0,24,3,2019,"('kolkata', 'banglore')",5567
Multiple Carriers,delhi,cochin,810,1,no info,7,30,9,5,2019,"('delhi', 'cochin')",7670
Indigo,banglore,delhi,170,0,no info,22,10,15,5,2019,"('banglore', 'delhi')",3419
Indigo,mumbai,hyderabad,90,0,no info,16,55,1,5,2019,"('mumbai', 'hyderabad')",3175
Spicejet,mumbai,hyderabad,80,0,no info,5,45,9,3,2019,"('mumbai', 'hyderabad')",4391
Indigo,kolkata,banglore,290,1,no info,15,15,21,5,2019,"('kolkata', 'banglore')",5170
Indigo,delhi,cochin,575,1,no info,16,0,27,3,2019,"('delhi', 'cochin')",7048
Indigo,banglore,delhi,170,0,no info,13,0,27,5,2019,"('banglore', 'delhi')",3943
Multiple Carriers,delhi,cochin,560,1,in-flight meal not included,9,55,6,3,2019,"('delhi', 'cochin')",15342
Jet Airways,kolkata,banglore,510,1,in-flight meal not included,14,5,9,6,2019,"('kolkata', 'banglore')",10844
Indigo,delhi,cochin,895,1,no info,10,35,9,6,2019,"('delhi', 'cochin')",6104
Indigo,banglore,delhi,180,0,no info,21,15,21,4,2019,"('banglore', 'delhi')",4423
Jet Airways,banglore,delhi,175,0,no info,15,15,15,5,2019,"('banglore', 'delhi')",7229
Indigo,delhi,cochin,645,1,no info,4,45,3,3,2019,"('delhi', 'cochin')",14871
Jet Airways,delhi,cochin,715,1,no info,7,5,9,4,2019,"('delhi', 'cochin')",17531
Multiple Carriers,delhi,cochin,730,1,in-flight meal not included,7,5,1,6,2019,"('delhi', 'cochin')",12927
Indigo,delhi,cochin,310,1,no info,7,20,21,3,2019,"('delhi', 'cochin')",6388
Indigo,chennai,kolkata,140,0,no info,22,5,18,3,2019,"('chennai', 'kolkata')",5277
Jet Airways,delhi,cochin,805,1,in-flight meal not included,15,0,21,5,2019,"('delhi', 'cochin')",12898
Spicejet,kolkata,banglore,145,0,no info,9,0,15,4,2019,"('kolkata', 'banglore')",4174
Jet Airways,kolkata,banglore,435,1,no info,10,20,24,5,2019,"('kolkata', 'banglore')",8781
Indigo,delhi,cochin,705,1,no info,9,15,21,5,2019,"('delhi', 'cochin')",7318
Air India,delhi,cochin,1545,2,no info,5,55,9,6,2019,"('delhi', 'cochin')",10493
Jet Airways,banglore,delhi,180,0,no info,17,45,6,6,2019,"('banglore', 'delhi')",8016
Air India,kolkata,banglore,920,2,no info,10,0,24,5,2019,"('kolkata', 'banglore')",13873
Spicejet,kolkata,banglore,150,0,no check-in baggage included,17,10,1,5,2019,"('kolkata', 'banglore')",3841
Jet Airways,delhi,cochin,440,2,in-flight meal not included,11,40,27,5,2019,"('delhi', 'cochin')",19644
Indigo,delhi,cochin,965,1,no info,4,55,18,5,2019,"('delhi', 'cochin')",6758
Multiple Carriers,delhi,cochin,465,1,in-flight meal not included,17,45,24,6,2019,"('delhi', 'cochin')",5797
Jet Airways,kolkata,banglore,1215,1,no info,8,25,1,5,2019,"('kolkata', 'banglore')",13941
Jet Airways,delhi,cochin,1295,1,in-flight meal not included,15,0,27,5,2019,"('delhi', 'cochin')",12898
Air India,banglore,new delhi,615,1,no info,8,15,21,3,2019,"('banglore', 'new delhi')",4943
Multiple Carriers,delhi,cochin,470,1,no info,11,25,9,5,2019,"('delhi', 'cochin')",7575
Indigo,delhi,cochin,455,1,no info,8,35,15,6,2019,"('delhi', 'cochin')",6442
Air India,mumbai,hyderabad,80,0,no info,21,5,12,3,2019,"('mumbai', 'hyderabad')",4307
Jet Airways,mumbai,hyderabad,90,0,no info,19,35,27,5,2019,"('mumbai', 'hyderabad')",5678
Jet Airways,kolkata,banglore,1540,1,no info,20,25,1,4,2019,"('kolkata', 'banglore')",12121
Jet Airways,banglore,delhi,175,0,no info,15,15,6,5,2019,"('banglore', 'delhi')",7229
Jet Airways,banglore,delhi,180,0,in-flight meal not included,7,10,21,5,2019,"('banglore', 'delhi')",4030
Vistara,kolkata,banglore,1065,1,no info,17,0,1,5,2019,"('kolkata', 'banglore')",9187
Air Asia,kolkata,banglore,500,2,no info,15,10,12,6,2019,"('kolkata', 'banglore')",5192
Jet Airways,delhi,cochin,395,1,no info,21,50,6,6,2019,"('delhi', 'cochin')",14714
Multiple Carriers,delhi,cochin,390,1,no info,19,0,12,6,2019,"('delhi', 'cochin')",6795
Indigo,delhi,cochin,940,1,no info,6,50,6,6,2019,"('delhi', 'cochin')",6674
Jet Airways,banglore,delhi,185,0,no info,18,55,21,6,2019,"('banglore', 'delhi')",8541
Jet Airways,kolkata,banglore,435,1,no info,10,20,12,5,2019,"('kolkata', 'banglore')",9358
Jet Airways,kolkata,banglore,1150,1,in-flight meal not included,21,10,24,3,2019,"('kolkata', 'banglore')",10031
Multiple Carriers,delhi,cochin,520,1,no info,10,20,3,6,2019,"('delhi', 'cochin')",11789
Multiple Carriers,delhi,cochin,565,3,no info,11,35,15,5,2019,"('delhi', 'cochin')",16294
Jet Airways,kolkata,banglore,1520,1,in-flight meal not included,9,35,6,6,2019,"('kolkata', 'banglore')",10539
Multiple Carriers,delhi,cochin,630,1,no info,15,0,18,5,2019,"('delhi', 'cochin')",13727
Multiple Carriers,delhi,cochin,375,1,no info,7,5,3,3,2019,"('delhi', 'cochin')",17057
Air India,mumbai,hyderabad,90,0,no info,13,55,27,3,2019,"('mumbai', 'hyderabad')",2050
Indigo,delhi,cochin,810,1,no info,7,30,9,3,2019,"('delhi', 'cochin')",12351
Jet Airways,delhi,cochin,300,1,no info,14,0,12,6,2019,"('delhi', 'cochin')",14714
Indigo,banglore,delhi,165,0,no info,1,30,9,5,2019,"('banglore', 'delhi')",3419
Jet Airways,kolkata,banglore,730,1,no info,21,10,21,5,2019,"('kolkata', 'banglore')",14781
Indigo,delhi,cochin,575,1,no info,11,25,1,6,2019,"('delhi', 'cochin')",6416
Jet Airways,banglore,new delhi,280,1,business class,9,45,1,3,2019,"('banglore', 'new delhi')",57209
Vistara,banglore,delhi,155,0,no info,17,0,12,6,2019,"('banglore', 'delhi')",4878
Multiple Carriers,delhi,cochin,510,1,no info,10,45,21,3,2019,"('delhi', 'cochin')",7154
Spicejet,kolkata,banglore,150,0,no check-in baggage included,17,10,1,4,2019,"('kolkata', 'banglore')",3841
Multiple Carriers,delhi,cochin,760,1,no info,12,50,27,5,2019,"('delhi', 'cochin')",6795
Jet Airways,delhi,cochin,1355,1,in-flight meal not included,14,0,27,5,2019,"('delhi', 'cochin')",12898
Air India,kolkata,banglore,1100,2,no info,7,0,9,5,2019,"('kolkata', 'banglore')",13033
Indigo,kolkata,banglore,155,0,no info,15,20,24,3,2019,"('kolkata', 'banglore')",6985
Jet Airways,banglore,new delhi,280,1,no info,9,45,15,3,2019,"('banglore', 'new delhi')",8578
Multiple Carriers,delhi,cochin,890,1,no info,4,0,27,3,2019,"('delhi', 'cochin')",11299
Jet Airways,delhi,cochin,1235,1,no info,16,0,3,6,2019,"('delhi', 'cochin')",14714
Goair,banglore,delhi,165,0,no info,20,55,12,6,2019,"('banglore', 'delhi')",3419
Jet Airways,banglore,new delhi,1175,1,in-flight meal not included,20,35,12,3,2019,"('banglore', 'new delhi')",11087
Spicejet,kolkata,banglore,155,0,no check-in baggage included,6,55,9,6,2019,"('kolkata', 'banglore')",3841
Spicejet,kolkata,banglore,155,0,no info,6,55,1,4,2019,"('kolkata', 'banglore')",3873
Multiple Carriers,delhi,cochin,385,1,no info,12,50,21,5,2019,"('delhi', 'cochin')",8266
Goair,kolkata,banglore,455,1,no info,16,40,9,5,2019,"('kolkata', 'banglore')",8777
Vistara,banglore,delhi,170,0,no info,9,45,21,5,2019,"('banglore', 'delhi')",4668
Indigo,delhi,cochin,895,1,no info,10,35,9,5,2019,"('delhi', 'cochin')",8330
Indigo,kolkata,banglore,155,0,no info,20,20,27,4,2019,"('kolkata', 'banglore')",4804
Multiple Carriers,delhi,cochin,390,1,no info,19,0,15,5,2019,"('delhi', 'cochin')",8073
Air India,delhi,cochin,2280,3,no info,5,15,9,3,2019,"('delhi', 'cochin')",15586
Jet Airways,delhi,cochin,360,1,in-flight meal not included,13,0,12,6,2019,"('delhi', 'cochin')",10262
Indigo,banglore,delhi,170,0,no info,8,30,12,4,2019,"('banglore', 'delhi')",4823
Jet Airways,kolkata,banglore,1520,1,no info,9,35,12,6,2019,"('kolkata', 'banglore')",12692
Jet Airways,kolkata,banglore,520,1,in-flight meal not included,20,0,9,5,2019,"('kolkata', 'banglore')",8586
Indigo,mumbai,hyderabad,90,0,no info,6,25,18,6,2019,"('mumbai', 'hyderabad')",4049
Jet Airways,delhi,cochin,1270,1,no info,21,50,6,6,2019,"('delhi', 'cochin')",14714
Indigo,delhi,cochin,195,0,no info,14,25,9,5,2019,"('delhi', 'cochin')",6015
Spicejet,chennai,kolkata,155,0,no info,9,30,6,3,2019,"('chennai', 'kolkata')",7298
Indigo,delhi,cochin,665,1,no info,5,5,27,5,2019,"('delhi', 'cochin')",6600
Air India,delhi,cochin,1010,1,no info,6,10,21,4,2019,"('delhi', 'cochin')",7174
Spicejet,kolkata,banglore,145,0,no info,9,0,3,5,2019,"('kolkata', 'banglore')",3873
Multiple Carriers,delhi,cochin,690,1,no info,14,0,9,6,2019,"('delhi', 'cochin')",13377
Air India,delhi,cochin,1595,2,no info,16,40,24,6,2019,"('delhi', 'cochin')",9443
Vistara,banglore,delhi,170,0,no info,21,0,1,4,2019,"('banglore', 'delhi')",5403
Multiple Carriers,delhi,cochin,840,1,no info,11,30,24,6,2019,"('delhi', 'cochin')",13377
Jet Airways,delhi,cochin,1210,1,in-flight meal not included,22,50,21,5,2019,"('delhi', 'cochin')",12898
Jet Airways,delhi,cochin,1375,2,in-flight meal not included,5,30,24,6,2019,"('delhi', 'cochin')",10368
Indigo,banglore,delhi,170,0,no info,13,0,3,4,2019,"('banglore', 'delhi')",4077
Multiple Carriers,delhi,cochin,555,1,in-flight meal not included,10,0,21,3,2019,"('delhi', 'cochin')",8401
Air India,delhi,cochin,765,1,no info,20,40,1,6,2019,"('delhi', 'cochin')",7480
Jet Airways,banglore,delhi,185,0,no info,18,55,6,5,2019,"('banglore', 'delhi')",7229
Jet Airways,banglore,delhi,175,0,in-flight meal not included,15,15,15,6,2019,"('banglore', 'delhi')",7229
Spicejet,mumbai,hyderabad,90,0,no info,13,15,27,6,2019,"('mumbai', 'hyderabad')",2017
Air India,kolkata,banglore,1165,2,no info,10,0,6,6,2019,"('kolkata', 'banglore')",12009
Spicejet,mumbai,hyderabad,90,0,no check-in baggage included,5,45,21,6,2019,"('mumbai', 'hyderabad')",2647
Indigo,banglore,delhi,175,0,no info,18,55,9,4,2019,"('banglore', 'delhi')",4823
Indigo,kolkata,banglore,290,1,no info,8,10,18,5,2019,"('kolkata', 'banglore')",5279
Vistara,kolkata,banglore,1655,1,no info,7,10,12,6,2019,"('kolkata', 'banglore')",8452
Vistara,banglore,new delhi,165,0,no info,9,50,9,3,2019,"('banglore', 'new delhi')",7240
Vistara,kolkata,banglore,1440,1,no info,20,20,15,5,2019,"('kolkata', 'banglore')",8610
Jet Airways,banglore,new delhi,570,1,no info,5,45,1,3,2019,"('banglore', 'new delhi')",26890
Vistara,banglore,delhi,170,0,no info,11,30,15,5,2019,"('banglore', 'delhi')",4668
Multiple Carriers,delhi,cochin,455,1,no info,11,25,6,6,2019,"('delhi', 'cochin')",10877
Indigo,delhi,cochin,940,1,no info,6,50,18,5,2019,"('delhi', 'cochin')",7144
Indigo,delhi,cochin,835,1,no info,8,35,6,6,2019,"('delhi', 'cochin')",6442
Jet Airways,banglore,delhi,175,0,in-flight meal not included,11,10,9,6,2019,"('banglore', 'delhi')",7229
Jet Airways,kolkata,banglore,395,1,no info,17,0,12,6,2019,"('kolkata', 'banglore')",12692
Spicejet,kolkata,banglore,140,0,no check-in baggage included,22,20,27,4,2019,"('kolkata', 'banglore')",3841
Indigo,kolkata,banglore,160,0,no info,17,15,21,3,2019,"('kolkata', 'banglore')",4148
Multiple Carriers,delhi,cochin,520,1,no info,10,20,12,6,2019,"('delhi', 'cochin')",11789
Jet Airways,kolkata,banglore,800,1,in-flight meal not included,20,25,9,6,2019,"('kolkata', 'banglore')",13469
Jet Airways,delhi,cochin,505,2,in-flight meal not included,20,0,9,5,2019,"('delhi', 'cochin')",15318
Spicejet,kolkata,banglore,140,0,no info,22,20,15,6,2019,"('kolkata', 'banglore')",3873
Jet Airways,delhi,cochin,335,1,in-flight meal not included,22,50,9,6,2019,"('delhi', 'cochin')",10262
Indigo,delhi,cochin,845,1,no info,11,30,27,3,2019,"('delhi', 'cochin')",6206
Vistara,kolkata,banglore,865,1,no info,20,20,21,5,2019,"('kolkata', 'banglore')",9187
Jet Airways,kolkata,banglore,450,1,in-flight meal not included,21,10,9,6,2019,"('kolkata', 'banglore')",8586
Jet Airways,banglore,new delhi,520,1,in-flight meal not included,11,40,21,3,2019,"('banglore', 'new delhi')",7832
Multiple Carriers,delhi,cochin,785,1,no info,6,40,9,3,2019,"('delhi', 'cochin')",12615
Spicejet,kolkata,banglore,150,0,no info,17,10,1,5,2019,"('kolkata', 'banglore')",4174
Air India,delhi,cochin,170,0,no info,5,10,21,4,2019,"('delhi', 'cochin')",6094
Air India,delhi,cochin,1640,1,no info,6,5,27,3,2019,"('delhi', 'cochin')",5117
Indigo,delhi,cochin,895,1,no info,10,35,27,6,2019,"('delhi', 'cochin')",5684
Jet Airways,kolkata,banglore,435,1,no info,10,20,9,6,2019,"('kolkata', 'banglore')",8355
Jet Airways,delhi,cochin,660,1,no info,8,0,6,6,2019,"('delhi', 'cochin')",14714
Multiple Carriers,delhi,cochin,480,1,no info,13,0,12,6,2019,"('delhi', 'cochin')",7408
Jet Airways,delhi,cochin,1610,1,no info,16,0,3,3,2019,"('delhi', 'cochin')",17234
Jet Airways,banglore,delhi,180,0,no info,8,20,15,6,2019,"('banglore', 'delhi')",8016
Jet Airways,delhi,cochin,1655,1,in-flight meal not included,9,0,27,6,2019,"('delhi', 'cochin')",10262
Air Asia,kolkata,banglore,150,0,no info,22,50,6,4,2019,"('kolkata', 'banglore')",3807
Jet Airways,banglore,new delhi,315,1,no info,7,0,15,3,2019,"('banglore', 'new delhi')",17524
Jet Airways,kolkata,banglore,1360,1,in-flight meal not included,21,10,21,5,2019,"('kolkata', 'banglore')",10844
Spicejet,banglore,new delhi,170,0,no check-in baggage included,20,30,24,3,2019,"('banglore', 'new delhi')",5469
Air India,delhi,cochin,765,1,no info,20,40,27,6,2019,"('delhi', 'cochin')",7480
Jet Airways,delhi,cochin,1760,2,no info,23,5,27,6,2019,"('delhi', 'cochin')",12819
Multiple Carriers,delhi,cochin,520,1,no info,10,35,15,5,2019,"('delhi', 'cochin')",7575
Indigo,mumbai,hyderabad,85,0,no info,21,20,1,3,2019,"('mumbai', 'hyderabad')",12475
Jet Airways,kolkata,banglore,590,1,no info,18,55,24,3,2019,"('kolkata', 'banglore')",14231
Jet Airways,kolkata,banglore,1315,1,in-flight meal not included,14,5,1,5,2019,"('kolkata', 'banglore')",9663
Jet Airways,delhi,cochin,425,2,in-flight meal not included,5,30,21,5,2019,"('delhi', 'cochin')",15544
Jet Airways,delhi,cochin,1620,2,in-flight meal not included,9,35,3,6,2019,"('delhi', 'cochin')",11507
Multiple Carriers,delhi,cochin,615,1,no info,9,0,21,5,2019,"('delhi', 'cochin')",14848
Goair,delhi,cochin,355,1,no info,7,0,21,5,2019,"('delhi', 'cochin')",6633
Air India,delhi,cochin,735,1,no info,7,0,24,6,2019,"('delhi', 'cochin')",8879
Air India,delhi,cochin,1660,1,no info,4,0,3,3,2019,"('delhi', 'cochin')",14462
Jet Airways,delhi,cochin,395,1,no info,21,50,27,3,2019,"('delhi', 'cochin')",12242
Air India,delhi,cochin,170,0,no info,5,10,6,4,2019,"('delhi', 'cochin')",4729
Indigo,delhi,cochin,290,1,no info,15,10,15,5,2019,"('delhi', 'cochin')",6027
Jet Airways,delhi,cochin,590,1,no info,9,0,6,3,2019,"('delhi', 'cochin')",17024
Jet Airways,banglore,new delhi,1290,1,no info,22,50,1,3,2019,"('banglore', 'new delhi')",25735
Air Asia,kolkata,banglore,155,0,no info,10,20,18,5,2019,"('kolkata', 'banglore')",5645
Jet Airways,kolkata,banglore,685,1,in-flight meal not included,8,25,9,6,2019,"('kolkata', 'banglore')",10844
Jet Airways,kolkata,banglore,875,1,no info,14,5,12,6,2019,"('kolkata', 'banglore')",12739
Jet Airways,kolkata,banglore,1610,1,in-flight meal not included,6,30,1,5,2019,"('kolkata', 'banglore')",9663
Jet Airways,kolkata,banglore,870,1,no info,20,25,1,5,2019,"('kolkata', 'banglore')",12121
Jet Airways,banglore,new delhi,1220,1,no info,22,50,1,3,2019,"('banglore', 'new delhi')",25735
Jet Airways,banglore,new delhi,875,1,no info,5,45,1,3,2019,"('banglore', 'new delhi')",27992
Air India,delhi,cochin,1820,2,no info,12,55,27,6,2019,"('delhi', 'cochin')",12646
Air Asia,kolkata,banglore,150,0,no info,19,55,21,6,2019,"('kolkata', 'banglore')",4107
Indigo,kolkata,banglore,155,0,no info,11,30,24,6,2019,"('kolkata', 'banglore')",4804
Multiple Carriers,delhi,cochin,690,1,no info,4,0,27,3,2019,"('delhi', 'cochin')",6305
Indigo,delhi,cochin,810,1,no info,7,30,15,5,2019,"('delhi', 'cochin')",7191
Indigo,delhi,cochin,500,1,no info,17,10,12,6,2019,"('delhi', 'cochin')",5883
Jet Airways,kolkata,banglore,590,1,in-flight meal not included,6,30,9,5,2019,"('kolkata', 'banglore')",8586
Air India,delhi,cochin,925,1,no info,3,50,15,6,2019,"('delhi', 'cochin')",9929
Indigo,delhi,cochin,575,1,no info,16,0,9,3,2019,"('delhi', 'cochin')",13611
Jet Airways,kolkata,banglore,570,1,in-flight meal not included,14,5,18,5,2019,"('kolkata', 'banglore')",10844
Jet Airways,delhi,cochin,745,1,no info,16,0,6,6,2019,"('delhi', 'cochin')",14714
Indigo,delhi,cochin,300,1,no info,5,5,3,3,2019,"('delhi', 'cochin')",9581
Multiple Carriers,delhi,cochin,625,2,no info,15,5,15,5,2019,"('delhi', 'cochin')",16840
Air India,mumbai,hyderabad,80,0,no info,21,5,1,5,2019,"('mumbai', 'hyderabad')",3625
Jet Airways,kolkata,banglore,1430,1,in-flight meal not included,20,0,1,4,2019,"('kolkata', 'banglore')",7064
Indigo,delhi,cochin,305,1,no info,23,30,15,6,2019,"('delhi', 'cochin')",10112
Jet Airways,kolkata,banglore,1260,1,in-flight meal not included,21,10,24,3,2019,"('kolkata', 'banglore')",10031
Jet Airways,delhi,cochin,940,1,in-flight meal not included,20,55,21,5,2019,"('delhi', 'cochin')",12898
Indigo,delhi,cochin,705,1,no info,9,15,6,6,2019,"('delhi', 'cochin')",6838
Jet Airways,delhi,cochin,1295,2,in-flight meal not included,21,25,27,6,2019,"('delhi', 'cochin')",11507
Jet Airways,kolkata,banglore,845,1,no info,20,0,12,5,2019,"('kolkata', 'banglore')",13941
Indigo,delhi,cochin,290,1,no info,15,10,27,6,2019,"('delhi', 'cochin')",6147
Air India,delhi,cochin,765,1,no info,20,40,24,6,2019,"('delhi', 'cochin')",7480
Jet Airways,delhi,cochin,1015,1,no info,11,30,6,6,2019,"('delhi', 'cochin')",14714
Spicejet,banglore,delhi,175,0,no info,21,10,21,5,2019,"('banglore', 'delhi')",3625
Jet Airways,delhi,cochin,1615,2,no info,9,40,3,6,2019,"('delhi', 'cochin')",13014
Spicejet,kolkata,banglore,435,1,no info,11,35,9,6,2019,"('kolkata', 'banglore')",8479
Jet Airways,kolkata,banglore,1335,1,in-flight meal not included,20,0,6,6,2019,"('kolkata', 'banglore')",10844
Jet Airways,delhi,cochin,335,1,in-flight meal not included,22,50,27,6,2019,"('delhi', 'cochin')",12898
Indigo,delhi,cochin,940,1,no info,6,50,27,6,2019,"('delhi', 'cochin')",6442
Jet Airways,mumbai,hyderabad,85,0,in-flight meal not included,2,55,9,6,2019,"('mumbai', 'hyderabad')",4050
Spicejet,kolkata,banglore,435,1,no info,11,35,12,5,2019,"('kolkata', 'banglore')",8479
Jet Airways,kolkata,banglore,800,1,in-flight meal not included,6,30,9,6,2019,"('kolkata', 'banglore')",10844
Jet Airways,kolkata,banglore,345,1,no info,14,5,1,4,2019,"('kolkata', 'banglore')",13364
Multiple Carriers,delhi,cochin,450,1,no info,8,0,27,3,2019,"('delhi', 'cochin')",12537
Jet Airways,delhi,cochin,520,1,no info,19,45,3,6,2019,"('delhi', 'cochin')",14714
Air India,delhi,cochin,1600,2,no info,5,0,9,6,2019,"('delhi', 'cochin')",10756
Multiple Carriers,delhi,cochin,555,1,no info,2,15,3,3,2019,"('delhi', 'cochin')",17057
Jet Airways,banglore,new delhi,1045,1,no info,11,40,6,3,2019,"('banglore', 'new delhi')",16736
Multiple Carriers,delhi,cochin,640,1,no info,10,20,3,3,2019,"('delhi', 'cochin')",15147
Indigo,chennai,kolkata,145,0,no info,14,40,27,3,2019,"('chennai', 'kolkata')",3384
Jet Airways,delhi,cochin,550,1,no info,19,15,1,6,2019,"('delhi', 'cochin')",14714
Jet Airways,delhi,cochin,335,1,no info,22,50,3,6,2019,"('delhi', 'cochin')",14714
Indigo,mumbai,hyderabad,90,0,no info,2,35,1,6,2019,"('mumbai', 'hyderabad')",3175
Air India,delhi,cochin,1535,1,no info,5,15,27,6,2019,"('delhi', 'cochin')",6587
Indigo,mumbai,hyderabad,90,0,no info,1,40,3,6,2019,"('mumbai', 'hyderabad')",2754
Indigo,kolkata,banglore,155,0,no info,15,20,1,3,2019,"('kolkata', 'banglore')",6565
Indigo,kolkata,banglore,155,0,no info,4,40,3,4,2019,"('kolkata', 'banglore')",4174
Spicejet,kolkata,banglore,140,0,no info,22,20,18,5,2019,"('kolkata', 'banglore')",3873
Indigo,delhi,cochin,195,0,no info,5,35,21,4,2019,"('delhi', 'cochin')",6015
Spicejet,kolkata,banglore,140,0,no check-in baggage included,22,20,12,6,2019,"('kolkata', 'banglore')",3841
Indigo,delhi,cochin,500,1,no info,17,10,1,6,2019,"('delhi', 'cochin')",6628
Spicejet,kolkata,banglore,330,1,no info,15,55,1,5,2019,"('kolkata', 'banglore')",8844
Jet Airways,delhi,cochin,450,1,in-flight meal not included,11,30,27,5,2019,"('delhi', 'cochin')",9732
Jet Airways,kolkata,banglore,1545,1,in-flight meal not included,6,30,6,5,2019,"('kolkata', 'banglore')",8586
Multiple Carriers,delhi,cochin,465,1,in-flight meal not included,14,35,27,3,2019,"('delhi', 'cochin')",5883
Indigo,delhi,cochin,560,1,no info,6,50,6,6,2019,"('delhi', 'cochin')",6674
Jet Airways,kolkata,banglore,800,1,no info,20,25,1,4,2019,"('kolkata', 'banglore')",14151
Spicejet,mumbai,hyderabad,90,0,no info,5,45,3,4,2019,"('mumbai', 'hyderabad')",2017
Indigo,mumbai,hyderabad,90,0,no info,19,5,9,5,2019,"('mumbai', 'hyderabad')",4392
Goair,delhi,cochin,370,1,no info,7,25,3,6,2019,"('delhi', 'cochin')",6976
Goair,delhi,cochin,540,1,no info,10,35,1,4,2019,"('delhi', 'cochin')",5281
Spicejet,banglore,new delhi,170,0,no info,20,30,24,3,2019,"('banglore', 'new delhi')",5575
Jet Airways,banglore,delhi,180,0,in-flight meal not included,19,50,6,4,2019,"('banglore', 'delhi')",4544
Air India,delhi,cochin,570,1,no info,13,30,21,3,2019,"('delhi', 'cochin')",5704
Multiple Carriers,delhi,cochin,490,1,in-flight meal not included,12,50,24,6,2019,"('delhi', 'cochin')",6007
Spicejet,kolkata,banglore,145,0,no info,9,0,21,4,2019,"('kolkata', 'banglore')",4491
Jet Airways,banglore,new delhi,405,1,in-flight meal not included,11,40,15,3,2019,"('banglore', 'new delhi')",9134
Indigo,banglore,delhi,165,0,no info,1,30,12,5,2019,"('banglore', 'delhi')",3943
Air Asia,banglore,delhi,170,0,no info,23,55,12,6,2019,"('banglore', 'delhi')",3383
Jet Airways,mumbai,hyderabad,85,0,in-flight meal not included,2,55,12,5,2019,"('mumbai', 'hyderabad')",4050
Jet Airways,kolkata,banglore,475,1,in-flight meal not included,8,25,9,6,2019,"('kolkata', 'banglore')",10844
Multiple Carriers,delhi,cochin,535,1,no info,10,20,27,6,2019,"('delhi', 'cochin')",7741
Multiple Carriers,delhi,cochin,910,1,in-flight meal not included,7,10,6,3,2019,"('delhi', 'cochin')",7563
Multiple Carriers,delhi,cochin,780,1,no info,6,0,9,5,2019,"('delhi', 'cochin')",9794
Air Asia,banglore,delhi,170,0,no info,4,55,6,5,2019,"('banglore', 'delhi')",4282
Jet Airways,delhi,cochin,335,1,no info,22,50,6,5,2019,"('delhi', 'cochin')",15554
Spicejet,chennai,kolkata,135,0,no check-in baggage included,8,20,6,6,2019,"('chennai', 'kolkata')",3543
Indigo,delhi,cochin,195,0,no info,21,5,3,4,2019,"('delhi', 'cochin')",5021
Multiple Carriers,delhi,cochin,755,1,no info,6,40,21,5,2019,"('delhi', 'cochin')",7787
Spicejet,banglore,delhi,170,0,no check-in baggage included,9,30,15,6,2019,"('banglore', 'delhi')",4885
Multiple Carriers,delhi,cochin,505,1,no info,7,5,6,3,2019,"('delhi', 'cochin')",17267
Indigo,banglore,delhi,170,0,no info,23,30,15,6,2019,"('banglore', 'delhi')",4077
Air India,delhi,cochin,500,2,no info,10,55,1,6,2019,"('delhi', 'cochin')",13013
Indigo,kolkata,banglore,290,1,no info,15,15,15,5,2019,"('kolkata', 'banglore')",5380
Indigo,banglore,new delhi,170,0,no info,5,30,9,3,2019,"('banglore', 'new delhi')",4777
Multiple Carriers,delhi,cochin,460,2,no info,17,50,24,6,2019,"('delhi', 'cochin')",18275
Multiple Carriers,delhi,cochin,600,1,no info,9,15,24,6,2019,"('delhi', 'cochin')",8099
Jet Airways,banglore,delhi,180,0,no info,19,50,9,4,2019,"('banglore', 'delhi')",7229
Jet Airways,banglore,new delhi,390,1,in-flight meal not included,5,50,15,3,2019,"('banglore', 'new delhi')",5853
Jet Airways,delhi,cochin,1210,1,in-flight meal not included,22,50,27,6,2019,"('delhi', 'cochin')",10262
Indigo,kolkata,banglore,295,1,no info,9,20,9,6,2019,"('kolkata', 'banglore')",11465
Spicejet,kolkata,banglore,160,0,no info,6,55,21,3,2019,"('kolkata', 'banglore')",4148
Jet Airways,kolkata,banglore,1365,1,no info,20,25,21,5,2019,"('kolkata', 'banglore')",13067
Air Asia,kolkata,banglore,150,0,no info,19,55,24,4,2019,"('kolkata', 'banglore')",4107
Vistara,kolkata,banglore,1595,1,no info,20,20,1,4,2019,"('kolkata', 'banglore')",7770
Jet Airways,kolkata,banglore,960,1,in-flight meal not included,20,0,12,6,2019,"('kolkata', 'banglore')",8529
Indigo,banglore,delhi,170,0,no info,4,0,12,5,2019,"('banglore', 'delhi')",3943
Air India,delhi,cochin,1125,1,no info,13,30,27,3,2019,"('delhi', 'cochin')",6681
Indigo,kolkata,banglore,160,0,no info,21,25,12,3,2019,"('kolkata', 'banglore')",4148
Air India,delhi,cochin,675,1,no info,8,0,15,5,2019,"('delhi', 'cochin')",8372
Jet Airways,banglore,new delhi,980,1,in-flight meal not included,22,55,12,3,2019,"('banglore', 'new delhi')",11087
Jet Airways,delhi,cochin,830,2,no info,14,35,24,6,2019,"('delhi', 'cochin')",13376
Spicejet,mumbai,hyderabad,80,0,no info,5,45,1,3,2019,"('mumbai', 'hyderabad')",12475
Indigo,mumbai,hyderabad,90,0,no info,16,55,6,3,2019,"('mumbai', 'hyderabad')",4784
Jet Airways,delhi,cochin,1215,2,no info,8,10,12,6,2019,"('delhi', 'cochin')",14300
Spicejet,banglore,delhi,170,0,no check-in baggage included,9,30,9,4,2019,"('banglore', 'delhi')",4319
Air India,delhi,cochin,185,0,no info,18,5,24,4,2019,"('delhi', 'cochin')",5201
Indigo,banglore,new delhi,170,0,no info,13,0,24,3,2019,"('banglore', 'new delhi')",8033
Air India,mumbai,hyderabad,75,0,no info,19,30,18,6,2019,"('mumbai', 'hyderabad')",3100
Multiple Carriers,delhi,cochin,570,1,no info,16,0,15,5,2019,"('delhi', 'cochin')",13727
Indigo,banglore,delhi,185,0,no info,18,15,24,6,2019,"('banglore', 'delhi')",4823
Jet Airways,mumbai,hyderabad,90,0,no info,19,35,12,5,2019,"('mumbai', 'hyderabad')",5678
Jet Airways,delhi,cochin,1615,2,no info,9,40,9,5,2019,"('delhi', 'cochin')",15129
Jet Airways,mumbai,hyderabad,85,0,no info,7,5,27,6,2019,"('mumbai', 'hyderabad')",8040
Vistara,kolkata,banglore,1625,1,no info,20,20,1,4,2019,"('kolkata', 'banglore')",7927
Multiple Carriers,delhi,cochin,480,1,no info,13,0,27,6,2019,"('delhi', 'cochin')",7408
Air Asia,delhi,cochin,330,1,no info,7,55,1,6,2019,"('delhi', 'cochin')",9330
Jet Airways,kolkata,banglore,330,1,no info,6,30,21,5,2019,"('kolkata', 'banglore')",14388
Jet Airways,kolkata,banglore,740,1,no info,8,25,12,5,2019,"('kolkata', 'banglore')",14781
Jet Airways,banglore,new delhi,420,2,no info,8,55,9,3,2019,"('banglore', 'new delhi')",23001
Indigo,kolkata,banglore,155,0,no info,15,30,1,4,2019,"('kolkata', 'banglore')",4174
Jet Airways,delhi,cochin,550,1,in-flight meal not included,19,15,24,6,2019,"('delhi', 'cochin')",10262
Vistara,delhi,cochin,190,0,no info,14,40,21,6,2019,"('delhi', 'cochin')",6216
Jet Airways,kolkata,banglore,1025,1,in-flight meal not included,18,55,24,5,2019,"('kolkata', 'banglore')",10844
Jet Airways,kolkata,banglore,1285,1,no info,17,0,21,5,2019,"('kolkata', 'banglore')",11467
Air India,kolkata,banglore,970,2,no info,16,45,21,5,2019,"('kolkata', 'banglore')",14960
Jet Airways,delhi,cochin,1140,2,no info,9,25,27,6,2019,"('delhi', 'cochin')",13882
Air India,kolkata,banglore,610,2,no info,8,20,21,5,2019,"('kolkata', 'banglore')",10697
Indigo,mumbai,hyderabad,90,0,no info,9,10,1,4,2019,"('mumbai', 'hyderabad')",3342
Indigo,kolkata,banglore,155,0,no info,17,15,21,6,2019,"('kolkata', 'banglore')",4804
Jet Airways,delhi,cochin,300,1,in-flight meal not included,14,0,15,4,2019,"('delhi', 'cochin')",6542
Indigo,kolkata,banglore,160,0,no info,17,15,1,3,2019,"('kolkata', 'banglore')",6565
Spicejet,delhi,cochin,310,1,no info,6,10,3,3,2019,"('delhi', 'cochin')",9748
Jet Airways,kolkata,banglore,1630,1,no info,20,25,18,5,2019,"('kolkata', 'banglore')",14151
Indigo,mumbai,hyderabad,90,0,no info,9,10,9,6,2019,"('mumbai', 'hyderabad')",4049
Jet Airways,delhi,cochin,1485,1,no info,18,15,27,5,2019,"('delhi', 'cochin')",16079
Air India,delhi,cochin,1600,2,no info,5,0,18,5,2019,"('delhi', 'cochin')",11228
Multiple Carriers,delhi,cochin,570,1,no info,16,0,27,5,2019,"('delhi', 'cochin')",13377
Indigo,delhi,cochin,710,1,no info,9,10,3,3,2019,"('delhi', 'cochin')",14871
Multiple Carriers,delhi,cochin,545,1,no info,7,5,3,6,2019,"('delhi', 'cochin')",10696
Air India,delhi,cochin,375,1,no info,13,0,3,6,2019,"('delhi', 'cochin')",8372
Indigo,kolkata,banglore,315,1,no info,15,15,9,6,2019,"('kolkata', 'banglore')",5380
Jet Airways,mumbai,hyderabad,85,0,in-flight meal not included,2,55,6,6,2019,"('mumbai', 'hyderabad')",4050
Spicejet,kolkata,banglore,150,0,no check-in baggage included,14,55,18,5,2019,"('kolkata', 'banglore')",3841
Jet Airways,delhi,cochin,1235,1,in-flight meal not included,16,0,27,5,2019,"('delhi', 'cochin')",12898
Multiple Carriers,delhi,cochin,385,1,in-flight meal not included,12,50,27,6,2019,"('delhi', 'cochin')",7268
Jet Airways,banglore,delhi,185,0,no info,18,55,1,6,2019,"('banglore', 'delhi')",8016
Jet Airways,kolkata,banglore,750,1,no info,9,35,21,5,2019,"('kolkata', 'banglore')",13067
Jet Airways,kolkata,banglore,365,1,no info,16,30,24,5,2019,"('kolkata', 'banglore')",14571
Spicejet,mumbai,hyderabad,90,0,no info,13,15,18,6,2019,"('mumbai', 'hyderabad')",2017
Spicejet,kolkata,banglore,140,0,no check-in baggage included,22,20,15,6,2019,"('kolkata', 'banglore')",3841
Multiple Carriers,delhi,cochin,495,2,no info,13,5,27,3,2019,"('delhi', 'cochin')",6128
Indigo,kolkata,banglore,345,1,no info,5,35,24,3,2019,"('kolkata', 'banglore')",9319
Air India,kolkata,banglore,965,1,no info,19,0,15,5,2019,"('kolkata', 'banglore')",6117
Indigo,banglore,delhi,165,0,no info,1,30,6,5,2019,"('banglore', 'delhi')",4284
Air India,delhi,cochin,1215,1,no info,23,0,9,3,2019,"('delhi', 'cochin')",11260
Multiple Carriers,delhi,cochin,690,1,no info,14,0,1,6,2019,"('delhi', 'cochin')",13377
Jet Airways,delhi,cochin,1325,1,in-flight meal not included,20,55,27,5,2019,"('delhi', 'cochin')",12898
Air India,banglore,delhi,165,0,no info,6,10,6,5,2019,"('banglore', 'delhi')",6121
Air India,delhi,cochin,375,1,no info,13,0,27,6,2019,"('delhi', 'cochin')",8372
Jet Airways,banglore,delhi,180,0,in-flight meal not included,19,50,9,5,2019,"('banglore', 'delhi')",3502
Indigo,banglore,delhi,170,0,no info,10,10,18,6,2019,"('banglore', 'delhi')",3943
Spicejet,banglore,delhi,170,0,no check-in baggage included,9,30,15,4,2019,"('banglore', 'delhi')",4319
Vistara,banglore,delhi,170,0,no info,21,0,3,5,2019,"('banglore', 'delhi')",5613
Spicejet,delhi,cochin,375,1,no info,16,35,21,3,2019,"('delhi', 'cochin')",4957
Jet Airways,kolkata,banglore,1285,1,in-flight meal not included,17,0,15,5,2019,"('kolkata', 'banglore')",9314
Spicejet,mumbai,hyderabad,80,0,no check-in baggage included,5,45,15,3,2019,"('mumbai', 'hyderabad')",2385
Indigo,delhi,cochin,750,1,no info,8,30,27,5,2019,"('delhi', 'cochin')",6838
Multiple Carriers,delhi,cochin,485,1,no info,10,45,27,3,2019,"('delhi', 'cochin')",11622
Multiple Carriers,delhi,cochin,385,1,no info,9,45,27,6,2019,"('delhi', 'cochin')",9646
Goair,banglore,delhi,170,0,no info,11,40,1,6,2019,"('banglore', 'delhi')",3898
Multiple Carriers,delhi,cochin,640,1,no info,10,20,21,3,2019,"('delhi', 'cochin')",7215
Indigo,banglore,delhi,165,0,no info,6,5,1,4,2019,"('banglore', 'delhi')",3943
Spicejet,chennai,kolkata,140,0,no check-in baggage included,17,45,27,6,2019,"('chennai', 'kolkata')",3543
Air Asia,kolkata,banglore,150,0,no info,22,50,9,5,2019,"('kolkata', 'banglore')",3807
Jet Airways,banglore,delhi,175,0,no info,11,10,9,6,2019,"('banglore', 'delhi')",8016
Indigo,kolkata,banglore,335,1,no info,4,15,24,3,2019,"('kolkata', 'banglore')",4150
Multiple Carriers,delhi,cochin,460,2,no info,17,50,12,6,2019,"('delhi', 'cochin')",18275
Air Asia,delhi,cochin,590,1,no info,20,45,3,6,2019,"('delhi', 'cochin')",11410
Air India,banglore,new delhi,165,0,no info,6,10,24,3,2019,"('banglore', 'new delhi')",4441
Indigo,delhi,cochin,425,1,no info,8,25,3,3,2019,"('delhi', 'cochin')",14871
Jet Airways,mumbai,hyderabad,90,0,no info,10,20,18,6,2019,"('mumbai', 'hyderabad')",8040
Goair,banglore,delhi,175,0,no info,7,45,27,6,2019,"('banglore', 'delhi')",3419
Jet Airways,delhi,cochin,540,1,no info,10,0,27,6,2019,"('delhi', 'cochin')",14714
Air India,kolkata,banglore,150,0,no info,14,15,18,3,2019,"('kolkata', 'banglore')",5170
Jet Airways,kolkata,banglore,870,1,no info,20,25,6,5,2019,"('kolkata', 'banglore')",13067
Jet Airways,delhi,cochin,705,1,no info,7,5,3,3,2019,"('delhi', 'cochin')",17024
Air India,delhi,cochin,1535,1,no info,5,15,27,5,2019,"('delhi', 'cochin')",8425
Jet Airways,delhi,cochin,1165,1,in-flight meal not included,9,0,15,6,2019,"('delhi', 'cochin')",10262
Indigo,delhi,cochin,380,1,no info,16,10,15,5,2019,"('delhi', 'cochin')",6412
Indigo,chennai,kolkata,140,0,no info,13,15,3,6,2019,"('chennai', 'kolkata')",3597
Indigo,banglore,delhi,175,0,no info,0,30,21,5,2019,"('banglore', 'delhi')",3419
Jet Airways,kolkata,banglore,960,1,in-flight meal not included,20,0,9,6,2019,"('kolkata', 'banglore')",10844
Indigo,kolkata,banglore,150,0,no info,15,15,12,6,2019,"('kolkata', 'banglore')",4804
Jet Airways,delhi,cochin,750,2,no info,15,55,9,3,2019,"('delhi', 'cochin')",19172
Jet Airways,delhi,cochin,1375,2,no info,5,30,1,6,2019,"('delhi', 'cochin')",13014
Spicejet,mumbai,hyderabad,85,0,no info,22,45,1,3,2019,"('mumbai', 'hyderabad')",11005
Jet Airways,delhi,cochin,550,1,in-flight meal not included,19,15,15,6,2019,"('delhi', 'cochin')",10262
Air India,delhi,cochin,180,0,no info,14,10,18,3,2019,"('delhi', 'cochin')",5674
Jet Airways,kolkata,banglore,730,1,in-flight meal not included,21,10,6,5,2019,"('kolkata', 'banglore')",9663
Jet Airways,banglore,new delhi,1200,1,in-flight meal not included,11,40,21,3,2019,"('banglore', 'new delhi')",7832
Indigo,delhi,cochin,895,1,no info,10,35,1,6,2019,"('delhi', 'cochin')",6206
Multiple Carriers,delhi,cochin,455,1,no info,14,55,9,6,2019,"('delhi', 'cochin')",6723
Indigo,delhi,cochin,890,1,no info,10,45,21,3,2019,"('delhi', 'cochin')",7318
Indigo,chennai,kolkata,145,0,no info,11,35,24,6,2019,"('chennai', 'kolkata')",3858
Indigo,kolkata,banglore,165,0,no info,22,10,9,3,2019,"('kolkata', 'banglore')",4148
Vistara,kolkata,banglore,1625,1,no info,20,20,6,6,2019,"('kolkata', 'banglore')",9345
Jet Airways,banglore,new delhi,435,1,no info,8,55,6,3,2019,"('banglore', 'new delhi')",19225
Indigo,chennai,kolkata,140,0,no info,7,55,24,3,2019,"('chennai', 'kolkata')",4326
Spicejet,delhi,cochin,310,1,no info,6,10,6,3,2019,"('delhi', 'cochin')",9748
Air Asia,banglore,delhi,165,0,no info,11,10,27,5,2019,"('banglore', 'delhi')",3383
Jet Airways,delhi,cochin,560,2,in-flight meal not included,9,40,12,6,2019,"('delhi', 'cochin')",10368
Jet Airways,delhi,cochin,330,1,in-flight meal not included,7,5,9,6,2019,"('delhi', 'cochin')",10262
Multiple Carriers,delhi,cochin,765,1,no info,9,45,12,6,2019,"('delhi', 'cochin')",9646
Jet Airways,banglore,new delhi,935,1,no info,5,45,12,3,2019,"('banglore', 'new delhi')",13817
Indigo,kolkata,banglore,155,0,no info,4,40,1,5,2019,"('kolkata', 'banglore')",4804
Indigo,kolkata,banglore,150,0,no info,14,25,18,6,2019,"('kolkata', 'banglore')",4804
Air India,delhi,cochin,320,1,no info,17,40,18,5,2019,"('delhi', 'cochin')",8277
Indigo,banglore,new delhi,180,0,no info,8,30,1,3,2019,"('banglore', 'new delhi')",10067
Jet Airways,kolkata,banglore,400,1,no info,14,5,12,6,2019,"('kolkata', 'banglore')",13626
Indigo,kolkata,banglore,160,0,no info,21,25,12,4,2019,"('kolkata', 'banglore')",4174
Air India,banglore,new delhi,1490,1,no info,10,30,9,3,2019,"('banglore', 'new delhi')",10321
Air Asia,delhi,cochin,865,1,no info,16,45,6,3,2019,"('delhi', 'cochin')",8627
Jet Airways,kolkata,banglore,570,1,in-flight meal not included,14,5,9,6,2019,"('kolkata', 'banglore')",10844
Air India,banglore,new delhi,165,0,no info,10,0,15,3,2019,"('banglore', 'new delhi')",7276
Vistara,banglore,delhi,165,0,no info,19,30,15,4,2019,"('banglore', 'delhi')",5613
Jet Airways,banglore,new delhi,625,1,no info,5,45,18,3,2019,"('banglore', 'new delhi')",12284
Goair,kolkata,banglore,495,1,no info,23,30,24,5,2019,"('kolkata', 'banglore')",7335
Jet Airways,banglore,delhi,180,0,no info,8,20,12,6,2019,"('banglore', 'delhi')",8016
Indigo,kolkata,banglore,155,0,no info,17,15,27,6,2019,"('kolkata', 'banglore')",4804
Air India,delhi,cochin,600,1,no info,21,40,9,3,2019,"('delhi', 'cochin')",13832
Indigo,banglore,delhi,170,0,no info,23,30,9,5,2019,"('banglore', 'delhi')",3943
Jet Airways,banglore,delhi,175,0,in-flight meal not included,11,10,12,4,2019,"('banglore', 'delhi')",5198
Multiple Carriers,delhi,cochin,420,1,no info,14,0,21,3,2019,"('delhi', 'cochin')",13062
Air India,banglore,new delhi,1265,1,no info,11,50,12,3,2019,"('banglore', 'new delhi')",11707
Indigo,delhi,cochin,810,1,no info,7,30,9,4,2019,"('delhi', 'cochin')",6093
Air India,banglore,delhi,165,0,no info,10,0,15,5,2019,"('banglore', 'delhi')",6961
Indigo,kolkata,banglore,165,0,no info,9,35,24,5,2019,"('kolkata', 'banglore')",4804
Spicejet,delhi,cochin,270,1,no check-in baggage included,8,45,24,6,2019,"('delhi', 'cochin')",4760
Jet Airways,banglore,delhi,165,0,no info,6,0,18,5,2019,"('banglore', 'delhi')",7229
Air India,delhi,cochin,435,2,no info,12,0,9,5,2019,"('delhi', 'cochin')",8918
Multiple Carriers,delhi,cochin,720,1,no info,9,0,15,6,2019,"('delhi', 'cochin')",13587
Air India,mumbai,hyderabad,90,0,no info,13,55,9,6,2019,"('mumbai', 'hyderabad')",3100
Air India,delhi,cochin,735,1,no info,7,0,27,6,2019,"('delhi', 'cochin')",8669
Air India,banglore,delhi,170,0,no info,21,5,18,4,2019,"('banglore', 'delhi')",5228
Spicejet,delhi,cochin,270,1,no info,8,45,1,4,2019,"('delhi', 'cochin')",4812
Multiple Carriers,delhi,cochin,740,1,no info,6,40,3,6,2019,"('delhi', 'cochin')",10877
Jet Airways,kolkata,banglore,450,1,in-flight meal not included,21,10,24,5,2019,"('kolkata', 'banglore')",9663
Jet Airways,delhi,cochin,1620,1,in-flight meal not included,16,0,27,5,2019,"('delhi', 'cochin')",12898
Air India,kolkata,banglore,965,1,no info,19,0,6,4,2019,"('kolkata', 'banglore')",4437
Jet Airways,kolkata,banglore,730,1,in-flight meal not included,16,30,6,6,2019,"('kolkata', 'banglore')",6812
Spicejet,chennai,kolkata,135,0,no check-in baggage included,9,45,18,5,2019,"('chennai', 'kolkata')",3543
Indigo,banglore,delhi,170,0,no info,16,55,9,6,2019,"('banglore', 'delhi')",4823
Jet Airways,delhi,cochin,1420,2,no info,19,10,21,3,2019,"('delhi', 'cochin')",9483
Jet Airways,kolkata,banglore,1285,1,no info,17,0,9,6,2019,"('kolkata', 'banglore')",14151
Jet Airways,banglore,new delhi,785,1,no info,11,40,6,3,2019,"('banglore', 'new delhi')",14815
Air India,banglore,delhi,165,0,no info,6,10,3,5,2019,"('banglore', 'delhi')",5228
Vistara,banglore,delhi,170,0,no info,9,45,15,6,2019,"('banglore', 'delhi')",4878
Jet Airways,banglore,delhi,175,0,in-flight meal not included,15,15,24,5,2019,"('banglore', 'delhi')",4544
Indigo,kolkata,banglore,160,0,no info,21,25,6,3,2019,"('kolkata', 'banglore')",4778
Spicejet,banglore,new delhi,170,0,no check-in baggage included,20,30,18,3,2019,"('banglore', 'new delhi')",4273
Jet Airways,delhi,cochin,1490,2,no info,11,45,27,6,2019,"('delhi', 'cochin')",13882
Jet Airways,kolkata,banglore,850,1,no info,8,25,24,3,2019,"('kolkata', 'banglore')",13759
Indigo,chennai,kolkata,140,0,no info,5,15,3,3,2019,"('chennai', 'kolkata')",6482
Jet Airways,kolkata,banglore,590,1,no info,8,25,1,4,2019,"('kolkata', 'banglore')",12681
Air India,banglore,new delhi,925,2,no info,19,10,3,3,2019,"('banglore', 'new delhi')",13355
Air Asia,banglore,new delhi,170,0,no info,5,50,24,3,2019,"('banglore', 'new delhi')",3383
Air India,delhi,cochin,170,0,no info,5,10,1,4,2019,"('delhi', 'cochin')",4729
Indigo,chennai,kolkata,145,0,no info,22,5,15,3,2019,"('chennai', 'kolkata')",6297
Air India,delhi,cochin,1485,2,no info,18,30,21,3,2019,"('delhi', 'cochin')",10703
Multiple Carriers,delhi,cochin,630,1,no info,8,30,1,5,2019,"('delhi', 'cochin')",9627
Multiple Carriers,delhi,cochin,555,1,no info,10,0,15,6,2019,"('delhi', 'cochin')",16108
Jet Airways,delhi,cochin,660,1,in-flight meal not included,8,0,21,5,2019,"('delhi', 'cochin')",12898
Multiple Carriers,delhi,cochin,555,1,no info,13,15,15,6,2019,"('delhi', 'cochin')",8018
Indigo,kolkata,banglore,155,0,no info,11,30,6,4,2019,"('kolkata', 'banglore')",4174
Goair,delhi,cochin,370,1,no info,7,25,15,4,2019,"('delhi', 'cochin')",5052
Indigo,mumbai,hyderabad,90,0,no info,2,35,9,6,2019,"('mumbai', 'hyderabad')",2754
Air India,kolkata,banglore,545,1,no info,9,25,1,5,2019,"('kolkata', 'banglore')",8891
Air India,delhi,cochin,1410,2,no info,19,45,21,5,2019,"('delhi', 'cochin')",9443
Jet Airways,delhi,cochin,1045,2,no info,19,10,18,5,2019,"('delhi', 'cochin')",15129
Jet Airways,delhi,cochin,610,1,no info,18,15,1,6,2019,"('delhi', 'cochin')",14714
Air India,delhi,cochin,375,1,no info,13,0,9,5,2019,"('delhi', 'cochin')",8372
Jet Airways,kolkata,banglore,705,1,in-flight meal not included,6,30,21,5,2019,"('kolkata', 'banglore')",10844
Jet Airways,kolkata,banglore,585,1,no info,8,25,24,3,2019,"('kolkata', 'banglore')",13759
Indigo,kolkata,banglore,155,0,no info,22,15,27,5,2019,"('kolkata', 'banglore')",4804
Multiple Carriers,delhi,cochin,615,1,in-flight meal not included,9,0,27,5,2019,"('delhi', 'cochin')",10197
Indigo,banglore,delhi,175,0,no info,18,55,27,4,2019,"('banglore', 'delhi')",4823
Jet Airways,delhi,cochin,1110,1,no info,9,55,27,3,2019,"('delhi', 'cochin')",12242
Spicejet,banglore,delhi,160,0,no check-in baggage included,5,55,27,6,2019,"('banglore', 'delhi')",3573
Indigo,banglore,delhi,170,0,no info,13,0,1,4,2019,"('banglore', 'delhi')",4591
Jet Airways,banglore,new delhi,1400,1,no info,5,45,6,3,2019,"('banglore', 'new delhi')",13555
Jet Airways,banglore,delhi,180,0,no info,8,20,9,4,2019,"('banglore', 'delhi')",7229
Indigo,delhi,cochin,480,1,no info,17,30,27,6,2019,"('delhi', 'cochin')",5684
Indigo,delhi,cochin,890,1,no info,10,45,3,3,2019,"('delhi', 'cochin')",14871
Goair,kolkata,banglore,455,1,no info,16,40,12,5,2019,"('kolkata', 'banglore')",8855
Jet Airways,banglore,new delhi,1435,1,no info,21,25,6,3,2019,"('banglore', 'new delhi')",17471
Jet Airways,banglore,delhi,185,0,in-flight meal not included,18,55,15,5,2019,"('banglore', 'delhi')",4030
Jet Airways,kolkata,banglore,1480,1,in-flight meal not included,20,25,12,5,2019,"('kolkata', 'banglore')",10703
Jet Airways,kolkata,banglore,365,1,in-flight meal not included,16,30,1,5,2019,"('kolkata', 'banglore')",10844
Indigo,banglore,new delhi,175,0,no info,7,10,24,3,2019,"('banglore', 'new delhi')",6860
Jet Airways,banglore,delhi,180,0,no info,8,20,21,4,2019,"('banglore', 'delhi')",7229
Indigo,delhi,cochin,635,1,no info,11,55,27,5,2019,"('delhi', 'cochin')",6442
Air Asia,delhi,cochin,625,1,no info,20,45,12,6,2019,"('delhi', 'cochin')",6152
Air India,delhi,cochin,675,1,no info,8,0,6,6,2019,"('delhi', 'cochin')",8372
Jet Airways,banglore,new delhi,495,1,no info,7,0,1,3,2019,"('banglore', 'new delhi')",26890
Air India,banglore,delhi,170,0,no info,21,5,18,6,2019,"('banglore', 'delhi')",5228
Indigo,delhi,cochin,880,2,no info,6,40,6,3,2019,"('delhi', 'cochin')",6610
Air India,delhi,cochin,865,2,no info,17,15,24,6,2019,"('delhi', 'cochin')",11989
Multiple Carriers,delhi,cochin,900,1,no info,6,0,21,3,2019,"('delhi', 'cochin')",9845
Multiple Carriers,delhi,cochin,520,1,no info,10,20,15,5,2019,"('delhi', 'cochin')",9794
Jet Airways,banglore,new delhi,935,1,in-flight meal not included,5,45,21,3,2019,"('banglore', 'new delhi')",7832
Jet Airways,mumbai,hyderabad,90,0,in-flight meal not included,19,35,18,3,2019,"('mumbai', 'hyderabad')",2071
Vistara,kolkata,banglore,975,1,no info,7,10,9,6,2019,"('kolkata', 'banglore')",9345
Jet Airways,banglore,new delhi,830,1,in-flight meal not included,20,35,21,3,2019,"('banglore', 'new delhi')",7832
Air India,mumbai,hyderabad,80,0,no info,6,20,1,4,2019,"('mumbai', 'hyderabad')",3100
Air India,banglore,new delhi,1795,2,no info,17,0,15,3,2019,"('banglore', 'new delhi')",8534
Vistara,chennai,kolkata,135,0,no info,7,5,24,5,2019,"('chennai', 'kolkata')",3687
Multiple Carriers,delhi,cochin,455,1,no info,11,25,9,6,2019,"('delhi', 'cochin')",11200
Air India,delhi,cochin,970,2,no info,17,15,1,5,2019,"('delhi', 'cochin')",8839
Jet Airways,delhi,cochin,870,1,no info,13,55,6,3,2019,"('delhi', 'cochin')",15764
Indigo,mumbai,hyderabad,90,0,no info,20,5,24,3,2019,"('mumbai', 'hyderabad')",2227
Air India,banglore,new delhi,965,2,no info,6,50,12,3,2019,"('banglore', 'new delhi')",11474
Jet Airways,delhi,cochin,330,1,no info,7,5,27,5,2019,"('delhi', 'cochin')",16289
Air India,delhi,cochin,1595,2,no info,16,40,18,5,2019,"('delhi', 'cochin')",9863
Spicejet,banglore,delhi,170,0,no check-in baggage included,9,30,27,6,2019,"('banglore', 'delhi')",3573
Air India,delhi,cochin,675,1,no info,8,0,21,3,2019,"('delhi', 'cochin')",7199
Jet Airways,banglore,new delhi,680,1,in-flight meal not included,11,40,21,3,2019,"('banglore', 'new delhi')",6992
Indigo,delhi,cochin,810,1,no info,7,30,21,5,2019,"('delhi', 'cochin')",7006
Jet Airways,delhi,cochin,450,1,in-flight meal not included,11,30,15,6,2019,"('delhi', 'cochin')",10262
Air India,banglore,new delhi,1355,3,no info,12,0,3,3,2019,"('banglore', 'new delhi')",12358
Goair,delhi,cochin,540,1,no info,10,35,15,6,2019,"('delhi', 'cochin')",4959
Jet Airways,delhi,cochin,1530,1,no info,17,30,6,6,2019,"('delhi', 'cochin')",14714
Jet Airways,kolkata,banglore,450,1,in-flight meal not included,21,10,18,5,2019,"('kolkata', 'banglore')",8586
Air India,mumbai,hyderabad,80,0,no info,6,20,6,6,2019,"('mumbai', 'hyderabad')",3100
Indigo,delhi,cochin,860,1,no info,6,40,27,3,2019,"('delhi', 'cochin')",8784
Jet Airways,kolkata,banglore,1640,1,in-flight meal not included,16,30,12,6,2019,"('kolkata', 'banglore')",8529
Jet Airways,banglore,delhi,185,0,in-flight meal not included,18,55,15,4,2019,"('banglore', 'delhi')",4544
Jet Airways,kolkata,banglore,1160,1,in-flight meal not included,13,55,24,3,2019,"('kolkata', 'banglore')",11134
Vistara,delhi,cochin,190,0,no info,14,40,18,4,2019,"('delhi', 'cochin')",6216
Indigo,delhi,cochin,195,0,no info,21,5,9,6,2019,"('delhi', 'cochin')",6015
Multiple Carriers,delhi,cochin,910,1,no info,10,20,15,6,2019,"('delhi', 'cochin')",6795
Multiple Carriers,delhi,cochin,850,2,in-flight meal not included,7,10,3,3,2019,"('delhi', 'cochin')",8938
Jet Airways,mumbai,hyderabad,85,0,in-flight meal not included,7,10,21,3,2019,"('mumbai', 'hyderabad')",4160
Spicejet,kolkata,banglore,155,0,no check-in baggage included,6,55,9,4,2019,"('kolkata', 'banglore')",3841
Jet Airways,mumbai,hyderabad,90,0,no info,19,35,21,5,2019,"('mumbai', 'hyderabad')",5678
Indigo,delhi,cochin,985,2,no info,4,55,3,3,2019,"('delhi', 'cochin')",8899
Indigo,delhi,cochin,750,1,no info,8,30,21,5,2019,"('delhi', 'cochin')",7318
Indigo,delhi,cochin,195,0,no info,5,35,9,3,2019,"('delhi', 'cochin')",6885
Air India,kolkata,banglore,525,2,no info,14,30,9,5,2019,"('kolkata', 'banglore')",14214
Air India,banglore,delhi,170,0,no info,21,5,24,4,2019,"('banglore', 'delhi')",5228
Spicejet,banglore,delhi,170,0,no info,9,30,24,4,2019,"('banglore', 'delhi')",3971
Spicejet,delhi,cochin,270,1,no check-in baggage included,8,45,6,6,2019,"('delhi', 'cochin')",5158
Indigo,kolkata,banglore,160,0,no info,20,25,24,3,2019,"('kolkata', 'banglore')",8872
Indigo,delhi,cochin,845,1,no info,11,25,9,5,2019,"('delhi', 'cochin')",8330
Multiple Carriers,delhi,cochin,845,1,no info,11,30,21,3,2019,"('delhi', 'cochin')",13542
Air India,banglore,new delhi,1330,1,no info,11,5,9,3,2019,"('banglore', 'new delhi')",11077
Spicejet,mumbai,hyderabad,90,0,no check-in baggage included,13,15,1,4,2019,"('mumbai', 'hyderabad')",1965
Jet Airways,mumbai,hyderabad,605,2,no info,6,30,12,3,2019,"('mumbai', 'hyderabad')",23528
Jet Airways,banglore,delhi,180,0,no info,7,10,6,5,2019,"('banglore', 'delhi')",7229
Jet Airways,kolkata,banglore,425,1,no info,16,30,12,6,2019,"('kolkata', 'banglore')",13626
Jet Airways,delhi,cochin,1390,2,no info,13,25,27,6,2019,"('delhi', 'cochin')",15339
Air India,kolkata,banglore,805,3,no info,9,50,12,5,2019,"('kolkata', 'banglore')",14015
Vistara,kolkata,banglore,1555,1,no info,7,10,9,5,2019,"('kolkata', 'banglore')",9187
Multiple Carriers,delhi,cochin,645,1,no info,8,30,3,6,2019,"('delhi', 'cochin')",7677
Jet Airways,banglore,new delhi,305,1,in-flight meal not included,14,5,21,3,2019,"('banglore', 'new delhi')",7832
Jet Airways,kolkata,banglore,800,1,in-flight meal not included,20,0,12,6,2019,"('kolkata', 'banglore')",8529
Indigo,mumbai,hyderabad,90,0,no info,12,0,24,5,2019,"('mumbai', 'hyderabad')",4392
Indigo,kolkata,banglore,155,0,no info,17,15,15,4,2019,"('kolkata', 'banglore')",4174
Air India,kolkata,banglore,525,2,no info,14,30,6,6,2019,"('kolkata', 'banglore')",15894
Jet Airways,kolkata,banglore,665,1,in-flight meal not included,21,10,18,5,2019,"('kolkata', 'banglore')",8586
Jet Airways,delhi,cochin,1385,1,in-flight meal not included,19,45,21,3,2019,"('delhi', 'cochin')",5406
Jet Airways,banglore,new delhi,875,1,in-flight meal not included,18,55,12,3,2019,"('banglore', 'new delhi')",11087
Indigo,delhi,cochin,320,1,no info,2,5,3,3,2019,"('delhi', 'cochin')",10394
Air India,kolkata,banglore,1255,2,no info,16,50,9,5,2019,"('kolkata', 'banglore')",12592
Indigo,banglore,new delhi,170,0,no info,23,30,24,3,2019,"('banglore', 'new delhi')",6860
Air India,delhi,cochin,765,1,no info,20,40,3,6,2019,"('delhi', 'cochin')",7480
Indigo,delhi,cochin,345,1,no info,2,0,9,6,2019,"('delhi', 'cochin')",6386
Jet Airways,kolkata,banglore,980,1,in-flight meal not included,16,55,24,3,2019,"('kolkata', 'banglore')",11134
Air India,delhi,cochin,1380,2,no info,20,15,9,5,2019,"('delhi', 'cochin')",13591
Multiple Carriers,delhi,cochin,755,1,no info,6,40,27,5,2019,"('delhi', 'cochin')",8837
Air India,delhi,cochin,1210,2,no info,13,15,9,3,2019,"('delhi', 'cochin')",11622
Air India,kolkata,banglore,745,1,no info,20,30,9,5,2019,"('kolkata', 'banglore')",10203
Air India,banglore,delhi,165,0,no info,17,0,1,6,2019,"('banglore', 'delhi')",7171
Air India,delhi,cochin,555,1,no info,10,0,21,5,2019,"('delhi', 'cochin')",8372
Air India,delhi,cochin,1820,2,no info,12,55,18,5,2019,"('delhi', 'cochin')",13696
Air Asia,delhi,cochin,865,1,no info,16,45,27,4,2019,"('delhi', 'cochin')",6451
Vistara,banglore,delhi,165,0,no info,19,30,18,5,2019,"('banglore', 'delhi')",4878
Air India,delhi,cochin,435,2,no info,12,0,27,5,2019,"('delhi', 'cochin')",9653
Multiple Carriers,delhi,cochin,570,1,no info,6,0,21,3,2019,"('delhi', 'cochin')",11269
Air India,banglore,new delhi,2420,2,no info,5,50,3,3,2019,"('banglore', 'new delhi')",11791
Jet Airways,banglore,delhi,180,0,in-flight meal not included,8,20,15,5,2019,"('banglore', 'delhi')",4030
Jet Airways,kolkata,banglore,475,1,no info,8,25,18,5,2019,"('kolkata', 'banglore')",14781
Spicejet,chennai,kolkata,135,0,no info,8,20,21,5,2019,"('chennai', 'kolkata')",3597
Multiple Carriers,delhi,cochin,900,1,no info,6,0,21,5,2019,"('delhi', 'cochin')",7485
Air India,delhi,cochin,1105,2,no info,13,15,24,6,2019,"('delhi', 'cochin')",12497
Jet Airways,mumbai,hyderabad,90,0,in-flight meal not included,10,20,3,5,2019,"('mumbai', 'hyderabad')",4995
Multiple Carriers,delhi,cochin,690,1,no info,7,30,15,6,2019,"('delhi', 'cochin')",10877
Jet Airways,kolkata,banglore,740,1,in-flight meal not included,8,25,12,6,2019,"('kolkata', 'banglore')",9899
Jet Airways,kolkata,banglore,735,1,in-flight meal not included,8,25,24,3,2019,"('kolkata', 'banglore')",11134
Multiple Carriers,delhi,cochin,555,1,no info,10,0,12,6,2019,"('delhi', 'cochin')",14848
Jet Airways,delhi,cochin,1010,1,in-flight meal not included,19,45,15,6,2019,"('delhi', 'cochin')",10262
Multiple Carriers,delhi,cochin,575,1,in-flight meal not included,16,0,9,3,2019,"('delhi', 'cochin')",14086
Indigo,banglore,new delhi,175,0,no info,7,10,21,3,2019,"('banglore', 'new delhi')",6860
Indigo,mumbai,hyderabad,90,0,no info,2,35,3,5,2019,"('mumbai', 'hyderabad')",2754
Jet Airways,delhi,cochin,1145,1,in-flight meal not included,17,30,18,5,2019,"('delhi', 'cochin')",12373
Air India,mumbai,hyderabad,1440,1,no info,9,15,6,3,2019,"('mumbai', 'hyderabad')",9535
Jet Airways,delhi,cochin,1395,1,in-flight meal not included,19,45,15,6,2019,"('delhi', 'cochin')",10262
Jet Airways,delhi,cochin,1025,2,no info,19,30,18,5,2019,"('delhi', 'cochin')",13014
Air India,delhi,cochin,435,2,no info,12,0,27,3,2019,"('delhi', 'cochin')",10493
Jet Airways,mumbai,hyderabad,90,0,no info,19,35,21,3,2019,"('mumbai', 'hyderabad')",5678
Jet Airways,delhi,cochin,715,1,no info,7,5,27,5,2019,"('delhi', 'cochin')",16289
Multiple Carriers,delhi,cochin,780,1,no info,8,0,24,6,2019,"('delhi', 'cochin')",7618
Indigo,delhi,cochin,305,1,no info,23,30,24,6,2019,"('delhi', 'cochin')",9165
Jet Airways,delhi,cochin,1760,2,no info,23,5,27,5,2019,"('delhi', 'cochin')",16704
Air India,delhi,cochin,1580,2,no info,7,5,27,6,2019,"('delhi', 'cochin')",10975
Indigo,kolkata,banglore,290,1,no info,8,10,9,6,2019,"('kolkata', 'banglore')",5069
Vistara,banglore,new delhi,160,0,no info,19,40,24,3,2019,"('banglore', 'new delhi')",4563
Spicejet,banglore,new delhi,175,0,no info,9,35,21,3,2019,"('banglore', 'new delhi')",4945
Indigo,chennai,kolkata,140,0,no info,13,15,21,5,2019,"('chennai', 'kolkata')",3597
Multiple Carriers,delhi,cochin,850,2,in-flight meal not included,7,10,21,3,2019,"('delhi', 'cochin')",5935
Jet Airways,banglore,delhi,180,0,in-flight meal not included,7,10,9,4,2019,"('banglore', 'delhi')",4544
Multiple Carriers,delhi,cochin,630,1,no info,15,0,1,6,2019,"('delhi', 'cochin')",13377
Spicejet,kolkata,banglore,155,0,no info,6,55,21,4,2019,"('kolkata', 'banglore')",4174
Air Asia,banglore,delhi,170,0,no info,4,55,1,5,2019,"('banglore', 'delhi')",4282
Jet Airways,banglore,delhi,185,0,no info,18,55,9,6,2019,"('banglore', 'delhi')",8016
Jet Airways,delhi,cochin,1325,1,in-flight meal not included,20,55,3,6,2019,"('delhi', 'cochin')",10262
Jet Airways,delhi,cochin,1375,2,in-flight meal not included,5,30,18,5,2019,"('delhi', 'cochin')",13029
Multiple Carriers,delhi,cochin,675,1,no info,8,0,21,3,2019,"('delhi', 'cochin')",13378
Jet Airways,delhi,cochin,1260,1,no info,21,50,9,3,2019,"('delhi', 'cochin')",15764
Jet Airways,mumbai,hyderabad,90,0,no info,19,35,1,5,2019,"('mumbai', 'hyderabad')",5678
Air Asia,delhi,cochin,340,1,no info,16,45,27,5,2019,"('delhi', 'cochin')",6752
Indigo,mumbai,hyderabad,90,0,no info,2,35,21,6,2019,"('mumbai', 'hyderabad')",2754
Spicejet,kolkata,banglore,150,0,no info,17,10,27,5,2019,"('kolkata', 'banglore')",3873
Multiple Carriers,delhi,cochin,570,1,no info,16,0,1,6,2019,"('delhi', 'cochin')",13377
Air India,delhi,cochin,1275,2,no info,22,0,27,6,2019,"('delhi', 'cochin')",10441
Spicejet,chennai,kolkata,135,0,no info,9,45,27,5,2019,"('chennai', 'kolkata')",3597
Vistara,banglore,delhi,170,0,no info,11,30,24,4,2019,"('banglore', 'delhi')",5403
Air India,banglore,new delhi,170,0,no info,13,20,9,3,2019,"('banglore', 'new delhi')",8851
Indigo,chennai,kolkata,145,0,no info,11,35,15,6,2019,"('chennai', 'kolkata')",3858
Air India,delhi,cochin,1535,1,no info,5,15,24,6,2019,"('delhi', 'cochin')",6587
Jet Airways,banglore,delhi,185,0,in-flight meal not included,18,55,9,5,2019,"('banglore', 'delhi')",3702
Multiple Carriers,delhi,cochin,860,1,no info,4,55,12,6,2019,"('delhi', 'cochin')",7155
Jet Airways,mumbai,hyderabad,85,0,no info,7,10,6,3,2019,"('mumbai', 'hyderabad')",9536
Air India,banglore,new delhi,895,1,no info,8,15,21,3,2019,"('banglore', 'new delhi')",4943
Jet Airways,mumbai,hyderabad,90,0,in-flight meal not included,8,45,21,6,2019,"('mumbai', 'hyderabad')",4995
Multiple Carriers,delhi,cochin,455,1,no info,11,40,1,6,2019,"('delhi', 'cochin')",10261
Jet Airways,delhi,cochin,365,1,in-flight meal not included,22,20,6,3,2019,"('delhi', 'cochin')",12583
Jet Airways,delhi,cochin,1595,1,in-flight meal not included,10,0,1,4,2019,"('delhi', 'cochin')",5406
Spicejet,chennai,kolkata,135,0,no check-in baggage included,9,45,9,5,2019,"('chennai', 'kolkata')",3543
Air India,kolkata,banglore,1385,2,no info,9,50,21,5,2019,"('kolkata', 'banglore')",14960
Vistara,banglore,delhi,160,0,no info,7,0,24,5,2019,"('banglore', 'delhi')",4668
Multiple Carriers,delhi,cochin,910,1,no info,3,50,15,5,2019,"('delhi', 'cochin')",10197
Jet Airways,banglore,delhi,180,0,in-flight meal not included,17,45,21,4,2019,"('banglore', 'delhi')",4544
Air India,delhi,cochin,1210,2,no info,13,15,3,6,2019,"('delhi', 'cochin')",10467
Air India,delhi,cochin,1490,2,no info,6,50,6,3,2019,"('delhi', 'cochin')",20416
Vistara,delhi,cochin,190,0,no info,6,0,27,6,2019,"('delhi', 'cochin')",6216
Jet Airways,delhi,cochin,1375,2,no info,5,30,1,5,2019,"('delhi', 'cochin')",15129
Multiple Carriers,delhi,cochin,930,1,no info,10,0,1,6,2019,"('delhi', 'cochin')",7198
Spicejet,chennai,kolkata,135,0,no check-in baggage included,8,20,18,5,2019,"('chennai', 'kolkata')",3543
Multiple Carriers,delhi,cochin,440,1,no info,11,30,21,3,2019,"('delhi', 'cochin')",11622
Spicejet,banglore,delhi,160,0,no check-in baggage included,5,55,27,4,2019,"('banglore', 'delhi')",4319
Jet Airways,banglore,new delhi,780,1,no info,21,25,6,3,2019,"('banglore', 'new delhi')",17261
Air India,delhi,cochin,1640,1,no info,6,5,6,6,2019,"('delhi', 'cochin')",7952
Indigo,delhi,cochin,195,0,no info,14,25,1,6,2019,"('delhi', 'cochin')",6015
Jet Airways,kolkata,banglore,345,1,in-flight meal not included,14,5,12,5,2019,"('kolkata', 'banglore')",10844
Indigo,banglore,new delhi,180,0,no info,8,30,24,3,2019,"('banglore', 'new delhi')",6144
Jet Airways,kolkata,banglore,870,1,no info,20,25,15,5,2019,"('kolkata', 'banglore')",14151
Spicejet,kolkata,banglore,155,0,no info,6,55,21,5,2019,"('kolkata', 'banglore')",3873
Indigo,banglore,new delhi,260,1,no info,16,15,18,3,2019,"('banglore', 'new delhi')",4437
Jet Airways,kolkata,banglore,800,1,no info,18,55,12,6,2019,"('kolkata', 'banglore')",13044
Jet Airways,delhi,cochin,1375,2,no info,5,30,24,6,2019,"('delhi', 'cochin')",13014
Vistara,kolkata,banglore,355,1,no info,17,0,9,6,2019,"('kolkata', 'banglore')",9187
Vistara,kolkata,banglore,1065,1,no info,17,0,6,5,2019,"('kolkata', 'banglore')",8662
Jet Airways,banglore,delhi,165,0,in-flight meal not included,6,0,6,5,2019,"('banglore', 'delhi')",5198
Air India,banglore,new delhi,240,1,no info,8,15,15,3,2019,"('banglore', 'new delhi')",5013
Vistara,banglore,delhi,155,0,no info,17,0,15,4,2019,"('banglore', 'delhi')",5613
Indigo,banglore,delhi,170,0,no info,0,25,27,6,2019,"('banglore', 'delhi')",3419
Indigo,delhi,cochin,965,1,no info,4,55,27,5,2019,"('delhi', 'cochin')",8784
Spicejet,mumbai,hyderabad,90,0,no info,5,45,3,6,2019,"('mumbai', 'hyderabad')",2753
Indigo,banglore,delhi,170,0,no info,22,10,9,4,2019,"('banglore', 'delhi')",3943
Air India,delhi,cochin,955,1,no info,17,40,3,6,2019,"('delhi', 'cochin')",7258
Spicejet,chennai,kolkata,135,0,no check-in baggage included,9,45,3,5,2019,"('chennai', 'kolkata')",3859
Jet Airways,delhi,cochin,940,1,no info,20,55,3,6,2019,"('delhi', 'cochin')",14714
Jet Airways,kolkata,banglore,1295,1,no info,20,25,12,6,2019,"('kolkata', 'banglore')",12692
Spicejet,kolkata,banglore,435,1,no info,11,15,9,6,2019,"('kolkata', 'banglore')",9946
Indigo,banglore,delhi,170,0,no info,10,10,21,4,2019,"('banglore', 'delhi')",4591
Indigo,kolkata,banglore,275,1,no info,11,30,9,4,2019,"('kolkata', 'banglore')",4966
Air India,kolkata,banglore,150,0,no info,14,15,6,5,2019,"('kolkata', 'banglore')",5510
Spicejet,banglore,delhi,175,0,no check-in baggage included,21,10,3,4,2019,"('banglore', 'delhi')",3919
Air India,chennai,kolkata,135,0,no info,11,40,3,5,2019,"('chennai', 'kolkata')",4667
Jet Airways,kolkata,banglore,725,1,no info,21,10,24,3,2019,"('kolkata', 'banglore')",14231
Jet Airways,kolkata,banglore,425,1,no info,16,30,24,5,2019,"('kolkata', 'banglore')",14571
Goair,delhi,cochin,370,1,no info,7,25,27,5,2019,"('delhi', 'cochin')",6841
Spicejet,mumbai,hyderabad,90,0,no info,22,45,18,6,2019,"('mumbai', 'hyderabad')",2017
Jet Airways,delhi,cochin,1105,1,in-flight meal not included,10,0,9,5,2019,"('delhi', 'cochin')",12373
Multiple Carriers,delhi,cochin,780,1,no info,8,0,15,6,2019,"('delhi', 'cochin')",13587
Spicejet,delhi,cochin,295,1,no info,17,55,27,6,2019,"('delhi', 'cochin')",4957
Vistara,banglore,delhi,170,0,no info,21,0,1,6,2019,"('banglore', 'delhi')",4668
Indigo,kolkata,banglore,220,1,no info,19,35,9,6,2019,"('kolkata', 'banglore')",5276
Spicejet,kolkata,banglore,150,0,no check-in baggage included,9,0,21,3,2019,"('kolkata', 'banglore')",3815
Indigo,banglore,delhi,170,0,no info,10,10,6,5,2019,"('banglore', 'delhi')",3943
Air India,delhi,cochin,180,0,no info,14,10,27,5,2019,"('delhi', 'cochin')",6934
Indigo,delhi,cochin,515,1,no info,7,35,9,3,2019,"('delhi', 'cochin')",6674
Jet Airways,delhi,cochin,1100,1,in-flight meal not included,18,15,1,6,2019,"('delhi', 'cochin')",10262
Indigo,delhi,cochin,940,1,no info,6,50,15,5,2019,"('delhi', 'cochin')",6442
Jet Airways,delhi,cochin,660,1,no info,8,0,9,5,2019,"('delhi', 'cochin')",15554
Multiple Carriers,delhi,cochin,480,1,no info,17,30,27,5,2019,"('delhi', 'cochin')",13377
Multiple Carriers,delhi,cochin,780,1,no info,8,0,12,6,2019,"('delhi', 'cochin')",13797
Spicejet,kolkata,banglore,150,0,no check-in baggage included,17,10,24,4,2019,"('kolkata', 'banglore')",3841
Indigo,delhi,cochin,575,1,no info,11,25,18,5,2019,"('delhi', 'cochin')",7191
Goair,banglore,new delhi,270,1,no info,15,45,15,3,2019,"('banglore', 'new delhi')",7657
Air India,delhi,cochin,875,1,no info,17,40,12,6,2019,"('delhi', 'cochin')",8991
Air India,delhi,cochin,1595,2,no info,16,40,6,6,2019,"('delhi', 'cochin')",9653
Indigo,mumbai,hyderabad,90,0,no info,21,20,1,6,2019,"('mumbai', 'hyderabad')",2227
Jet Airways,banglore,new delhi,965,1,1 long layover,16,55,1,3,2019,"('banglore', 'new delhi')",25735
Jet Airways,kolkata,banglore,890,1,in-flight meal not included,21,10,9,6,2019,"('kolkata', 'banglore')",10844
Jet Airways,delhi,cochin,1390,2,no info,13,25,24,6,2019,"('delhi', 'cochin')",12819
Vistara,banglore,new delhi,160,0,no info,7,0,15,3,2019,"('banglore', 'new delhi')",6138
Jet Airways,kolkata,banglore,730,1,no info,16,30,12,5,2019,"('kolkata', 'banglore')",14388
Indigo,banglore,delhi,170,0,no info,23,30,15,4,2019,"('banglore', 'delhi')",4591
Indigo,banglore,delhi,175,0,no info,7,10,12,6,2019,"('banglore', 'delhi')",4823
Jet Airways,kolkata,banglore,840,1,no info,9,35,24,5,2019,"('kolkata', 'banglore')",14151
Jet Airways,delhi,cochin,1025,2,in-flight meal not included,19,30,9,6,2019,"('delhi', 'cochin')",10368
Jet Airways,banglore,delhi,180,0,no info,19,50,6,5,2019,"('banglore', 'delhi')",7229
Multiple Carriers,delhi,cochin,765,1,no info,12,50,21,3,2019,"('delhi', 'cochin')",7695
Spicejet,mumbai,hyderabad,90,0,no info,5,45,15,6,2019,"('mumbai', 'hyderabad')",2753
Jet Airways,kolkata,banglore,1330,1,in-flight meal not included,6,30,6,6,2019,"('kolkata', 'banglore')",8586
Jet Airways,delhi,cochin,1760,2,no info,23,5,1,5,2019,"('delhi', 'cochin')",16704
Spicejet,delhi,cochin,315,1,no info,6,5,18,5,2019,"('delhi', 'cochin')",6297
Jet Airways,kolkata,banglore,1630,1,no info,20,25,12,5,2019,"('kolkata', 'banglore')",10953
Indigo,delhi,cochin,345,1,no info,2,0,27,5,2019,"('delhi', 'cochin')",6147
Indigo,mumbai,hyderabad,90,0,no info,9,10,1,5,2019,"('mumbai', 'hyderabad')",4575
Jet Airways,delhi,cochin,1165,1,in-flight meal not included,9,0,6,3,2019,"('delhi', 'cochin')",13843
Indigo,delhi,cochin,515,1,no info,4,45,21,3,2019,"('delhi', 'cochin')",7738
Vistara,chennai,kolkata,135,0,no info,7,5,6,5,2019,"('chennai', 'kolkata')",3687
Air India,delhi,cochin,2185,2,no info,6,50,21,3,2019,"('delhi', 'cochin')",10756
Jet Airways,banglore,new delhi,845,1,no info,8,55,6,3,2019,"('banglore', 'new delhi')",16736
Spicejet,banglore,delhi,170,0,no info,9,30,27,5,2019,"('banglore', 'delhi')",3625
Air Asia,banglore,delhi,170,0,no info,23,55,18,4,2019,"('banglore', 'delhi')",4483
Jet Airways,kolkata,banglore,1075,1,in-flight meal not included,17,0,9,5,2019,"('kolkata', 'banglore')",8066
Jet Airways,kolkata,banglore,1655,1,in-flight meal not included,8,25,9,5,2019,"('kolkata', 'banglore')",9663
Indigo,kolkata,banglore,155,0,no info,20,20,6,4,2019,"('kolkata', 'banglore')",4174
Air India,delhi,cochin,965,1,no info,17,20,24,6,2019,"('delhi', 'cochin')",7480
Jet Airways,kolkata,banglore,1200,1,in-flight meal not included,14,5,21,5,2019,"('kolkata', 'banglore')",9663
Jet Airways,kolkata,banglore,1685,1,no info,17,0,9,6,2019,"('kolkata', 'banglore')",12692
Air India,kolkata,banglore,1625,2,no info,5,50,12,6,2019,"('kolkata', 'banglore')",12723
Air India,delhi,cochin,1595,2,no info,16,40,3,3,2019,"('delhi', 'cochin')",14221
Indigo,delhi,cochin,290,1,no info,15,10,15,6,2019,"('delhi', 'cochin')",6147
Air India,delhi,cochin,1585,3,no info,5,15,27,6,2019,"('delhi', 'cochin')",11543
Air India,delhi,cochin,1255,1,no info,12,30,9,5,2019,"('delhi', 'cochin')",7480
Jet Airways,kolkata,banglore,1015,1,in-flight meal not included,6,30,24,3,2019,"('kolkata', 'banglore')",8824
Multiple Carriers,delhi,cochin,615,1,no info,9,0,1,5,2019,"('delhi', 'cochin')",15373
Multiple Carriers,delhi,cochin,755,1,no info,9,45,3,3,2019,"('delhi', 'cochin')",13838
Indigo,chennai,kolkata,165,0,no info,15,40,18,5,2019,"('chennai', 'kolkata')",3850
Air India,kolkata,banglore,1665,2,no info,10,0,1,5,2019,"('kolkata', 'banglore')",15164
Jet Airways,kolkata,banglore,800,1,no info,18,55,6,6,2019,"('kolkata', 'banglore')",14571
Vistara,delhi,cochin,190,0,no info,14,40,15,4,2019,"('delhi', 'cochin')",6216
Air Asia,delhi,cochin,870,1,no info,7,55,1,6,2019,"('delhi', 'cochin')",8759
Indigo,delhi,cochin,965,1,no info,4,55,24,4,2019,"('delhi', 'cochin')",6162
Jet Airways,kolkata,banglore,1415,1,in-flight meal not included,21,10,15,5,2019,"('kolkata', 'banglore')",10844
Indigo,delhi,cochin,345,1,no info,2,0,6,6,2019,"('delhi', 'cochin')",6386
Vistara,chennai,kolkata,135,0,no info,7,5,18,5,2019,"('chennai', 'kolkata')",3687
Jet Airways,kolkata,banglore,800,1,no info,6,30,15,5,2019,"('kolkata', 'banglore')",14781
Air India,delhi,cochin,795,1,no info,9,45,15,6,2019,"('delhi', 'cochin')",8907
Jet Airways,kolkata,banglore,840,1,no info,9,35,12,6,2019,"('kolkata', 'banglore')",12692
Air India,delhi,cochin,1580,2,no info,7,5,21,5,2019,"('delhi', 'cochin')",10975
Air India,kolkata,banglore,1830,2,no info,12,0,1,5,2019,"('kolkata', 'banglore')",10151
Spicejet,banglore,delhi,160,0,no info,5,55,9,4,2019,"('banglore', 'delhi')",3971
Air India,delhi,cochin,735,1,no info,7,0,6,3,2019,"('delhi', 'cochin')",15809
Jet Airways,delhi,cochin,1140,2,no info,9,25,15,6,2019,"('delhi', 'cochin')",13882
Indigo,banglore,new delhi,175,0,no info,7,10,1,3,2019,"('banglore', 'new delhi')",11934
Jet Airways,mumbai,hyderabad,90,0,no info,19,35,1,4,2019,"('mumbai', 'hyderabad')",5678
Air India,kolkata,banglore,1650,3,no info,7,0,6,5,2019,"('kolkata', 'banglore')",13007
Multiple Carriers,delhi,cochin,510,1,no info,17,0,12,6,2019,"('delhi', 'cochin')",7198
Jet Airways,delhi,cochin,535,2,no info,19,30,6,6,2019,"('delhi', 'cochin')",13014
Air India,mumbai,hyderabad,75,0,no info,19,30,12,3,2019,"('mumbai', 'hyderabad')",4307
Vistara,kolkata,banglore,790,1,no info,7,10,21,5,2019,"('kolkata', 'banglore')",9345
Jet Airways,banglore,new delhi,550,1,no info,5,50,12,3,2019,"('banglore', 'new delhi')",11297
Multiple Carriers,delhi,cochin,720,1,no info,7,0,3,6,2019,"('delhi', 'cochin')",12402
Indigo,banglore,delhi,175,0,no info,18,25,9,4,2019,"('banglore', 'delhi')",4823
Indigo,delhi,cochin,845,1,no info,11,25,9,4,2019,"('delhi', 'cochin')",6270
Air India,banglore,new delhi,1475,1,no info,8,15,3,3,2019,"('banglore', 'new delhi')",6781
Jet Airways,kolkata,banglore,1545,1,in-flight meal not included,16,30,1,4,2019,"('kolkata', 'banglore')",7064
Jet Airways,delhi,cochin,1355,1,in-flight meal not included,14,0,9,5,2019,"('delhi', 'cochin')",12373
Vistara,kolkata,banglore,1440,1,no info,20,20,24,5,2019,"('kolkata', 'banglore')",9345
Jet Airways,delhi,cochin,425,2,in-flight meal not included,5,30,3,6,2019,"('delhi', 'cochin')",13344
Indigo,mumbai,hyderabad,90,0,no info,9,10,12,5,2019,"('mumbai', 'hyderabad')",4049
Indigo,kolkata,banglore,155,0,no info,11,30,21,4,2019,"('kolkata', 'banglore')",5644
Jet Airways,banglore,delhi,185,0,in-flight meal not included,18,55,6,6,2019,"('banglore', 'delhi')",7229
Vistara,banglore,delhi,155,0,no info,17,0,24,4,2019,"('banglore', 'delhi')",5613
Jet Airways,delhi,cochin,1210,1,no info,22,50,27,5,2019,"('delhi', 'cochin')",16079
Goair,delhi,cochin,540,1,no info,10,35,27,4,2019,"('delhi', 'cochin')",6922
Jet Airways,kolkata,banglore,1660,1,in-flight meal not included,18,55,15,5,2019,"('kolkata', 'banglore')",10844
Vistara,kolkata,banglore,1065,1,no info,17,0,1,4,2019,"('kolkata', 'banglore')",9187
Air India,banglore,new delhi,830,1,no info,6,45,12,3,2019,"('banglore', 'new delhi')",12127
Air India,kolkata,banglore,875,2,no info,5,50,9,6,2019,"('kolkata', 'banglore')",11201
Air India,kolkata,banglore,1195,2,no info,12,0,1,5,2019,"('kolkata', 'banglore')",10151
Jet Airways,delhi,cochin,1615,2,no info,9,40,15,6,2019,"('delhi', 'cochin')",13014
Jet Airways,delhi,cochin,450,1,no info,11,30,9,6,2019,"('delhi', 'cochin')",14714
Air India,kolkata,banglore,1215,2,no info,17,30,1,5,2019,"('kolkata', 'banglore')",15164
Indigo,delhi,cochin,325,1,no info,2,0,15,6,2019,"('delhi', 'cochin')",5636
Indigo,kolkata,banglore,155,0,no info,4,40,12,4,2019,"('kolkata', 'banglore')",4174
Spicejet,delhi,cochin,315,1,no info,6,5,27,5,2019,"('delhi', 'cochin')",6749
Indigo,kolkata,banglore,155,0,no info,22,15,24,5,2019,"('kolkata', 'banglore')",4804
Jet Airways,delhi,cochin,395,1,no info,21,50,18,5,2019,"('delhi', 'cochin')",15554
Indigo,kolkata,banglore,150,0,no info,15,15,6,6,2019,"('kolkata', 'banglore')",4804
Air India,delhi,cochin,1275,2,no info,22,0,1,6,2019,"('delhi', 'cochin')",10441
Jet Airways,mumbai,hyderabad,90,0,in-flight meal not included,19,35,6,5,2019,"('mumbai', 'hyderabad')",2228
Spicejet,chennai,kolkata,135,0,no info,8,20,9,6,2019,"('chennai', 'kolkata')",3597
Jet Airways,kolkata,banglore,520,1,in-flight meal not included,20,0,9,6,2019,"('kolkata', 'banglore')",9663
Jet Airways,banglore,delhi,165,0,in-flight meal not included,6,0,21,5,2019,"('banglore', 'delhi')",4030
Indigo,mumbai,hyderabad,90,0,no info,16,55,27,5,2019,"('mumbai', 'hyderabad')",3175
Spicejet,chennai,kolkata,155,0,no check-in baggage included,9,30,21,3,2019,"('chennai', 'kolkata')",3332
Multiple Carriers,delhi,cochin,920,1,no info,7,10,18,5,2019,"('delhi', 'cochin')",7740
Air India,kolkata,banglore,895,2,no info,8,20,21,5,2019,"('kolkata', 'banglore')",13164
Goair,banglore,delhi,170,0,no info,11,40,6,6,2019,"('banglore', 'delhi')",3898
Jet Airways,kolkata,banglore,1685,1,no info,17,0,9,5,2019,"('kolkata', 'banglore')",13067
Air India,delhi,cochin,1410,2,no info,19,45,18,5,2019,"('delhi', 'cochin')",10651
Multiple Carriers,delhi,cochin,625,2,no info,15,5,6,6,2019,"('delhi', 'cochin')",15965
Jet Airways,delhi,cochin,865,1,in-flight meal not included,14,0,6,6,2019,"('delhi', 'cochin')",10262
Jet Airways,banglore,delhi,180,0,no info,17,45,24,6,2019,"('banglore', 'delhi')",8016
Air India,delhi,cochin,1100,2,no info,13,20,15,6,2019,"('delhi', 'cochin')",12121
Air India,delhi,cochin,1105,2,no info,13,15,27,6,2019,"('delhi', 'cochin')",13547
Spicejet,kolkata,banglore,150,0,no check-in baggage included,17,10,6,4,2019,"('kolkata', 'banglore')",3841
Vistara,kolkata,banglore,630,1,no info,9,55,24,3,2019,"('kolkata', 'banglore')",12312
Air India,mumbai,hyderabad,80,0,no info,21,5,21,6,2019,"('mumbai', 'hyderabad')",3100
Jet Airways,kolkata,banglore,1540,1,in-flight meal not included,8,25,12,6,2019,"('kolkata', 'banglore')",8529
Jet Airways,delhi,cochin,1415,1,in-flight meal not included,13,0,9,6,2019,"('delhi', 'cochin')",10262
Spicejet,kolkata,banglore,520,1,no info,8,35,12,6,2019,"('kolkata', 'banglore')",7189
Jet Airways,banglore,delhi,185,0,no info,18,55,21,5,2019,"('banglore', 'delhi')",7229
Spicejet,kolkata,banglore,160,0,no check-in baggage included,6,55,21,3,2019,"('kolkata', 'banglore')",3815
Multiple Carriers,delhi,cochin,705,1,no info,7,30,27,6,2019,"('delhi', 'cochin')",8266
Indigo,delhi,cochin,705,1,no info,9,15,15,5,2019,"('delhi', 'cochin')",7503
Air Asia,kolkata,banglore,150,0,no info,19,55,18,6,2019,"('kolkata', 'banglore')",3807
Jet Airways,banglore,new delhi,800,1,no info,18,55,12,3,2019,"('banglore', 'new delhi')",13817
Jet Airways,delhi,cochin,1005,1,no info,2,15,21,5,2019,"('delhi', 'cochin')",16079
Jet Airways,delhi,cochin,1015,1,in-flight meal not included,11,30,27,3,2019,"('delhi', 'cochin')",6017
Indigo,delhi,cochin,570,1,no info,16,0,27,5,2019,"('delhi', 'cochin')",7048
Air India,delhi,cochin,1420,2,no info,9,45,3,3,2019,"('delhi', 'cochin')",12760
Vistara,kolkata,banglore,1350,1,no info,20,20,21,5,2019,"('kolkata', 'banglore')",9345
Jet Airways,delhi,cochin,1025,2,in-flight meal not included,19,30,27,5,2019,"('delhi', 'cochin')",13029
Jet Airways,kolkata,banglore,800,1,in-flight meal not included,6,30,9,5,2019,"('kolkata', 'banglore')",10844
Jet Airways,delhi,cochin,1325,1,no info,20,55,6,6,2019,"('delhi', 'cochin')",14714
Spicejet,kolkata,banglore,150,0,no check-in baggage included,14,55,27,4,2019,"('kolkata', 'banglore')",3841
Goair,delhi,cochin,370,1,no info,7,25,12,6,2019,"('delhi', 'cochin')",5842
Indigo,delhi,cochin,455,1,no info,8,35,12,6,2019,"('delhi', 'cochin')",6442
Jet Airways,delhi,cochin,1395,1,in-flight meal not included,19,45,3,6,2019,"('delhi', 'cochin')",10262
Jet Airways,delhi,cochin,1570,1,in-flight meal not included,2,15,18,5,2019,"('delhi', 'cochin')",12373
Air Asia,banglore,delhi,170,0,no info,4,55,15,5,2019,"('banglore', 'delhi')",4282
Air India,mumbai,hyderabad,1995,2,no info,6,0,6,3,2019,"('mumbai', 'hyderabad')",14219
Multiple Carriers,delhi,cochin,870,1,no info,4,45,21,3,2019,"('delhi', 'cochin')",6630
Jet Airways,kolkata,banglore,845,1,in-flight meal not included,20,0,15,5,2019,"('kolkata', 'banglore')",8586
Multiple Carriers,delhi,cochin,840,1,no info,7,0,3,6,2019,"('delhi', 'cochin')",7618
Indigo,kolkata,banglore,265,1,no info,19,20,12,6,2019,"('kolkata', 'banglore')",3574
Multiple Carriers,delhi,cochin,930,1,no info,10,0,12,6,2019,"('delhi', 'cochin')",13377
Spicejet,kolkata,banglore,140,0,no info,22,20,3,3,2019,"('kolkata', 'banglore')",5515
Jet Airways,kolkata,banglore,1025,1,in-flight meal not included,6,30,15,5,2019,"('kolkata', 'banglore')",8586
Air India,kolkata,banglore,1165,2,no info,10,0,9,5,2019,"('kolkata', 'banglore')",14424
Jet Airways,kolkata,banglore,910,1,in-flight meal not included,18,55,6,5,2019,"('kolkata', 'banglore')",7757
Multiple Carriers,delhi,cochin,660,1,no info,8,0,27,6,2019,"('delhi', 'cochin')",12192
Vistara,mumbai,hyderabad,670,1,no info,8,45,6,3,2019,"('mumbai', 'hyderabad')",12395
Air Asia,delhi,cochin,470,1,no info,7,55,9,6,2019,"('delhi', 'cochin')",8759
Jet Airways,delhi,cochin,535,2,in-flight meal not included,19,30,9,6,2019,"('delhi', 'cochin')",10368
Jet Airways,delhi,cochin,1140,2,no info,9,25,12,6,2019,"('delhi', 'cochin')",13882
Jet Airways,delhi,cochin,1005,1,in-flight meal not included,2,15,27,5,2019,"('delhi', 'cochin')",12898
Jet Airways,delhi,cochin,1610,1,no info,16,0,21,3,2019,"('delhi', 'cochin')",12557
Indigo,kolkata,banglore,155,0,no info,17,15,12,4,2019,"('kolkata', 'banglore')",4174
Air India,delhi,cochin,1580,2,no info,7,5,15,5,2019,"('delhi', 'cochin')",10975
Indigo,delhi,cochin,325,1,no info,2,0,1,4,2019,"('delhi', 'cochin')",5164
Multiple Carriers,delhi,cochin,630,1,no info,8,45,15,5,2019,"('delhi', 'cochin')",8266
Air India,delhi,cochin,1580,2,no info,16,55,3,6,2019,"('delhi', 'cochin')",13381
Vistara,banglore,new delhi,160,0,no info,19,40,18,3,2019,"('banglore', 'new delhi')",12123
Jet Airways,banglore,delhi,175,0,in-flight meal not included,15,15,12,6,2019,"('banglore', 'delhi')",5769
Air India,delhi,cochin,1590,1,no info,20,30,12,6,2019,"('delhi', 'cochin')",8907
Jet Airways,delhi,cochin,1505,1,in-flight meal not included,11,30,1,6,2019,"('delhi', 'cochin')",10262
Jet Airways,kolkata,banglore,1495,1,no info,19,45,24,3,2019,"('kolkata', 'banglore')",13759
Spicejet,chennai,kolkata,135,0,no info,8,20,3,6,2019,"('chennai', 'kolkata')",3597
Air India,delhi,cochin,170,0,no info,5,10,18,5,2019,"('delhi', 'cochin')",6934
Jet Airways,delhi,cochin,1005,1,in-flight meal not included,2,15,3,6,2019,"('delhi', 'cochin')",10262
Multiple Carriers,delhi,cochin,615,1,no info,8,45,3,6,2019,"('delhi', 'cochin')",12524
Jet Airways,kolkata,banglore,1200,1,no info,14,5,1,5,2019,"('kolkata', 'banglore')",13941
Air Asia,delhi,cochin,470,1,no info,7,55,12,6,2019,"('delhi', 'cochin')",6152
Air India,kolkata,banglore,960,1,no info,20,30,24,3,2019,"('kolkata', 'banglore')",12173
Spicejet,kolkata,banglore,145,0,no info,9,0,21,6,2019,"('kolkata', 'banglore')",3873
Air Asia,kolkata,banglore,220,1,no info,6,50,18,5,2019,"('kolkata', 'banglore')",6857
Vistara,kolkata,banglore,930,1,no info,7,10,12,6,2019,"('kolkata', 'banglore')",8452
Air India,banglore,new delhi,165,0,no info,21,10,24,3,2019,"('banglore', 'new delhi')",4441
Spicejet,kolkata,banglore,315,1,no info,15,5,3,4,2019,"('kolkata', 'banglore')",4649
Jet Airways,banglore,new delhi,950,1,no info,8,55,1,3,2019,"('banglore', 'new delhi')",26890
Jet Airways,kolkata,banglore,840,1,no info,9,35,21,5,2019,"('kolkata', 'banglore')",14151
Indigo,chennai,kolkata,140,0,no info,14,45,15,6,2019,"('chennai', 'kolkata')",3597
Jet Airways,kolkata,banglore,1330,1,no info,6,30,9,5,2019,"('kolkata', 'banglore')",13941
Jet Airways,delhi,cochin,620,1,in-flight meal not included,2,15,1,6,2019,"('delhi', 'cochin')",10262
Goair,banglore,new delhi,175,0,no info,11,40,24,3,2019,"('banglore', 'new delhi')",3898
Multiple Carriers,delhi,cochin,540,1,no info,7,10,12,6,2019,"('delhi', 'cochin')",6513
Jet Airways,kolkata,banglore,690,1,in-flight meal not included,9,35,12,6,2019,"('kolkata', 'banglore')",10539
Multiple Carriers,delhi,cochin,570,1,no info,11,30,27,5,2019,"('delhi', 'cochin')",13587
Jet Airways,delhi,cochin,865,1,no info,14,0,1,6,2019,"('delhi', 'cochin')",14714
Multiple Carriers,delhi,cochin,505,1,no info,7,5,27,3,2019,"('delhi', 'cochin')",12537
Spicejet,banglore,delhi,160,0,no info,5,55,6,6,2019,"('banglore', 'delhi')",3625
Indigo,kolkata,banglore,160,0,no info,21,25,21,6,2019,"('kolkata', 'banglore')",4804
Multiple Carriers,delhi,cochin,435,1,no info,18,15,12,6,2019,"('delhi', 'cochin')",13377
Air India,chennai,kolkata,135,0,no info,11,40,12,6,2019,"('chennai', 'kolkata')",4667
Air India,kolkata,banglore,1390,2,no info,12,0,12,5,2019,"('kolkata', 'banglore')",10676
Air India,kolkata,banglore,150,0,no info,14,15,24,5,2019,"('kolkata', 'banglore')",5510
Indigo,banglore,delhi,165,0,no info,1,30,24,5,2019,"('banglore', 'delhi')",3419
Jet Airways,kolkata,banglore,520,1,no info,20,0,12,6,2019,"('kolkata', 'banglore')",12576
Indigo,banglore,delhi,170,0,no info,13,0,24,4,2019,"('banglore', 'delhi')",4423
Jet Airways,delhi,cochin,1615,2,no info,9,40,6,5,2019,"('delhi', 'cochin')",15129
Air Asia,delhi,cochin,865,1,no info,16,45,21,5,2019,"('delhi', 'cochin')",8327
Indigo,delhi,cochin,305,1,no info,23,30,15,5,2019,"('delhi', 'cochin')",10123
Multiple Carriers,delhi,cochin,490,1,no info,12,50,6,6,2019,"('delhi', 'cochin')",7005
Jet Airways,kolkata,banglore,1520,1,no info,9,35,1,4,2019,"('kolkata', 'banglore')",11467
Spicejet,kolkata,banglore,145,0,no check-in baggage included,9,0,1,5,2019,"('kolkata', 'banglore')",3841
Air India,kolkata,banglore,1840,2,no info,5,50,6,6,2019,"('kolkata', 'banglore')",12723
Jet Airways,kolkata,banglore,850,1,no info,8,25,18,5,2019,"('kolkata', 'banglore')",14781
Jet Airways,banglore,new delhi,1280,1,no info,11,40,1,3,2019,"('banglore', 'new delhi')",20800
Air Asia,kolkata,banglore,155,0,no info,10,20,9,3,2019,"('kolkata', 'banglore')",4384
Indigo,kolkata,banglore,150,0,no info,14,25,6,6,2019,"('kolkata', 'banglore')",4804
Indigo,kolkata,banglore,160,0,no info,21,25,6,6,2019,"('kolkata', 'banglore')",4804
Indigo,banglore,delhi,165,0,no info,1,30,1,6,2019,"('banglore', 'delhi')",4077
Multiple Carriers,delhi,cochin,460,1,no info,4,55,3,6,2019,"('delhi', 'cochin')",11622
Spicejet,kolkata,banglore,150,0,no check-in baggage included,17,10,27,4,2019,"('kolkata', 'banglore')",3841
Jet Airways,mumbai,hyderabad,85,0,in-flight meal not included,2,55,3,6,2019,"('mumbai', 'hyderabad')",4050
Jet Airways,kolkata,banglore,875,1,in-flight meal not included,14,5,6,5,2019,"('kolkata', 'banglore')",9663
Jet Airways,kolkata,banglore,775,1,in-flight meal not included,21,10,9,6,2019,"('kolkata', 'banglore')",11841
Jet Airways,kolkata,banglore,475,1,in-flight meal not included,8,25,6,5,2019,"('kolkata', 'banglore')",10844
Jet Airways,kolkata,banglore,1335,1,in-flight meal not included,20,0,12,5,2019,"('kolkata', 'banglore')",10844
Indigo,banglore,delhi,180,0,no info,16,55,27,5,2019,"('banglore', 'delhi')",4823
Jet Airways,banglore,new delhi,625,1,no info,5,45,6,3,2019,"('banglore', 'new delhi')",16736
Multiple Carriers,delhi,cochin,780,1,no info,0,20,1,3,2019,"('delhi', 'cochin')",29528
Air India,delhi,cochin,170,0,no info,5,10,3,3,2019,"('delhi', 'cochin')",7931
Jet Airways,delhi,cochin,1475,2,no info,19,10,6,3,2019,"('delhi', 'cochin')",21954
Jet Airways,kolkata,banglore,590,1,in-flight meal not included,6,30,12,5,2019,"('kolkata', 'banglore')",10844
Air India,kolkata,banglore,155,0,no info,20,45,27,6,2019,"('kolkata', 'banglore')",4145
Indigo,delhi,cochin,415,1,no info,18,35,1,5,2019,"('delhi', 'cochin')",8854
Jet Airways,kolkata,banglore,1080,1,in-flight meal not included,20,25,24,5,2019,"('kolkata', 'banglore')",10703
Jet Airways,kolkata,banglore,800,1,no info,20,0,12,6,2019,"('kolkata', 'banglore')",13044
Jet Airways,kolkata,banglore,590,1,no info,6,30,6,5,2019,"('kolkata', 'banglore')",14781
Indigo,delhi,cochin,370,1,no info,16,10,21,3,2019,"('delhi', 'cochin')",6528
Air India,banglore,delhi,165,0,no info,17,0,21,4,2019,"('banglore', 'delhi')",5438
Air India,delhi,cochin,1245,2,no info,10,55,27,5,2019,"('delhi', 'cochin')",13643
Air India,delhi,cochin,1470,2,no info,18,45,24,6,2019,"('delhi', 'cochin')",11732
Jet Airways,banglore,delhi,165,0,no info,6,0,12,6,2019,"('banglore', 'delhi')",8016
Jet Airways,kolkata,banglore,800,1,no info,20,25,15,5,2019,"('kolkata', 'banglore')",13067
Jet Airways,banglore,new delhi,1265,1,no info,8,0,1,3,2019,"('banglore', 'new delhi')",22270
Multiple Carriers,delhi,cochin,630,1,no info,8,45,12,6,2019,"('delhi', 'cochin')",8266
Jet Airways,delhi,cochin,810,2,no info,23,5,27,5,2019,"('delhi', 'cochin')",15129
Spicejet,banglore,new delhi,475,1,no info,10,20,1,3,2019,"('banglore', 'new delhi')",23267
Jet Airways,delhi,cochin,300,1,in-flight meal not included,14,0,12,6,2019,"('delhi', 'cochin')",10262
Goair,banglore,delhi,170,0,no info,11,40,1,5,2019,"('banglore', 'delhi')",4340
Jet Airways,kolkata,banglore,1730,1,in-flight meal not included,9,35,1,5,2019,"('kolkata', 'banglore')",9314
Multiple Carriers,delhi,cochin,910,1,in-flight meal not included,7,10,3,3,2019,"('delhi', 'cochin')",11125
Air India,delhi,cochin,865,2,no info,17,15,9,4,2019,"('delhi', 'cochin')",8052
Vistara,chennai,kolkata,140,0,no info,17,45,18,6,2019,"('chennai', 'kolkata')",11982
Vistara,banglore,new delhi,355,1,no info,6,40,3,3,2019,"('banglore', 'new delhi')",12476
Indigo,mumbai,hyderabad,90,0,no info,6,25,15,6,2019,"('mumbai', 'hyderabad')",4049
Indigo,banglore,delhi,170,0,no info,4,0,18,6,2019,"('banglore', 'delhi')",3943
Jet Airways,kolkata,banglore,1545,1,in-flight meal not included,6,30,21,5,2019,"('kolkata', 'banglore')",8586
Jet Airways,kolkata,banglore,685,1,in-flight meal not included,8,25,1,4,2019,"('kolkata', 'banglore')",7064
Jet Airways,kolkata,banglore,1055,1,no info,16,30,9,5,2019,"('kolkata', 'banglore')",13941
Indigo,delhi,cochin,315,1,no info,7,15,6,6,2019,"('delhi', 'cochin')",6582
Vistara,kolkata,banglore,1350,1,no info,20,20,24,5,2019,"('kolkata', 'banglore')",9345
Jet Airways,banglore,delhi,180,0,in-flight meal not included,17,45,1,4,2019,"('banglore', 'delhi')",4544
Vistara,kolkata,banglore,1550,1,no info,17,0,1,5,2019,"('kolkata', 'banglore')",8610
Indigo,banglore,delhi,165,0,no info,1,30,15,5,2019,"('banglore', 'delhi')",3419
Spicejet,banglore,new delhi,175,0,no info,9,35,24,3,2019,"('banglore', 'new delhi')",6309
Multiple Carriers,delhi,cochin,835,1,in-flight meal not included,7,5,27,5,2019,"('delhi', 'cochin')",10406
Multiple Carriers,delhi,cochin,925,1,no info,7,5,15,6,2019,"('delhi', 'cochin')",9646
Jet Airways,delhi,cochin,810,2,in-flight meal not included,5,30,6,6,2019,"('delhi', 'cochin')",11507
Jet Airways,kolkata,banglore,775,1,in-flight meal not included,21,10,24,5,2019,"('kolkata', 'banglore')",9663
Jet Airways,kolkata,banglore,450,1,no info,21,10,18,5,2019,"('kolkata', 'banglore')",13941
Jet Airways,kolkata,banglore,960,1,in-flight meal not included,20,0,21,5,2019,"('kolkata', 'banglore')",10844
Air India,banglore,new delhi,435,2,no info,10,30,18,3,2019,"('banglore', 'new delhi')",13261
Jet Airways,kolkata,banglore,800,1,no info,20,25,21,5,2019,"('kolkata', 'banglore')",13067
Indigo,delhi,cochin,345,1,no info,2,0,12,6,2019,"('delhi', 'cochin')",6386
Air Asia,delhi,cochin,830,1,no info,16,45,24,6,2019,"('delhi', 'cochin')",6752
Jet Airways,kolkata,banglore,585,1,no info,18,55,12,6,2019,"('kolkata', 'banglore')",12576
Jet Airways,delhi,cochin,425,2,in-flight meal not included,5,30,12,6,2019,"('delhi', 'cochin')",13344
Vistara,chennai,kolkata,135,0,no info,7,5,21,5,2019,"('chennai', 'kolkata')",3687
Indigo,banglore,delhi,180,0,no info,21,15,12,4,2019,"('banglore', 'delhi')",4990
Indigo,mumbai,hyderabad,90,0,no info,16,55,18,3,2019,"('mumbai', 'hyderabad')",3175
Air India,banglore,new delhi,1600,2,no info,6,45,12,3,2019,"('banglore', 'new delhi')",12515
Jet Airways,delhi,cochin,620,1,no info,2,15,15,6,2019,"('delhi', 'cochin')",18371
Indigo,banglore,delhi,165,0,no info,1,30,9,4,2019,"('banglore', 'delhi')",3419
Jet Airways,kolkata,banglore,1655,1,in-flight meal not included,8,25,1,4,2019,"('kolkata', 'banglore')",7064
Indigo,delhi,cochin,195,0,no info,5,35,18,6,2019,"('delhi', 'cochin')",5000
Jet Airways,banglore,new delhi,405,1,no info,11,40,6,3,2019,"('banglore', 'new delhi')",19225
Vistara,banglore,delhi,165,0,no info,19,30,9,4,2019,"('banglore', 'delhi')",5613
Spicejet,kolkata,banglore,140,0,no info,22,20,6,3,2019,"('kolkata', 'banglore')",3849
Multiple Carriers,delhi,cochin,900,1,no info,6,0,18,5,2019,"('delhi', 'cochin')",7670
Jet Airways,kolkata,banglore,685,1,in-flight meal not included,8,25,18,5,2019,"('kolkata', 'banglore')",10844
Jet Airways,kolkata,banglore,1570,1,no info,17,0,18,5,2019,"('kolkata', 'banglore')",14151
Jet Airways,delhi,cochin,535,2,in-flight meal not included,19,30,21,5,2019,"('delhi', 'cochin')",13029
Air India,delhi,cochin,1245,2,no info,10,55,24,6,2019,"('delhi', 'cochin')",11753
Vistara,kolkata,banglore,765,1,no info,20,20,21,5,2019,"('kolkata', 'banglore')",8452
Multiple Carriers,delhi,cochin,390,1,no info,19,0,9,4,2019,"('delhi', 'cochin')",7363
Spicejet,banglore,delhi,170,0,no info,9,30,21,6,2019,"('banglore', 'delhi')",3625
Jet Airways,kolkata,banglore,1285,1,in-flight meal not included,18,55,18,5,2019,"('kolkata', 'banglore')",10844
Indigo,delhi,cochin,300,1,no info,16,0,1,6,2019,"('delhi', 'cochin')",6593
Jet Airways,delhi,cochin,1415,1,in-flight meal not included,13,0,3,6,2019,"('delhi', 'cochin')",10262
Air India,kolkata,banglore,1440,1,no info,14,35,24,5,2019,"('kolkata', 'banglore')",6528
Air Asia,banglore,delhi,170,0,no info,23,55,24,5,2019,"('banglore', 'delhi')",4483
Jet Airways,banglore,delhi,180,0,in-flight meal not included,8,20,24,5,2019,"('banglore', 'delhi')",4030
Jet Airways,kolkata,banglore,1295,1,no info,20,25,9,6,2019,"('kolkata', 'banglore')",13401
Indigo,banglore,delhi,170,0,no info,8,30,27,5,2019,"('banglore', 'delhi')",4823
Jet Airways,kolkata,banglore,570,1,no info,14,5,12,6,2019,"('kolkata', 'banglore')",13626
Jet Airways,kolkata,banglore,1285,1,no info,18,55,6,5,2019,"('kolkata', 'banglore')",13584
Jet Airways,delhi,cochin,195,0,in-flight meal not included,11,0,12,5,2019,"('delhi', 'cochin')",7202
Jet Airways,delhi,cochin,1140,2,in-flight meal not included,9,25,6,6,2019,"('delhi', 'cochin')",11992
Multiple Carriers,delhi,cochin,440,1,no info,11,40,12,6,2019,"('delhi', 'cochin')",11789
Spicejet,banglore,delhi,160,0,no info,5,55,27,5,2019,"('banglore', 'delhi')",3311
Multiple Carriers,delhi,cochin,930,1,no info,10,0,6,6,2019,"('delhi', 'cochin')",13377
Jet Airways,delhi,cochin,610,1,in-flight meal not included,18,15,15,6,2019,"('delhi', 'cochin')",10262
Indigo,banglore,delhi,170,0,no info,4,0,1,6,2019,"('banglore', 'delhi')",3943
Jet Airways,kolkata,banglore,1495,1,in-flight meal not included,8,25,1,5,2019,"('kolkata', 'banglore')",9663
Multiple Carriers,delhi,cochin,705,1,no info,7,30,15,6,2019,"('delhi', 'cochin')",8614
Spicejet,kolkata,banglore,340,1,no info,15,5,24,3,2019,"('kolkata', 'banglore')",6197
Jet Airways,delhi,cochin,825,1,in-flight meal not included,22,50,6,4,2019,"('delhi', 'cochin')",5177
Air India,delhi,cochin,555,1,no info,10,0,15,5,2019,"('delhi', 'cochin')",8372
Jet Airways,banglore,new delhi,1350,1,no info,22,50,6,3,2019,"('banglore', 'new delhi')",17471
Multiple Carriers,delhi,cochin,420,1,no info,14,0,27,6,2019,"('delhi', 'cochin')",13587
Multiple Carriers,delhi,cochin,705,1,no info,7,30,24,6,2019,"('delhi', 'cochin')",9001
Jet Airways,delhi,cochin,1040,1,in-flight meal not included,19,15,12,6,2019,"('delhi', 'cochin')",10262
Jet Airways,kolkata,banglore,570,1,no info,14,5,6,5,2019,"('kolkata', 'banglore')",15149
Jet Airways,delhi,cochin,1505,1,in-flight meal not included,11,30,12,6,2019,"('delhi', 'cochin')",10262
Jet Airways,delhi,cochin,1420,2,in-flight meal not included,19,10,21,3,2019,"('delhi', 'cochin')",6643
Spicejet,banglore,delhi,160,0,no check-in baggage included,5,55,9,5,2019,"('banglore', 'delhi')",3573
Jet Airways,delhi,cochin,1350,2,no info,14,5,9,6,2019,"('delhi', 'cochin')",13882
Air India,banglore,delhi,170,0,no info,13,20,9,5,2019,"('banglore', 'delhi')",6121
Air Asia,kolkata,banglore,150,0,no info,19,55,15,5,2019,"('kolkata', 'banglore')",4409
Vistara,chennai,kolkata,140,0,no info,17,45,3,5,2019,"('chennai', 'kolkata')",11982
Indigo,banglore,delhi,170,0,no info,8,30,15,4,2019,"('banglore', 'delhi')",4823
Jet Airways,delhi,cochin,195,0,no info,11,0,9,3,2019,"('delhi', 'cochin')",9564
Air India,delhi,cochin,615,1,no info,9,0,21,3,2019,"('delhi', 'cochin')",6902
Air Asia,delhi,cochin,625,1,no info,20,45,18,5,2019,"('delhi', 'cochin')",7452
Indigo,delhi,cochin,305,1,no info,20,25,3,4,2019,"('delhi', 'cochin')",5073
Jet Airways,banglore,delhi,165,0,no info,6,0,1,6,2019,"('banglore', 'delhi')",8016
Jet Airways,mumbai,hyderabad,85,0,no info,7,5,21,6,2019,"('mumbai', 'hyderabad')",8040
Vistara,banglore,delhi,160,0,no info,7,0,6,4,2019,"('banglore', 'delhi')",5613
Indigo,kolkata,banglore,165,0,no info,10,10,24,3,2019,"('kolkata', 'banglore')",6565
Jet Airways,kolkata,banglore,575,1,in-flight meal not included,9,35,1,4,2019,"('kolkata', 'banglore')",9314
Vistara,kolkata,banglore,1555,1,no info,7,10,12,5,2019,"('kolkata', 'banglore')",9397
Spicejet,kolkata,banglore,330,1,no info,15,55,12,5,2019,"('kolkata', 'banglore')",8844
Jet Airways,kolkata,banglore,865,1,in-flight meal not included,18,55,24,5,2019,"('kolkata', 'banglore')",10844
Jet Airways,delhi,cochin,810,2,no info,23,5,9,5,2019,"('delhi', 'cochin')",15129
Vistara,banglore,delhi,165,0,no info,19,30,6,4,2019,"('banglore', 'delhi')",5613
Air India,delhi,cochin,555,1,no info,10,0,24,6,2019,"('delhi', 'cochin')",9194
Air India,banglore,new delhi,1520,1,no info,22,0,9,3,2019,"('banglore', 'new delhi')",8425
Jet Airways,kolkata,banglore,875,1,no info,14,5,21,5,2019,"('kolkata', 'banglore')",14388
Jet Airways,banglore,delhi,175,0,in-flight meal not included,11,10,3,6,2019,"('banglore', 'delhi')",5769
Multiple Carriers,delhi,cochin,740,1,no info,6,40,27,5,2019,"('delhi', 'cochin')",9315
Jet Airways,kolkata,banglore,685,1,in-flight meal not included,8,25,12,6,2019,"('kolkata', 'banglore')",9899
Indigo,banglore,delhi,170,0,no info,10,10,12,4,2019,"('banglore', 'delhi')",4591
Jet Airways,delhi,cochin,1195,2,no info,23,5,18,5,2019,"('delhi', 'cochin')",15129
Indigo,mumbai,hyderabad,85,0,no info,9,10,9,3,2019,"('mumbai', 'hyderabad')",7417
Spicejet,mumbai,hyderabad,90,0,no info,22,45,24,5,2019,"('mumbai', 'hyderabad')",2017
Jet Airways,kolkata,banglore,1520,1,no info,9,35,9,6,2019,"('kolkata', 'banglore')",14151
Jet Airways,banglore,delhi,175,0,no info,11,10,9,5,2019,"('banglore', 'delhi')",7229
Jet Airways,kolkata,banglore,400,1,in-flight meal not included,14,5,9,5,2019,"('kolkata', 'banglore')",10844
Spicejet,mumbai,hyderabad,90,0,no check-in baggage included,13,15,9,5,2019,"('mumbai', 'hyderabad')",2175
Vistara,delhi,cochin,190,0,no info,6,0,18,4,2019,"('delhi', 'cochin')",6741
Air India,delhi,cochin,635,1,no info,8,40,9,3,2019,"('delhi', 'cochin')",18959
Indigo,delhi,cochin,425,1,no info,5,5,27,5,2019,"('delhi', 'cochin')",6600
Air India,delhi,cochin,1535,1,no info,5,15,6,6,2019,"('delhi', 'cochin')",6587
Jet Airways,delhi,cochin,830,2,no info,14,35,9,6,2019,"('delhi', 'cochin')",13376
Air India,delhi,cochin,1180,2,no info,12,0,3,6,2019,"('delhi', 'cochin')",8603
Air India,delhi,cochin,555,1,no info,10,0,18,5,2019,"('delhi', 'cochin')",8879
Air India,kolkata,banglore,1350,1,no info,9,25,9,6,2019,"('kolkata', 'banglore')",8366
Jet Airways,kolkata,banglore,390,1,in-flight meal not included,16,55,24,3,2019,"('kolkata', 'banglore')",11134
Air India,kolkata,banglore,1610,2,no info,8,20,18,5,2019,"('kolkata', 'banglore')",11222
Jet Airways,kolkata,banglore,1345,1,no info,19,45,24,3,2019,"('kolkata', 'banglore')",13759
Jet Airways,banglore,delhi,175,0,no info,15,15,1,5,2019,"('banglore', 'delhi')",7229
Jet Airways,delhi,cochin,1195,2,no info,23,5,24,5,2019,"('delhi', 'cochin')",15129
Air Asia,delhi,cochin,340,1,no info,16,45,6,6,2019,"('delhi', 'cochin')",11410
Indigo,kolkata,banglore,155,0,no info,4,40,1,6,2019,"('kolkata', 'banglore')",4804
Jet Airways,kolkata,banglore,1080,1,in-flight meal not included,20,25,6,6,2019,"('kolkata', 'banglore')",10539
Indigo,mumbai,hyderabad,85,0,no info,6,20,15,3,2019,"('mumbai', 'hyderabad')",3342
Jet Airways,banglore,delhi,180,0,in-flight meal not included,8,20,12,6,2019,"('banglore', 'delhi')",5769
Jet Airways,kolkata,banglore,960,1,in-flight meal not included,20,0,1,5,2019,"('kolkata', 'banglore')",9663
Jet Airways,banglore,delhi,180,0,no info,19,50,24,4,2019,"('banglore', 'delhi')",7229
Jet Airways,kolkata,banglore,735,1,no info,20,0,24,5,2019,"('kolkata', 'banglore')",13731
Air India,delhi,cochin,1420,2,no info,9,45,21,3,2019,"('delhi', 'cochin')",8140
Vistara,banglore,delhi,160,0,no info,7,0,24,6,2019,"('banglore', 'delhi')",4668
Vistara,banglore,delhi,160,0,no info,7,0,18,5,2019,"('banglore', 'delhi')",4878
Spicejet,chennai,kolkata,135,0,no check-in baggage included,8,20,1,5,2019,"('chennai', 'kolkata')",3543
Jet Airways,delhi,cochin,1060,2,in-flight meal not included,10,45,21,3,2019,"('delhi', 'cochin')",8367
Indigo,delhi,cochin,825,1,no info,8,35,3,3,2019,"('delhi', 'cochin')",10236
Jet Airways,delhi,cochin,1395,1,no info,19,45,9,5,2019,"('delhi', 'cochin')",15554
Jet Airways,delhi,cochin,505,2,in-flight meal not included,20,0,21,5,2019,"('delhi', 'cochin')",15318
Jet Airways,delhi,cochin,1595,1,in-flight meal not included,10,0,1,6,2019,"('delhi', 'cochin')",10262
Jet Airways,kolkata,banglore,1450,1,no info,9,35,9,5,2019,"('kolkata', 'banglore')",12121
Spicejet,chennai,kolkata,135,0,no info,9,45,9,5,2019,"('chennai', 'kolkata')",3597
Indigo,delhi,cochin,560,1,no info,6,50,27,6,2019,"('delhi', 'cochin')",6442
Air India,delhi,cochin,2295,2,no info,5,0,12,6,2019,"('delhi', 'cochin')",9443
Indigo,mumbai,hyderabad,90,0,no info,9,10,24,5,2019,"('mumbai', 'hyderabad')",5755
Jet Airways,kolkata,banglore,375,1,no info,5,45,18,5,2019,"('kolkata', 'banglore')",13941
Air India,kolkata,banglore,590,2,no info,12,0,1,4,2019,"('kolkata', 'banglore')",9258
Jet Airways,delhi,cochin,1145,1,in-flight meal not included,17,30,27,6,2019,"('delhi', 'cochin')",10262
Air India,delhi,cochin,1560,2,no info,17,15,21,3,2019,"('delhi', 'cochin')",8770
Indigo,delhi,cochin,320,1,no info,6,50,21,4,2019,"('delhi', 'cochin')",6968
Jet Airways,kolkata,banglore,735,1,in-flight meal not included,20,0,6,5,2019,"('kolkata', 'banglore')",9663
Jet Airways,kolkata,banglore,1330,1,in-flight meal not included,6,30,21,5,2019,"('kolkata', 'banglore')",8586
Multiple Carriers,delhi,cochin,375,1,no info,13,0,3,6,2019,"('delhi', 'cochin')",14848
Air Asia,kolkata,banglore,155,0,no info,10,20,15,5,2019,"('kolkata', 'banglore')",4409
Multiple Carriers,delhi,cochin,510,1,no info,17,0,9,5,2019,"('delhi', 'cochin')",9424
Indigo,kolkata,banglore,155,0,no info,20,20,21,6,2019,"('kolkata', 'banglore')",4804
Jet Airways,kolkata,banglore,1170,1,in-flight meal not included,16,30,1,5,2019,"('kolkata', 'banglore')",9663
Air India,kolkata,banglore,1365,2,no info,9,10,24,3,2019,"('kolkata', 'banglore')",15187
Indigo,mumbai,hyderabad,90,0,no info,16,55,3,3,2019,"('mumbai', 'hyderabad')",6795
Jet Airways,delhi,cochin,360,1,no info,13,0,9,6,2019,"('delhi', 'cochin')",14714
Indigo,delhi,cochin,575,1,no info,11,25,9,5,2019,"('delhi', 'cochin')",6979
Air India,banglore,delhi,170,0,no info,13,20,3,4,2019,"('banglore', 'delhi')",5176
Indigo,chennai,kolkata,145,0,no info,11,35,3,3,2019,"('chennai', 'kolkata')",7295
Air Asia,banglore,delhi,165,0,no info,11,10,9,5,2019,"('banglore', 'delhi')",3383
Jet Airways,banglore,delhi,180,0,no info,17,45,27,6,2019,"('banglore', 'delhi')",8016
Multiple Carriers,delhi,cochin,455,1,no info,11,40,27,5,2019,"('delhi', 'cochin')",9316
Air India,banglore,delhi,170,0,no info,13,20,12,6,2019,"('banglore', 'delhi')",6961
Spicejet,chennai,kolkata,135,0,no check-in baggage included,8,20,1,6,2019,"('chennai', 'kolkata')",3543
Air India,banglore,delhi,180,0,no info,5,45,21,5,2019,"('banglore', 'delhi')",6961
Vistara,kolkata,banglore,1555,1,no info,7,10,21,5,2019,"('kolkata', 'banglore')",8452
Jet Airways,kolkata,banglore,1500,1,in-flight meal not included,17,0,6,6,2019,"('kolkata', 'banglore')",10539
Multiple Carriers,delhi,cochin,795,1,no info,2,15,6,3,2019,"('delhi', 'cochin')",17057
Multiple Carriers,delhi,cochin,560,1,no info,11,40,9,6,2019,"('delhi', 'cochin')",7005
Jet Airways,kolkata,banglore,845,1,in-flight meal not included,20,0,6,5,2019,"('kolkata', 'banglore')",9663
Jet Airways,delhi,cochin,715,1,in-flight meal not included,7,5,9,5,2019,"('delhi', 'cochin')",12373
Jet Airways,delhi,cochin,1025,2,no info,19,30,9,5,2019,"('delhi', 'cochin')",15129
Spicejet,banglore,delhi,160,0,no info,5,55,21,6,2019,"('banglore', 'delhi')",3971
Air India,delhi,cochin,500,2,no info,10,55,6,6,2019,"('delhi', 'cochin')",11753
Air India,kolkata,banglore,155,0,no info,20,45,21,4,2019,"('kolkata', 'banglore')",4880
Air Asia,kolkata,banglore,155,0,no info,10,20,3,5,2019,"('kolkata', 'banglore')",4409
Indigo,kolkata,banglore,155,0,no info,17,15,21,5,2019,"('kolkata', 'banglore')",4804
Vistara,banglore,delhi,170,0,no info,9,45,1,5,2019,"('banglore', 'delhi')",4668
Air India,kolkata,banglore,725,2,no info,8,20,6,6,2019,"('kolkata', 'banglore')",11432
Jet Airways,delhi,cochin,300,1,in-flight meal not included,14,0,15,6,2019,"('delhi', 'cochin')",10262
Air India,delhi,cochin,1820,2,no info,12,55,21,3,2019,"('delhi', 'cochin')",11228
Air Asia,banglore,delhi,170,0,no info,4,55,6,6,2019,"('banglore', 'delhi')",4282
Jet Airways,delhi,cochin,1320,2,no info,14,35,24,6,2019,"('delhi', 'cochin')",13376
Indigo,banglore,delhi,180,0,no info,16,55,3,4,2019,"('banglore', 'delhi')",4823
Indigo,kolkata,banglore,155,0,no info,22,15,12,4,2019,"('kolkata', 'banglore')",4174
Multiple Carriers,delhi,cochin,910,1,no info,10,20,27,6,2019,"('delhi', 'cochin')",6270
Indigo,chennai,kolkata,140,0,no info,7,55,12,6,2019,"('chennai', 'kolkata')",3850
Air Asia,kolkata,banglore,955,1,no info,7,35,24,5,2019,"('kolkata', 'banglore')",5192
Multiple Carriers,delhi,cochin,480,1,no info,13,0,27,3,2019,"('delhi', 'cochin')",12537
Indigo,delhi,cochin,320,1,no info,6,50,27,5,2019,"('delhi', 'cochin')",5530
Jet Airways,kolkata,banglore,730,1,in-flight meal not included,16,30,15,5,2019,"('kolkata', 'banglore')",10844
Indigo,delhi,cochin,895,1,no info,7,35,27,5,2019,"('delhi', 'cochin')",7514
Indigo,kolkata,banglore,150,0,no info,15,15,24,4,2019,"('kolkata', 'banglore')",4804
Jet Airways,kolkata,banglore,1260,1,no info,21,10,24,3,2019,"('kolkata', 'banglore')",13759
Goair,delhi,cochin,540,1,no info,10,35,15,5,2019,"('delhi', 'cochin')",7378
Jet Airways,kolkata,banglore,1080,1,no info,20,25,6,6,2019,"('kolkata', 'banglore')",12692
Indigo,kolkata,banglore,315,1,no info,21,0,15,5,2019,"('kolkata', 'banglore')",7228
Jet Airways,kolkata,banglore,1055,1,no info,16,30,12,6,2019,"('kolkata', 'banglore')",13044
Jet Airways,delhi,cochin,820,2,in-flight meal not included,5,10,27,3,2019,"('delhi', 'cochin')",8518
Air Asia,kolkata,banglore,155,0,no info,10,20,3,6,2019,"('kolkata', 'banglore')",4409
Jet Airways,banglore,new delhi,160,0,no info,19,55,9,3,2019,"('banglore', 'new delhi')",7229
Spicejet,banglore,delhi,160,0,no info,5,55,12,5,2019,"('banglore', 'delhi')",3311
Multiple Carriers,delhi,cochin,720,1,no info,9,0,21,5,2019,"('delhi', 'cochin')",7888
Indigo,banglore,delhi,175,0,no info,18,55,3,6,2019,"('banglore', 'delhi')",4823
Indigo,banglore,delhi,170,0,no info,8,30,3,4,2019,"('banglore', 'delhi')",4823
Air India,kolkata,banglore,1350,1,no info,9,25,18,5,2019,"('kolkata', 'banglore')",8366
Air India,banglore,new delhi,665,2,no info,11,5,12,3,2019,"('banglore', 'new delhi')",11948
Vistara,banglore,delhi,170,0,no info,11,30,9,6,2019,"('banglore', 'delhi')",4668
Multiple Carriers,delhi,cochin,570,1,no info,11,30,1,6,2019,"('delhi', 'cochin')",13587
Indigo,mumbai,hyderabad,90,0,no info,9,10,3,5,2019,"('mumbai', 'hyderabad')",5755
Indigo,mumbai,hyderabad,90,0,no info,6,25,3,6,2019,"('mumbai', 'hyderabad')",4049
Air India,delhi,cochin,185,0,no info,18,5,27,5,2019,"('delhi', 'cochin')",6094
Jet Airways,banglore,delhi,180,0,in-flight meal not included,8,20,27,4,2019,"('banglore', 'delhi')",5198
Goair,delhi,cochin,350,1,no info,7,0,3,3,2019,"('delhi', 'cochin')",7378
Spicejet,banglore,new delhi,170,0,no check-in baggage included,5,45,24,3,2019,"('banglore', 'new delhi')",4273
Air India,delhi,cochin,170,0,no info,5,10,15,5,2019,"('delhi', 'cochin')",6094
Indigo,delhi,cochin,480,1,no info,7,30,21,3,2019,"('delhi', 'cochin')",10208
Jet Airways,kolkata,banglore,1430,1,in-flight meal not included,20,0,6,6,2019,"('kolkata', 'banglore')",10844
Air Asia,kolkata,banglore,220,1,no info,6,50,24,5,2019,"('kolkata', 'banglore')",5162
Indigo,kolkata,banglore,155,0,no info,15,30,18,4,2019,"('kolkata', 'banglore')",4174
Indigo,delhi,cochin,965,1,no info,4,55,1,6,2019,"('delhi', 'cochin')",6314
Spicejet,kolkata,banglore,160,0,no check-in baggage included,6,55,15,3,2019,"('kolkata', 'banglore')",3815
Spicejet,banglore,delhi,160,0,no info,5,55,9,6,2019,"('banglore', 'delhi')",3625
Air India,mumbai,hyderabad,75,0,no info,19,30,27,5,2019,"('mumbai', 'hyderabad')",3100
Multiple Carriers,delhi,cochin,570,1,no info,16,0,6,6,2019,"('delhi', 'cochin')",13377
Indigo,delhi,cochin,975,1,no info,9,15,27,5,2019,"('delhi', 'cochin')",6628
Jet Airways,kolkata,banglore,510,1,no info,14,5,18,5,2019,"('kolkata', 'banglore')",14781
Spicejet,banglore,new delhi,170,0,no info,20,30,18,3,2019,"('banglore', 'new delhi')",4377
Indigo,delhi,cochin,490,1,no info,14,20,24,5,2019,"('delhi', 'cochin')",7640
Air Asia,kolkata,banglore,150,0,no info,19,55,9,4,2019,"('kolkata', 'banglore')",4107
Air Asia,kolkata,banglore,720,1,no info,22,40,12,6,2019,"('kolkata', 'banglore')",5192
Air India,kolkata,banglore,745,1,no info,20,30,6,5,2019,"('kolkata', 'banglore')",10203
Air India,delhi,cochin,520,1,no info,23,0,9,3,2019,"('delhi', 'cochin')",10840
Multiple Carriers,delhi,cochin,460,1,no info,4,55,15,6,2019,"('delhi', 'cochin')",10678
Jet Airways,kolkata,banglore,730,1,no info,21,10,12,5,2019,"('kolkata', 'banglore')",14388
Spicejet,delhi,cochin,360,1,no info,15,55,6,3,2019,"('delhi', 'cochin')",9748
Indigo,kolkata,banglore,160,0,no info,20,25,6,3,2019,"('kolkata', 'banglore')",4778
Jet Airways,kolkata,banglore,1330,1,in-flight meal not included,6,30,9,6,2019,"('kolkata', 'banglore')",9663
Jet Airways,kolkata,banglore,1630,1,no info,20,25,1,5,2019,"('kolkata', 'banglore')",11467
Jet Airways,banglore,new delhi,400,1,no info,5,45,6,3,2019,"('banglore', 'new delhi')",22270
Jet Airways,delhi,cochin,805,1,in-flight meal not included,15,0,27,5,2019,"('delhi', 'cochin')",12898
Indigo,banglore,new delhi,165,0,no info,1,30,3,3,2019,"('banglore', 'new delhi')",6860
Air India,kolkata,banglore,1200,2,no info,9,25,6,6,2019,"('kolkata', 'banglore')",13217
Air India,banglore,new delhi,990,1,no info,6,45,12,3,2019,"('banglore', 'new delhi')",11602
Jet Airways,banglore,new delhi,530,1,in-flight meal not included,22,50,15,3,2019,"('banglore', 'new delhi')",9134
Jet Airways,delhi,cochin,1145,1,in-flight meal not included,17,30,3,6,2019,"('delhi', 'cochin')",10262
Jet Airways,delhi,cochin,1060,2,no info,10,45,9,3,2019,"('delhi', 'cochin')",17282
Air India,kolkata,banglore,1515,1,no info,12,0,6,6,2019,"('kolkata', 'banglore')",7662
Multiple Carriers,delhi,cochin,840,1,no info,11,30,21,5,2019,"('delhi', 'cochin')",14067
Jet Airways,banglore,delhi,175,0,no info,15,15,18,5,2019,"('banglore', 'delhi')",7229
Indigo,banglore,delhi,170,0,no info,4,0,6,6,2019,"('banglore', 'delhi')",3943
Spicejet,mumbai,hyderabad,90,0,no check-in baggage included,13,15,12,5,2019,"('mumbai', 'hyderabad')",2175
Multiple Carriers,delhi,cochin,465,1,no info,11,30,24,6,2019,"('delhi', 'cochin')",14848
Jet Airways,delhi,cochin,825,1,no info,22,50,9,4,2019,"('delhi', 'cochin')",11822
Air India,delhi,cochin,1305,2,no info,21,30,3,3,2019,"('delhi', 'cochin')",12287
Jet Airways,delhi,cochin,1375,2,no info,5,30,21,3,2019,"('delhi', 'cochin')",12647
Air India,banglore,new delhi,480,1,no info,11,50,6,3,2019,"('banglore', 'new delhi')",14594
Jet Airways,delhi,cochin,1295,1,in-flight meal not included,15,0,12,6,2019,"('delhi', 'cochin')",10262
Indigo,delhi,cochin,975,1,no info,4,45,27,3,2019,"('delhi', 'cochin')",7258
Jet Airways,mumbai,hyderabad,90,0,in-flight meal not included,19,35,18,6,2019,"('mumbai', 'hyderabad')",3210
Air India,banglore,new delhi,950,1,1 long layover,17,0,1,3,2019,"('banglore', 'new delhi')",10981
Jet Airways,banglore,delhi,180,0,no info,17,45,9,6,2019,"('banglore', 'delhi')",8016
Spicejet,delhi,cochin,270,1,no info,8,45,21,4,2019,"('delhi', 'cochin')",6460
Spicejet,banglore,delhi,175,0,no check-in baggage included,21,10,15,5,2019,"('banglore', 'delhi')",3573
Jet Airways,delhi,cochin,350,1,no info,13,0,21,3,2019,"('delhi', 'cochin')",12347
Air Asia,kolkata,banglore,720,1,no info,22,40,9,6,2019,"('kolkata', 'banglore')",11323
Indigo,mumbai,hyderabad,85,0,no info,6,20,12,3,2019,"('mumbai', 'hyderabad')",4049
Multiple Carriers,delhi,cochin,690,1,no info,4,0,3,3,2019,"('delhi', 'cochin')",14973
Multiple Carriers,delhi,cochin,730,1,in-flight meal not included,7,5,12,6,2019,"('delhi', 'cochin')",11667
Jet Airways,kolkata,banglore,1120,1,no info,20,25,1,4,2019,"('kolkata', 'banglore')",11467
Jet Airways,banglore,new delhi,340,1,no info,5,45,12,3,2019,"('banglore', 'new delhi')",13817
Indigo,delhi,cochin,415,1,no info,18,35,27,6,2019,"('delhi', 'cochin')",5883
Jet Airways,delhi,cochin,1210,1,in-flight meal not included,22,50,24,6,2019,"('delhi', 'cochin')",10262
Jet Airways,banglore,delhi,165,0,in-flight meal not included,6,0,9,6,2019,"('banglore', 'delhi')",7229
Jet Airways,banglore,delhi,175,0,no info,11,10,21,5,2019,"('banglore', 'delhi')",7229
Air India,delhi,cochin,875,1,no info,17,40,21,5,2019,"('delhi', 'cochin')",8151
Vistara,banglore,delhi,155,0,no info,17,0,3,5,2019,"('banglore', 'delhi')",5613
Spicejet,kolkata,banglore,420,1,no info,11,15,24,3,2019,"('kolkata', 'banglore')",12287
Jet Airways,delhi,cochin,1470,2,no info,18,20,21,3,2019,"('delhi', 'cochin')",12604
Indigo,delhi,cochin,320,1,no info,6,40,3,3,2019,"('delhi', 'cochin')",9304
Indigo,delhi,cochin,345,1,no info,2,0,27,4,2019,"('delhi', 'cochin')",7173
Air India,kolkata,banglore,245,1,no info,9,10,12,6,2019,"('kolkata', 'banglore')",8996
Indigo,banglore,delhi,170,0,no info,0,25,21,6,2019,"('banglore', 'delhi')",3419
Air India,kolkata,banglore,1035,2,no info,20,30,12,6,2019,"('kolkata', 'banglore')",12224
Air India,delhi,cochin,1640,1,no info,6,5,9,5,2019,"('delhi', 'cochin')",7480
Indigo,banglore,delhi,170,0,no info,22,10,1,6,2019,"('banglore', 'delhi')",3419
Jet Airways,delhi,cochin,1125,2,no info,9,40,12,6,2019,"('delhi', 'cochin')",13014
Jet Airways,delhi,cochin,1210,1,in-flight meal not included,22,50,15,6,2019,"('delhi', 'cochin')",10262
Air India,delhi,cochin,555,1,no info,10,0,3,6,2019,"('delhi', 'cochin')",10979
Spicejet,banglore,delhi,160,0,no info,5,55,21,4,2019,"('banglore', 'delhi')",4423
Indigo,mumbai,hyderabad,90,0,no info,21,20,3,5,2019,"('mumbai', 'hyderabad')",2437
Multiple Carriers,delhi,cochin,755,1,no info,13,0,27,3,2019,"('delhi', 'cochin')",12327
Indigo,banglore,delhi,165,0,no info,6,5,3,4,2019,"('banglore', 'delhi')",4077
Jet Airways,kolkata,banglore,800,1,no info,6,30,12,5,2019,"('kolkata', 'banglore')",13941
Jet Airways,kolkata,banglore,1480,1,no info,20,25,9,6,2019,"('kolkata', 'banglore')",12692
Indigo,banglore,delhi,165,0,no info,6,5,15,5,2019,"('banglore', 'delhi')",4423
Indigo,chennai,kolkata,165,0,no info,15,40,1,6,2019,"('chennai', 'kolkata')",3540
Multiple Carriers,delhi,cochin,845,1,no info,4,55,6,6,2019,"('delhi', 'cochin')",10678
Air India,kolkata,banglore,1335,2,no info,16,50,6,5,2019,"('kolkata', 'banglore')",12434
Goair,banglore,delhi,175,0,no info,7,45,24,4,2019,"('banglore', 'delhi')",4632
Jet Airways,mumbai,hyderabad,90,0,in-flight meal not included,19,35,21,6,2019,"('mumbai', 'hyderabad')",3210
Indigo,banglore,delhi,170,0,no info,13,0,12,5,2019,"('banglore', 'delhi')",4591
Multiple Carriers,delhi,cochin,465,1,in-flight meal not included,17,45,27,6,2019,"('delhi', 'cochin')",5797
Indigo,delhi,cochin,380,1,no info,16,10,9,6,2019,"('delhi', 'cochin')",6412
Jet Airways,kolkata,banglore,585,1,in-flight meal not included,18,55,15,5,2019,"('kolkata', 'banglore')",9663
Jet Airways,delhi,cochin,1320,2,no info,14,35,1,6,2019,"('delhi', 'cochin')",13376
Jet Airways,kolkata,banglore,1500,1,no info,17,0,9,6,2019,"('kolkata', 'banglore')",14151
Air India,mumbai,hyderabad,90,0,no info,13,55,3,3,2019,"('mumbai', 'hyderabad')",6092
Jet Airways,delhi,cochin,335,1,in-flight meal not included,22,50,1,6,2019,"('delhi', 'cochin')",10262
Jet Airways,banglore,delhi,175,0,no info,15,15,21,6,2019,"('banglore', 'delhi')",8016
Jet Airways,delhi,cochin,1395,1,no info,19,45,21,5,2019,"('delhi', 'cochin')",16079
Air India,kolkata,banglore,1165,2,no info,10,0,6,5,2019,"('kolkata', 'banglore')",17049
Multiple Carriers,delhi,cochin,810,1,no info,7,30,27,5,2019,"('delhi', 'cochin')",8475
Jet Airways,banglore,delhi,165,0,in-flight meal not included,6,0,27,6,2019,"('banglore', 'delhi')",6478
Jet Airways,delhi,cochin,520,1,in-flight meal not included,19,45,27,5,2019,"('delhi', 'cochin')",12898
Multiple Carriers,delhi,cochin,930,1,no info,10,0,24,6,2019,"('delhi', 'cochin')",13377
Jet Airways,mumbai,hyderabad,90,0,no info,15,50,27,3,2019,"('mumbai', 'hyderabad')",5678
Vistara,chennai,kolkata,140,0,no info,17,45,12,5,2019,"('chennai', 'kolkata')",11982
Jet Airways,delhi,cochin,660,1,no info,17,25,9,3,2019,"('delhi', 'cochin')",15554
Jet Airways,delhi,cochin,1615,2,in-flight meal not included,9,40,3,6,2019,"('delhi', 'cochin')",10368
Air India,delhi,cochin,1600,2,no info,5,0,15,5,2019,"('delhi', 'cochin')",11281
Jet Airways,kolkata,banglore,1495,1,in-flight meal not included,8,25,9,5,2019,"('kolkata', 'banglore')",9663
Jet Airways,kolkata,banglore,1430,1,in-flight meal not included,16,30,18,5,2019,"('kolkata', 'banglore')",10844
Indigo,banglore,delhi,170,0,no info,13,0,27,6,2019,"('banglore', 'delhi')",3943
Jet Airways,delhi,cochin,1570,1,no info,2,15,3,3,2019,"('delhi', 'cochin')",17024
Jet Airways,delhi,cochin,1775,2,in-flight meal not included,13,25,27,6,2019,"('delhi', 'cochin')",11150
Vistara,kolkata,banglore,385,1,no info,17,0,12,6,2019,"('kolkata', 'banglore')",8610
Indigo,chennai,kolkata,140,0,no info,14,45,6,6,2019,"('chennai', 'kolkata')",3597
Jet Airways,mumbai,hyderabad,85,0,no info,7,5,9,5,2019,"('mumbai', 'hyderabad')",8040
Multiple Carriers,delhi,cochin,730,1,no info,7,5,6,6,2019,"('delhi', 'cochin')",14848
Multiple Carriers,delhi,cochin,910,1,no info,3,50,15,6,2019,"('delhi', 'cochin')",12192
Jet Airways,kolkata,banglore,395,1,no info,17,0,18,5,2019,"('kolkata', 'banglore')",14151
Indigo,kolkata,banglore,155,0,no info,20,20,18,4,2019,"('kolkata', 'banglore')",4174
Jet Airways,kolkata,banglore,800,1,in-flight meal not included,18,55,9,6,2019,"('kolkata', 'banglore')",11841
Jet Airways,delhi,cochin,1325,1,in-flight meal not included,20,55,9,6,2019,"('delhi', 'cochin')",10577
Jet Airways,kolkata,banglore,365,1,in-flight meal not included,16,30,9,6,2019,"('kolkata', 'banglore')",10844
Air Asia,banglore,delhi,170,0,no info,4,55,12,5,2019,"('banglore', 'delhi')",4282
Indigo,kolkata,banglore,155,0,no info,14,20,21,3,2019,"('kolkata', 'banglore')",5198
Air India,kolkata,banglore,1040,3,no info,5,55,24,3,2019,"('kolkata', 'banglore')",15145
Jet Airways,kolkata,banglore,1540,1,no info,20,25,1,5,2019,"('kolkata', 'banglore')",14151
Spicejet,mumbai,hyderabad,90,0,no check-in baggage included,5,45,18,5,2019,"('mumbai', 'hyderabad')",1965
Jet Airways,delhi,cochin,1015,1,no info,11,30,6,3,2019,"('delhi', 'cochin')",15764
Air India,mumbai,hyderabad,90,0,no info,13,55,24,3,2019,"('mumbai', 'hyderabad')",2575
Multiple Carriers,delhi,cochin,455,1,no info,11,40,3,6,2019,"('delhi', 'cochin')",9001
Jet Airways,delhi,cochin,1195,2,no info,23,5,27,6,2019,"('delhi', 'cochin')",12819
Jet Airways,delhi,cochin,1010,1,in-flight meal not included,19,45,3,6,2019,"('delhi', 'cochin')",10262
Air India,kolkata,banglore,1170,2,no info,9,10,12,6,2019,"('kolkata', 'banglore')",6117
Jet Airways,delhi,cochin,505,2,in-flight meal not included,20,0,18,5,2019,"('delhi', 'cochin')",15318
Jet Airways,delhi,cochin,395,1,in-flight meal not included,21,50,18,5,2019,"('delhi', 'cochin')",12373
Jet Airways,delhi,cochin,660,1,no info,8,0,27,5,2019,"('delhi', 'cochin')",16289
Jet Airways,delhi,cochin,1470,1,no info,19,15,27,3,2019,"('delhi', 'cochin')",12032
Jet Airways,banglore,delhi,180,0,no info,8,20,9,5,2019,"('banglore', 'delhi')",7229
Jet Airways,kolkata,banglore,1570,1,no info,17,0,1,5,2019,"('kolkata', 'banglore')",11467
Jet Airways,delhi,cochin,2245,2,no info,5,25,3,3,2019,"('delhi', 'cochin')",20064
Air Asia,kolkata,banglore,955,1,no info,7,35,12,5,2019,"('kolkata', 'banglore')",5320
Indigo,banglore,new delhi,170,0,no info,22,20,24,3,2019,"('banglore', 'new delhi')",3897
Jet Airways,kolkata,banglore,1170,1,in-flight meal not included,16,30,15,5,2019,"('kolkata', 'banglore')",10844
Jet Airways,kolkata,banglore,575,1,no info,9,35,1,5,2019,"('kolkata', 'banglore')",11467
Jet Airways,delhi,cochin,1530,1,no info,17,30,3,6,2019,"('delhi', 'cochin')",14714
Jet Airways,banglore,delhi,180,0,no info,7,10,12,5,2019,"('banglore', 'delhi')",7229
Multiple Carriers,delhi,cochin,490,1,no info,12,50,15,6,2019,"('delhi', 'cochin')",7005
Jet Airways,kolkata,banglore,1730,1,in-flight meal not included,9,35,15,5,2019,"('kolkata', 'banglore')",9314
Jet Airways,kolkata,banglore,800,1,no info,20,25,18,5,2019,"('kolkata', 'banglore')",14151
Jet Airways,kolkata,banglore,875,1,no info,14,5,9,6,2019,"('kolkata', 'banglore')",14178
Jet Airways,banglore,delhi,180,0,no info,8,20,18,4,2019,"('banglore', 'delhi')",7229
Air India,kolkata,banglore,1415,2,no info,8,20,9,5,2019,"('kolkata', 'banglore')",10697
Jet Airways,banglore,new delhi,435,1,in-flight meal not included,8,55,21,3,2019,"('banglore', 'new delhi')",7832
Air Asia,kolkata,banglore,500,2,no info,15,10,15,5,2019,"('kolkata', 'banglore')",5192
Jet Airways,banglore,delhi,180,0,no info,8,20,27,6,2019,"('banglore', 'delhi')",8016
Jet Airways,banglore,new delhi,550,1,in-flight meal not included,7,0,21,3,2019,"('banglore', 'new delhi')",7832
Indigo,delhi,cochin,975,1,no info,4,45,9,3,2019,"('delhi', 'cochin')",10518
Air India,kolkata,banglore,1840,2,no info,5,50,15,5,2019,"('kolkata', 'banglore')",12723
Multiple Carriers,delhi,cochin,540,1,no info,10,0,15,6,2019,"('delhi', 'cochin')",13504
Jet Airways,delhi,cochin,610,1,in-flight meal not included,18,15,3,6,2019,"('delhi', 'cochin')",10262
Jet Airways,banglore,new delhi,1480,1,no info,7,0,18,3,2019,"('banglore', 'new delhi')",11455
Spicejet,delhi,cochin,295,1,no info,17,55,3,6,2019,"('delhi', 'cochin')",5409
Jet Airways,kolkata,banglore,1730,1,in-flight meal not included,9,35,6,6,2019,"('kolkata', 'banglore')",10539
Jet Airways,delhi,cochin,440,2,in-flight meal not included,11,40,1,6,2019,"('delhi', 'cochin')",15812
Air India,banglore,new delhi,165,0,no info,21,10,1,3,2019,"('banglore', 'new delhi')",25703
Air India,mumbai,hyderabad,90,0,no info,13,55,27,6,2019,"('mumbai', 'hyderabad')",3100
Vistara,delhi,cochin,190,0,no info,14,40,15,6,2019,"('delhi', 'cochin')",6216
Air India,kolkata,banglore,1700,2,no info,9,25,21,5,2019,"('kolkata', 'banglore')",11542
Indigo,delhi,cochin,305,1,no info,20,25,24,6,2019,"('delhi', 'cochin')",5054
Jet Airways,kolkata,banglore,740,1,no info,8,25,15,5,2019,"('kolkata', 'banglore')",14781
Jet Airways,kolkata,banglore,425,1,no info,16,30,1,4,2019,"('kolkata', 'banglore')",12681
Air Asia,banglore,delhi,170,0,no info,23,55,21,6,2019,"('banglore', 'delhi')",3383
Indigo,banglore,delhi,175,0,no info,18,55,9,5,2019,"('banglore', 'delhi')",4823
Multiple Carriers,delhi,cochin,460,1,no info,4,55,1,6,2019,"('delhi', 'cochin')",11098
Air India,banglore,new delhi,985,1,no info,6,55,15,3,2019,"('banglore', 'new delhi')",6987
Jet Airways,banglore,new delhi,160,0,no info,19,55,1,3,2019,"('banglore', 'new delhi')",18308
Indigo,chennai,kolkata,140,0,no info,22,5,3,3,2019,"('chennai', 'kolkata')",5277
Jet Airways,banglore,new delhi,450,1,in-flight meal not included,5,45,15,3,2019,"('banglore', 'new delhi')",9134
Air Asia,banglore,new delhi,165,0,no info,23,25,24,3,2019,"('banglore', 'new delhi')",3383
Jet Airways,kolkata,banglore,870,1,in-flight meal not included,20,25,6,6,2019,"('kolkata', 'banglore')",10539
Multiple Carriers,delhi,cochin,540,1,no info,7,10,27,5,2019,"('delhi', 'cochin')",7878
Goair,banglore,delhi,170,0,no info,11,40,3,5,2019,"('banglore', 'delhi')",3898
Indigo,kolkata,banglore,155,0,no info,15,30,18,5,2019,"('kolkata', 'banglore')",4804
Multiple Carriers,delhi,cochin,390,1,no info,19,0,9,6,2019,"('delhi', 'cochin')",7408
Indigo,chennai,kolkata,140,0,no info,7,55,21,3,2019,"('chennai', 'kolkata')",3384
Jet Airways,kolkata,banglore,1480,1,no info,20,25,6,5,2019,"('kolkata', 'banglore')",13067
Vistara,delhi,cochin,190,0,no info,14,40,27,5,2019,"('delhi', 'cochin')",6216
Jet Airways,delhi,cochin,1320,2,no info,14,35,27,6,2019,"('delhi', 'cochin')",13376
Multiple Carriers,delhi,cochin,765,1,no info,9,45,15,6,2019,"('delhi', 'cochin')",9646
Air India,chennai,kolkata,135,0,no info,11,40,18,3,2019,"('chennai', 'kolkata')",4405
Jet Airways,banglore,delhi,175,0,in-flight meal not included,11,10,21,6,2019,"('banglore', 'delhi')",5769
Air India,kolkata,banglore,375,1,no info,10,0,12,6,2019,"('kolkata', 'banglore')",11936
Air India,kolkata,banglore,1045,2,no info,5,50,21,5,2019,"('kolkata', 'banglore')",13143
Jet Airways,kolkata,banglore,395,1,in-flight meal not included,17,0,1,5,2019,"('kolkata', 'banglore')",12384
Jet Airways,kolkata,banglore,1495,1,in-flight meal not included,19,45,24,3,2019,"('kolkata', 'banglore')",10031
Jet Airways,delhi,cochin,1355,1,in-flight meal not included,14,0,24,6,2019,"('delhi', 'cochin')",10262
Air India,kolkata,banglore,155,0,no info,20,45,6,3,2019,"('kolkata', 'banglore')",4435
Jet Airways,banglore,new delhi,1445,1,in-flight meal not included,8,55,24,3,2019,"('banglore', 'new delhi')",8147
Jet Airways,kolkata,banglore,685,1,no info,8,25,12,6,2019,"('kolkata', 'banglore')",13626
Spicejet,mumbai,hyderabad,90,0,no info,13,15,9,6,2019,"('mumbai', 'hyderabad')",2227
Indigo,delhi,cochin,300,1,no info,16,0,12,6,2019,"('delhi', 'cochin')",6069
Multiple Carriers,delhi,cochin,540,1,in-flight meal not included,7,10,27,4,2019,"('delhi', 'cochin')",6093
Air India,banglore,new delhi,920,2,no info,17,25,3,3,2019,"('banglore', 'new delhi')",11570
Air India,chennai,kolkata,135,0,no info,11,40,6,3,2019,"('chennai', 'kolkata')",9340
Indigo,delhi,cochin,500,1,no info,17,10,27,6,2019,"('delhi', 'cochin')",5684
Air India,delhi,cochin,1255,1,no info,12,30,21,3,2019,"('delhi', 'cochin')",6482
Indigo,kolkata,banglore,155,0,no info,11,30,24,5,2019,"('kolkata', 'banglore')",5224
Indigo,delhi,cochin,420,1,no info,18,35,21,3,2019,"('delhi', 'cochin')",9264
Spicejet,kolkata,banglore,155,0,no check-in baggage included,6,55,27,4,2019,"('kolkata', 'banglore')",3841
Jet Airways,delhi,cochin,540,1,no info,10,0,27,5,2019,"('delhi', 'cochin')",16079
Jet Airways,delhi,cochin,1380,2,in-flight meal not included,5,25,27,3,2019,"('delhi', 'cochin')",9254
Indigo,banglore,new delhi,305,1,no info,6,25,9,3,2019,"('banglore', 'new delhi')",8434
Spicejet,banglore,new delhi,170,0,no info,20,30,9,3,2019,"('banglore', 'new delhi')",6205
Jet Airways,delhi,cochin,440,2,no info,11,40,12,6,2019,"('delhi', 'cochin')",18804
Jet Airways,delhi,cochin,1195,2,no info,23,5,24,6,2019,"('delhi', 'cochin')",12819
Indigo,delhi,cochin,635,1,no info,15,0,27,3,2019,"('delhi', 'cochin')",8075
Jet Airways,delhi,cochin,655,1,no info,17,30,21,3,2019,"('delhi', 'cochin')",12557
Jet Airways,delhi,cochin,440,2,in-flight meal not included,11,40,15,6,2019,"('delhi', 'cochin')",15812
Air India,delhi,cochin,705,1,no info,20,30,6,3,2019,"('delhi', 'cochin')",10566
Air India,banglore,new delhi,1520,1,change airports,22,0,1,3,2019,"('banglore', 'new delhi')",14305
Jet Airways,kolkata,banglore,590,1,in-flight meal not included,6,30,6,5,2019,"('kolkata', 'banglore')",10844
Indigo,banglore,delhi,175,0,no info,18,25,18,4,2019,"('banglore', 'delhi')",4990
Indigo,delhi,cochin,320,1,no info,6,50,15,5,2019,"('delhi', 'cochin')",5298
Indigo,banglore,new delhi,295,1,no info,16,55,15,3,2019,"('banglore', 'new delhi')",5397
Air India,delhi,cochin,1640,1,no info,6,5,15,6,2019,"('delhi', 'cochin')",7480
Spicejet,kolkata,banglore,155,0,no check-in baggage included,6,55,9,5,2019,"('kolkata', 'banglore')",3841
Indigo,banglore,delhi,170,0,no info,8,30,18,6,2019,"('banglore', 'delhi')",4823
Air India,banglore,new delhi,1795,2,no info,17,0,24,3,2019,"('banglore', 'new delhi')",8114
Air India,delhi,cochin,965,1,no info,17,20,12,6,2019,"('delhi', 'cochin')",7480
Jet Airways,delhi,cochin,1570,1,in-flight meal not included,2,15,9,6,2019,"('delhi', 'cochin')",10262
Indigo,delhi,cochin,730,1,no info,8,50,12,6,2019,"('delhi', 'cochin')",6093
Jet Airways,kolkata,banglore,1330,1,no info,6,30,6,6,2019,"('kolkata', 'banglore')",13731
Indigo,kolkata,banglore,325,1,no info,18,5,24,5,2019,"('kolkata', 'banglore')",6218
Jet Airways,banglore,delhi,185,0,in-flight meal not included,18,55,27,4,2019,"('banglore', 'delhi')",4544
Jet Airways,delhi,cochin,880,2,in-flight meal not included,13,45,9,3,2019,"('delhi', 'cochin')",15129
Multiple Carriers,delhi,cochin,455,1,no info,11,40,18,5,2019,"('delhi', 'cochin')",9211
Vistara,banglore,new delhi,160,0,no info,11,30,9,3,2019,"('banglore', 'new delhi')",7240
Air Asia,kolkata,banglore,155,0,no info,10,20,3,4,2019,"('kolkata', 'banglore')",4107
Jet Airways,delhi,cochin,1210,1,in-flight meal not included,22,50,9,6,2019,"('delhi', 'cochin')",10262
Air India,kolkata,banglore,1435,1,no info,20,30,15,5,2019,"('kolkata', 'banglore')",10203
Multiple Carriers,delhi,cochin,455,1,no info,18,0,21,3,2019,"('delhi', 'cochin')",7363
Multiple Carriers,delhi,cochin,840,1,no info,7,0,24,6,2019,"('delhi', 'cochin')",7618
Jet Airways,banglore,new delhi,1485,1,in-flight meal not included,20,35,12,3,2019,"('banglore', 'new delhi')",11087
Multiple Carriers,delhi,cochin,910,1,no info,10,20,27,5,2019,"('delhi', 'cochin')",6795
Indigo,banglore,delhi,170,0,no info,22,10,3,4,2019,"('banglore', 'delhi')",3943
Indigo,delhi,cochin,425,1,no info,5,5,3,6,2019,"('delhi', 'cochin')",6818
Indigo,mumbai,hyderabad,90,0,no info,16,55,15,5,2019,"('mumbai', 'hyderabad')",3175
Indigo,delhi,cochin,195,0,no info,14,25,15,4,2019,"('delhi', 'cochin')",6015
Multiple Carriers,delhi,cochin,640,1,in-flight meal not included,2,15,9,3,2019,"('delhi', 'cochin')",18260
Jet Airways,delhi,cochin,830,2,in-flight meal not included,14,35,18,5,2019,"('delhi', 'cochin')",13848
Jet Airways,delhi,cochin,1325,1,no info,20,55,9,6,2019,"('delhi', 'cochin')",14924
Indigo,delhi,cochin,975,1,no info,9,15,9,6,2019,"('delhi', 'cochin')",6628
Jet Airways,delhi,cochin,2070,2,in-flight meal not included,17,55,6,3,2019,"('delhi', 'cochin')",15812
Air India,kolkata,banglore,150,0,no info,14,15,27,3,2019,"('kolkata', 'banglore')",5170
Indigo,kolkata,banglore,155,0,no info,15,30,21,4,2019,"('kolkata', 'banglore')",4804
Air Asia,banglore,delhi,170,0,no info,23,55,1,5,2019,"('banglore', 'delhi')",4483
Air India,banglore,new delhi,170,0,no info,13,20,24,3,2019,"('banglore', 'new delhi')",4441
Jet Airways,kolkata,banglore,505,1,in-flight meal not included,9,35,15,5,2019,"('kolkata', 'banglore')",12384
Multiple Carriers,delhi,cochin,615,1,no info,8,45,27,5,2019,"('delhi', 'cochin')",10529
Indigo,banglore,delhi,180,0,no info,21,15,15,6,2019,"('banglore', 'delhi')",3943
Indigo,kolkata,banglore,265,1,no info,19,20,15,4,2019,"('kolkata', 'banglore')",3809
Air India,delhi,cochin,1010,1,no info,6,10,6,4,2019,"('delhi', 'cochin')",5022
Indigo,banglore,delhi,175,0,no info,7,10,27,4,2019,"('banglore', 'delhi')",4823
Jet Airways,delhi,cochin,1300,2,in-flight meal not included,6,45,12,6,2019,"('delhi', 'cochin')",10919
Air India,delhi,cochin,1420,2,no info,9,45,21,5,2019,"('delhi', 'cochin')",10975
Indigo,kolkata,banglore,155,0,no info,4,40,21,4,2019,"('kolkata', 'banglore')",4804
Vistara,kolkata,banglore,1660,1,no info,7,10,24,3,2019,"('kolkata', 'banglore')",11262
Air India,kolkata,banglore,805,1,no info,7,0,9,5,2019,"('kolkata', 'banglore')",10203
Indigo,kolkata,banglore,160,0,no info,21,25,18,4,2019,"('kolkata', 'banglore')",4174
Indigo,banglore,delhi,175,0,no info,18,25,15,4,2019,"('banglore', 'delhi')",4823
Air India,delhi,cochin,1215,1,no info,23,0,1,3,2019,"('delhi', 'cochin')",27430
Indigo,delhi,cochin,310,1,no info,17,5,27,5,2019,"('delhi', 'cochin')",6373
Jet Airways,kolkata,banglore,590,1,in-flight meal not included,6,30,15,5,2019,"('kolkata', 'banglore')",10844
Spicejet,kolkata,banglore,145,0,no info,9,0,1,4,2019,"('kolkata', 'banglore')",3873
Jet Airways,banglore,new delhi,1555,1,no info,22,50,1,3,2019,"('banglore', 'new delhi')",26890
Air India,mumbai,hyderabad,80,0,no info,6,20,24,6,2019,"('mumbai', 'hyderabad')",3100
Indigo,delhi,cochin,570,1,no info,11,30,21,3,2019,"('delhi', 'cochin')",6838
Jet Airways,kolkata,banglore,705,1,in-flight meal not included,6,30,6,6,2019,"('kolkata', 'banglore')",10844
Indigo,banglore,new delhi,170,0,no info,4,0,3,3,2019,"('banglore', 'new delhi')",6144
Indigo,delhi,cochin,810,1,no info,7,30,15,6,2019,"('delhi', 'cochin')",6093
Air India,banglore,new delhi,1670,2,no info,6,45,18,3,2019,"('banglore', 'new delhi')",12305
Indigo,delhi,cochin,300,1,no info,16,0,6,3,2019,"('delhi', 'cochin')",7725
Jet Airways,kolkata,banglore,790,1,no info,6,30,24,3,2019,"('kolkata', 'banglore')",13339
Goair,banglore,delhi,165,0,no info,20,55,1,6,2019,"('banglore', 'delhi')",3898
Indigo,banglore,new delhi,170,0,no info,18,55,1,3,2019,"('banglore', 'new delhi')",14306
Multiple Carriers,delhi,cochin,450,1,no info,8,0,6,3,2019,"('delhi', 'cochin')",17267
Multiple Carriers,delhi,cochin,375,1,no info,13,0,21,5,2019,"('delhi', 'cochin')",14848
Indigo,mumbai,hyderabad,85,0,no info,21,20,15,3,2019,"('mumbai', 'hyderabad')",2754
Jet Airways,delhi,cochin,330,1,in-flight meal not included,7,5,6,6,2019,"('delhi', 'cochin')",10262
Indigo,kolkata,banglore,165,0,no info,22,10,6,3,2019,"('kolkata', 'banglore')",4778
Jet Airways,kolkata,banglore,1285,1,no info,18,55,12,6,2019,"('kolkata', 'banglore')",13044
Jet Airways,delhi,cochin,540,1,no info,10,0,9,5,2019,"('delhi', 'cochin')",15554
Jet Airways,mumbai,hyderabad,85,0,no info,2,55,12,6,2019,"('mumbai', 'hyderabad')",5678
Multiple Carriers,delhi,cochin,440,1,no info,11,40,6,6,2019,"('delhi', 'cochin')",11789
Multiple Carriers,delhi,cochin,515,1,no info,17,0,27,3,2019,"('delhi', 'cochin')",6673
Indigo,chennai,kolkata,140,0,no info,13,15,21,6,2019,"('chennai', 'kolkata')",3597
Jet Airways,delhi,cochin,1260,1,no info,21,50,3,3,2019,"('delhi', 'cochin')",17024
Air India,kolkata,banglore,955,2,no info,9,25,24,3,2019,"('kolkata', 'banglore')",11853
Indigo,kolkata,banglore,240,1,no info,6,20,9,6,2019,"('kolkata', 'banglore')",4226
Jet Airways,delhi,cochin,1005,1,in-flight meal not included,2,15,6,4,2019,"('delhi', 'cochin')",5177
Air India,kolkata,banglore,150,0,no info,14,15,18,5,2019,"('kolkata', 'banglore')",6245
Indigo,delhi,cochin,300,1,no info,5,5,9,3,2019,"('delhi', 'cochin')",8147
Vistara,banglore,delhi,155,0,no info,17,0,12,4,2019,"('banglore', 'delhi')",5613
Multiple Carriers,delhi,cochin,750,1,no info,13,0,12,6,2019,"('delhi', 'cochin')",13377
Jet Airways,kolkata,banglore,330,1,no info,6,30,12,5,2019,"('kolkata', 'banglore')",13941
Jet Airways,mumbai,hyderabad,85,0,no info,2,55,15,6,2019,"('mumbai', 'hyderabad')",5678
Air India,banglore,new delhi,165,0,no info,17,0,18,3,2019,"('banglore', 'new delhi')",11633
Indigo,chennai,kolkata,145,0,no info,11,35,27,6,2019,"('chennai', 'kolkata')",3858
Jet Airways,delhi,cochin,440,2,no info,11,40,27,6,2019,"('delhi', 'cochin')",18804
Goair,banglore,new delhi,175,0,no info,11,40,24,3,2019,"('banglore', 'new delhi')",4340
Indigo,delhi,cochin,845,1,no info,11,25,6,5,2019,"('delhi', 'cochin')",6979
Air Asia,banglore,delhi,170,0,no info,4,55,21,6,2019,"('banglore', 'delhi')",4282
Jet Airways,delhi,cochin,1530,1,in-flight meal not included,17,30,27,6,2019,"('delhi', 'cochin')",10262
Multiple Carriers,delhi,cochin,930,1,no info,10,0,3,6,2019,"('delhi', 'cochin')",9508
Indigo,banglore,delhi,170,0,no info,22,10,6,5,2019,"('banglore', 'delhi')",3419
Spicejet,mumbai,hyderabad,80,0,no check-in baggage included,5,45,24,3,2019,"('mumbai', 'hyderabad')",2175
Indigo,kolkata,banglore,325,1,no info,18,5,6,5,2019,"('kolkata', 'banglore')",6218
Jet Airways,mumbai,hyderabad,90,0,no info,19,35,3,4,2019,"('mumbai', 'hyderabad')",5678
Multiple Carriers,delhi,cochin,390,1,no info,9,0,6,3,2019,"('delhi', 'cochin')",15078
Vistara,banglore,delhi,160,0,no info,7,0,1,6,2019,"('banglore', 'delhi')",4878
Indigo,delhi,cochin,490,1,no info,14,20,1,6,2019,"('delhi', 'cochin')",6938
Jet Airways,banglore,new delhi,315,1,no info,8,0,1,3,2019,"('banglore', 'new delhi')",22270
Jet Airways,delhi,cochin,830,2,in-flight meal not included,14,35,12,6,2019,"('delhi', 'cochin')",10919
Goair,banglore,new delhi,175,0,no info,7,45,9,3,2019,"('banglore', 'new delhi')",7631
Multiple Carriers,delhi,cochin,485,1,no info,17,30,3,3,2019,"('delhi', 'cochin')",17057
Jet Airways,delhi,cochin,1270,1,in-flight meal not included,21,50,9,5,2019,"('delhi', 'cochin')",12373
Air India,banglore,new delhi,165,0,no info,6,10,1,3,2019,"('banglore', 'new delhi')",15676
Multiple Carriers,delhi,cochin,570,1,no info,11,30,27,3,2019,"('delhi', 'cochin')",12537
Air India,banglore,new delhi,655,2,no info,10,30,15,3,2019,"('banglore', 'new delhi')",6593
Jet Airways,banglore,new delhi,1050,1,no info,16,55,12,3,2019,"('banglore', 'new delhi')",13817
Air India,delhi,cochin,1660,1,no info,4,0,1,3,2019,"('delhi', 'cochin')",28322
Jet Airways,kolkata,banglore,750,1,in-flight meal not included,9,35,18,5,2019,"('kolkata', 'banglore')",12384
Spicejet,banglore,delhi,175,0,no info,21,10,27,5,2019,"('banglore', 'delhi')",3311
Air India,delhi,cochin,765,1,no info,20,40,1,5,2019,"('delhi', 'cochin')",7480
Jet Airways,delhi,cochin,330,1,in-flight meal not included,7,5,27,5,2019,"('delhi', 'cochin')",12898
Air Asia,kolkata,banglore,150,0,no info,19,55,21,5,2019,"('kolkata', 'banglore')",4107
Jet Airways,delhi,cochin,810,2,in-flight meal not included,5,30,12,6,2019,"('delhi', 'cochin')",10368
Indigo,chennai,kolkata,145,0,no info,11,35,15,5,2019,"('chennai', 'kolkata')",4332
Jet Airways,kolkata,banglore,750,1,no info,9,35,1,5,2019,"('kolkata', 'banglore')",12121
Air India,delhi,cochin,320,1,no info,17,40,27,5,2019,"('delhi', 'cochin')",7174
Goair,banglore,delhi,170,0,no info,11,40,6,5,2019,"('banglore', 'delhi')",3398
Indigo,kolkata,banglore,155,0,no info,15,30,21,5,2019,"('kolkata', 'banglore')",4804
Indigo,banglore,delhi,165,0,no info,6,5,9,5,2019,"('banglore', 'delhi')",4077
Multiple Carriers,delhi,cochin,615,1,no info,15,15,6,6,2019,"('delhi', 'cochin')",6795
Jet Airways,banglore,delhi,180,0,in-flight meal not included,7,10,3,4,2019,"('banglore', 'delhi')",4544
Indigo,delhi,cochin,425,1,no info,8,25,6,3,2019,"('delhi', 'cochin')",14871
Vistara,banglore,delhi,160,0,no info,7,0,6,6,2019,"('banglore', 'delhi')",4668
Air India,kolkata,banglore,545,1,no info,9,25,21,5,2019,"('kolkata', 'banglore')",8366
Air India,delhi,cochin,1730,2,no info,14,25,12,6,2019,"('delhi', 'cochin')",13381
Indigo,mumbai,hyderabad,90,0,no info,16,55,9,6,2019,"('mumbai', 'hyderabad')",3175
Jet Airways,delhi,cochin,620,1,in-flight meal not included,2,15,3,4,2019,"('delhi', 'cochin')",5177
Jet Airways,kolkata,banglore,1350,1,in-flight meal not included,21,10,24,3,2019,"('kolkata', 'banglore')",10031
Air India,kolkata,banglore,1165,2,no info,10,0,15,5,2019,"('kolkata', 'banglore')",14424
Air India,kolkata,banglore,1195,2,no info,12,0,24,5,2019,"('kolkata', 'banglore')",9416
Jet Airways,delhi,cochin,395,1,in-flight meal not included,21,50,24,6,2019,"('delhi', 'cochin')",10262
Spicejet,mumbai,hyderabad,90,0,no info,5,45,21,5,2019,"('mumbai', 'hyderabad')",2017
Air Asia,kolkata,banglore,150,0,no info,19,55,18,5,2019,"('kolkata', 'banglore')",5989
Jet Airways,banglore,new delhi,450,1,no info,11,40,18,3,2019,"('banglore', 'new delhi')",14815
Jet Airways,delhi,cochin,610,1,in-flight meal not included,18,15,27,5,2019,"('delhi', 'cochin')",12898
Indigo,banglore,delhi,180,0,no info,21,15,9,6,2019,"('banglore', 'delhi')",3943
Jet Airways,kolkata,banglore,395,1,no info,17,0,12,5,2019,"('kolkata', 'banglore')",14151
Jet Airways,delhi,cochin,395,1,no info,21,50,1,6,2019,"('delhi', 'cochin')",14714
Indigo,kolkata,banglore,165,0,no info,22,10,1,3,2019,"('kolkata', 'banglore')",4778
Jet Airways,delhi,cochin,1615,2,no info,9,40,9,6,2019,"('delhi', 'cochin')",13014
Air India,delhi,cochin,915,1,no info,4,0,9,3,2019,"('delhi', 'cochin')",11050
Jet Airways,kolkata,banglore,960,1,in-flight meal not included,20,0,1,4,2019,"('kolkata', 'banglore')",7064
Jet Airways,mumbai,hyderabad,90,0,in-flight meal not included,2,55,27,3,2019,"('mumbai', 'hyderabad')",1840
Air India,banglore,new delhi,330,1,no info,6,45,15,3,2019,"('banglore', 'new delhi')",8714
Air India,chennai,kolkata,135,0,no info,11,40,15,5,2019,"('chennai', 'kolkata')",4667
Jet Airways,banglore,delhi,175,0,no info,15,15,1,4,2019,"('banglore', 'delhi')",7229
Jet Airways,kolkata,banglore,1450,1,no info,9,35,18,5,2019,"('kolkata', 'banglore')",14151
Spicejet,banglore,new delhi,175,0,no info,9,35,24,3,2019,"('banglore', 'new delhi')",3925
Jet Airways,kolkata,banglore,775,1,no info,21,10,9,5,2019,"('kolkata', 'banglore')",14388
Spicejet,kolkata,banglore,160,0,no info,6,55,1,3,2019,"('kolkata', 'banglore')",4622
Jet Airways,kolkata,banglore,1080,1,in-flight meal not included,20,25,15,5,2019,"('kolkata', 'banglore')",9314
Jet Airways,delhi,cochin,2245,2,no info,5,25,3,3,2019,"('delhi', 'cochin')",18799
Spicejet,mumbai,hyderabad,90,0,no info,22,45,27,5,2019,"('mumbai', 'hyderabad')",2017
Jet Airways,kolkata,banglore,705,1,in-flight meal not included,6,30,24,5,2019,"('kolkata', 'banglore')",10844
Jet Airways,delhi,cochin,600,1,no info,9,0,1,6,2019,"('delhi', 'cochin')",14714
Indigo,chennai,kolkata,145,0,no info,11,35,24,3,2019,"('chennai', 'kolkata')",4332
Air India,delhi,cochin,735,1,no info,7,0,24,5,2019,"('delhi', 'cochin')",9929
Vistara,kolkata,banglore,1640,1,no info,17,0,21,5,2019,"('kolkata', 'banglore')",9345
Indigo,delhi,cochin,570,1,no info,6,40,27,3,2019,"('delhi', 'cochin')",6442
Jet Airways,kolkata,banglore,855,1,no info,6,30,1,4,2019,"('kolkata', 'banglore')",12681
Jet Airways,banglore,new delhi,280,1,no info,9,45,6,3,2019,"('banglore', 'new delhi')",16757
Jet Airways,kolkata,banglore,665,1,no info,21,10,24,5,2019,"('kolkata', 'banglore')",14178
Jet Airways,kolkata,banglore,590,1,in-flight meal not included,8,25,1,4,2019,"('kolkata', 'banglore')",7064
Jet Airways,kolkata,banglore,1450,1,no info,9,35,6,5,2019,"('kolkata', 'banglore')",10953
Indigo,kolkata,banglore,155,0,no info,20,20,24,4,2019,"('kolkata', 'banglore')",4804
Jet Airways,kolkata,banglore,1200,1,in-flight meal not included,14,5,9,5,2019,"('kolkata', 'banglore')",7757
Indigo,delhi,cochin,345,1,no info,2,0,15,5,2019,"('delhi', 'cochin')",6037
Indigo,delhi,cochin,325,1,no info,2,0,15,5,2019,"('delhi', 'cochin')",8618
Indigo,banglore,new delhi,170,0,no info,18,55,3,3,2019,"('banglore', 'new delhi')",8855
Vistara,chennai,kolkata,135,0,no info,7,5,18,3,2019,"('chennai', 'kolkata')",4842
Spicejet,kolkata,banglore,140,0,no info,22,20,3,5,2019,"('kolkata', 'banglore')",3873
Indigo,kolkata,banglore,295,1,no info,9,20,15,5,2019,"('kolkata', 'banglore')",11319
Indigo,banglore,delhi,170,0,no info,8,30,15,6,2019,"('banglore', 'delhi')",4823
Jet Airways,banglore,new delhi,625,1,no info,8,0,1,3,2019,"('banglore', 'new delhi')",26890
Air Asia,banglore,delhi,165,0,no info,11,10,3,6,2019,"('banglore', 'delhi')",4483
Jet Airways,kolkata,banglore,365,1,in-flight meal not included,16,30,12,5,2019,"('kolkata', 'banglore')",10844
Indigo,kolkata,banglore,290,1,no info,15,15,18,5,2019,"('kolkata', 'banglore')",4775
Jet Airways,delhi,cochin,1320,1,no info,20,50,9,3,2019,"('delhi', 'cochin')",16289
Indigo,banglore,delhi,170,0,no info,22,10,21,6,2019,"('banglore', 'delhi')",3943
Multiple Carriers,delhi,cochin,720,1,no info,7,0,18,5,2019,"('delhi', 'cochin')",10197
Spicejet,chennai,kolkata,135,0,no info,8,20,18,5,2019,"('chennai', 'kolkata')",3597
Multiple Carriers,delhi,cochin,740,1,no info,6,40,1,6,2019,"('delhi', 'cochin')",11200
Jet Airways,delhi,cochin,1270,1,no info,21,50,9,5,2019,"('delhi', 'cochin')",15554
Jet Airways,delhi,cochin,1260,1,in-flight meal not included,21,50,9,3,2019,"('delhi', 'cochin')",13843
Multiple Carriers,delhi,cochin,700,1,no info,13,55,3,3,2019,"('delhi', 'cochin')",17057
Jet Airways,delhi,cochin,600,2,no info,18,25,1,6,2019,"('delhi', 'cochin')",14237
Air Asia,kolkata,banglore,710,1,no info,7,35,9,6,2019,"('kolkata', 'banglore')",7870
Jet Airways,kolkata,banglore,875,1,in-flight meal not included,14,5,12,6,2019,"('kolkata', 'banglore')",7594
Multiple Carriers,delhi,cochin,720,1,no info,9,0,27,3,2019,"('delhi', 'cochin')",12537
Jet Airways,kolkata,banglore,1010,1,in-flight meal not included,16,30,24,5,2019,"('kolkata', 'banglore')",9663
Jet Airways,delhi,cochin,1530,1,in-flight meal not included,17,30,9,5,2019,"('delhi', 'cochin')",12373
Jet Airways,kolkata,banglore,740,1,in-flight meal not included,8,25,18,5,2019,"('kolkata', 'banglore')",10844
Jet Airways,delhi,cochin,1570,1,in-flight meal not included,2,15,27,3,2019,"('delhi', 'cochin')",6017
Jet Airways,delhi,cochin,810,2,no info,5,30,9,5,2019,"('delhi', 'cochin')",15129
Multiple Carriers,delhi,cochin,910,1,no info,9,45,21,5,2019,"('delhi', 'cochin')",9486
Jet Airways,mumbai,hyderabad,90,0,in-flight meal not included,2,55,15,3,2019,"('mumbai', 'hyderabad')",2071
Multiple Carriers,delhi,cochin,690,1,no info,7,30,27,6,2019,"('delhi', 'cochin')",11789
Indigo,delhi,cochin,575,1,no info,11,25,27,5,2019,"('delhi', 'cochin')",6314
Jet Airways,banglore,delhi,165,0,in-flight meal not included,6,0,24,5,2019,"('banglore', 'delhi')",4030
Jet Airways,banglore,new delhi,570,1,no info,8,55,1,3,2019,"('banglore', 'new delhi')",26890
Indigo,delhi,cochin,525,1,no info,16,10,21,5,2019,"('delhi', 'cochin')",6778
Jet Airways,banglore,delhi,175,0,no info,11,10,21,4,2019,"('banglore', 'delhi')",7229
Jet Airways,delhi,cochin,1375,2,no info,5,30,9,5,2019,"('delhi', 'cochin')",15129
Air India,kolkata,banglore,795,1,no info,10,0,21,5,2019,"('kolkata', 'banglore')",11936
Jet Airways,mumbai,hyderabad,90,0,no info,2,55,3,3,2019,"('mumbai', 'hyderabad')",5678
Air India,kolkata,banglore,1170,2,no info,9,10,24,5,2019,"('kolkata', 'banglore')",6117
Indigo,banglore,new delhi,295,1,no info,12,10,18,3,2019,"('banglore', 'new delhi')",4410
Jet Airways,delhi,cochin,1415,1,in-flight meal not included,13,0,21,5,2019,"('delhi', 'cochin')",12898
Air Asia,banglore,delhi,170,0,no info,23,55,21,5,2019,"('banglore', 'delhi')",3383
Indigo,mumbai,hyderabad,90,0,no info,9,10,15,6,2019,"('mumbai', 'hyderabad')",4049
Air India,delhi,cochin,185,0,no info,18,5,6,3,2019,"('delhi', 'cochin')",7931
Multiple Carriers,delhi,cochin,635,1,no info,15,0,21,3,2019,"('delhi', 'cochin')",13542
Multiple Carriers,delhi,cochin,470,1,no info,11,25,3,6,2019,"('delhi', 'cochin')",7354
Jet Airways,mumbai,hyderabad,90,0,in-flight meal not included,19,35,9,6,2019,"('mumbai', 'hyderabad')",3210
Air India,mumbai,hyderabad,560,2,no info,5,30,12,3,2019,"('mumbai', 'hyderabad')",11342
Air Asia,kolkata,banglore,150,0,no info,19,55,12,6,2019,"('kolkata', 'banglore')",3807
Jet Airways,banglore,new delhi,775,1,no info,20,35,6,3,2019,"('banglore', 'new delhi')",17261
Spicejet,banglore,new delhi,175,0,no info,9,35,9,3,2019,"('banglore', 'new delhi')",6205
Vistara,banglore,new delhi,175,0,no info,21,10,3,3,2019,"('banglore', 'new delhi')",7608
Jet Airways,kolkata,banglore,735,1,no info,20,0,12,6,2019,"('kolkata', 'banglore')",13044
Jet Airways,delhi,cochin,1105,1,in-flight meal not included,10,0,12,6,2019,"('delhi', 'cochin')",10262
Jet Airways,delhi,cochin,440,2,in-flight meal not included,11,40,3,6,2019,"('delhi', 'cochin')",15812
Jet Airways,delhi,cochin,440,1,in-flight meal not included,11,30,27,3,2019,"('delhi', 'cochin')",6017
Jet Airways,delhi,cochin,1195,2,no info,23,5,9,4,2019,"('delhi', 'cochin')",9483
Vistara,banglore,new delhi,160,0,no info,11,30,3,3,2019,"('banglore', 'new delhi')",8028
Spicejet,banglore,delhi,170,0,no info,9,30,3,6,2019,"('banglore', 'delhi')",3971
Jet Airways,delhi,cochin,1195,2,no info,23,5,27,5,2019,"('delhi', 'cochin')",15129
Multiple Carriers,delhi,cochin,660,1,in-flight meal not included,10,0,21,3,2019,"('delhi', 'cochin')",8085
Multiple Carriers,delhi,cochin,615,1,in-flight meal not included,15,15,24,6,2019,"('delhi', 'cochin')",5797
Indigo,kolkata,banglore,165,0,no info,10,10,27,3,2019,"('kolkata', 'banglore')",4148
Air India,delhi,cochin,2295,2,no info,5,0,9,3,2019,"('delhi', 'cochin')",10598
Jet Airways,mumbai,hyderabad,90,0,no info,2,55,27,3,2019,"('mumbai', 'hyderabad')",5678
Jet Airways,kolkata,banglore,450,1,no info,21,10,24,5,2019,"('kolkata', 'banglore')",14178
Spicejet,delhi,cochin,360,1,no info,15,55,21,3,2019,"('delhi', 'cochin')",5511
Indigo,delhi,cochin,570,1,no info,6,40,9,3,2019,"('delhi', 'cochin')",6442
Jet Airways,kolkata,banglore,1170,1,in-flight meal not included,16,30,18,5,2019,"('kolkata', 'banglore')",10844
Indigo,mumbai,hyderabad,95,0,no info,20,5,3,6,2019,"('mumbai', 'hyderabad')",2227
Multiple Carriers,delhi,cochin,540,1,no info,10,0,24,6,2019,"('delhi', 'cochin')",12717
Air India,kolkata,banglore,1350,1,no info,9,25,1,5,2019,"('kolkata', 'banglore')",8366
Vistara,kolkata,banglore,765,1,no info,20,20,12,6,2019,"('kolkata', 'banglore')",7927
Multiple Carriers,delhi,cochin,855,2,no info,7,5,27,3,2019,"('delhi', 'cochin')",6128
Jet Airways,delhi,cochin,360,1,in-flight meal not included,13,0,9,6,2019,"('delhi', 'cochin')",10262
Jet Airways,delhi,cochin,1775,2,no info,13,25,27,5,2019,"('delhi', 'cochin')",15129
Indigo,kolkata,banglore,155,0,no info,11,30,18,4,2019,"('kolkata', 'banglore')",5224
Jet Airways,kolkata,banglore,570,1,no info,14,5,1,5,2019,"('kolkata', 'banglore')",14781
Air Asia,kolkata,banglore,720,1,no info,22,40,1,5,2019,"('kolkata', 'banglore')",5192
Jet Airways,delhi,cochin,1775,2,no info,13,25,9,4,2019,"('delhi', 'cochin')",9483
Air India,delhi,cochin,735,1,no info,7,0,3,6,2019,"('delhi', 'cochin')",8879
Multiple Carriers,delhi,cochin,535,1,no info,10,20,18,5,2019,"('delhi', 'cochin')",8476
Jet Airways,banglore,new delhi,695,1,1 long layover,22,50,1,3,2019,"('banglore', 'new delhi')",31825
Jet Airways,banglore,delhi,185,0,no info,18,55,3,4,2019,"('banglore', 'delhi')",7229
Jet Airways,kolkata,banglore,575,1,in-flight meal not included,9,35,9,6,2019,"('kolkata', 'banglore')",13994
Jet Airways,delhi,cochin,535,2,no info,19,30,3,6,2019,"('delhi', 'cochin')",13014
Indigo,kolkata,banglore,165,0,no info,17,15,3,3,2019,"('kolkata', 'banglore')",6985
Air India,kolkata,banglore,1610,2,no info,8,20,21,5,2019,"('kolkata', 'banglore')",11222
Jet Airways,delhi,cochin,500,2,no info,20,5,6,3,2019,"('delhi', 'cochin')",52285
Multiple Carriers,delhi,cochin,755,1,no info,6,40,18,5,2019,"('delhi', 'cochin')",7564
Indigo,banglore,delhi,170,0,no info,8,30,24,5,2019,"('banglore', 'delhi')",4823
Indigo,mumbai,hyderabad,95,0,no info,20,5,12,5,2019,"('mumbai', 'hyderabad')",2227
Indigo,banglore,new delhi,175,0,no info,18,25,3,3,2019,"('banglore', 'new delhi')",7648
Spicejet,banglore,delhi,160,0,no check-in baggage included,5,55,24,5,2019,"('banglore', 'delhi')",3257
Indigo,kolkata,banglore,155,0,no info,15,30,27,4,2019,"('kolkata', 'banglore')",4804
Air India,kolkata,banglore,1100,2,no info,7,0,18,5,2019,"('kolkata', 'banglore')",13243
Multiple Carriers,delhi,cochin,385,1,no info,12,50,15,5,2019,"('delhi', 'cochin')",8266
Air India,delhi,cochin,865,2,no info,17,15,18,5,2019,"('delhi', 'cochin')",12199
Indigo,mumbai,hyderabad,85,0,no info,12,0,15,3,2019,"('mumbai', 'hyderabad')",3175
Goair,delhi,cochin,350,1,no info,7,0,27,3,2019,"('delhi', 'cochin')",5281
Air India,delhi,cochin,1100,2,no info,13,20,27,3,2019,"('delhi', 'cochin')",10178
Air India,kolkata,banglore,1515,1,no info,12,0,9,6,2019,"('kolkata', 'banglore')",7662
Indigo,kolkata,banglore,155,0,no info,9,35,3,6,2019,"('kolkata', 'banglore')",4804
Air India,banglore,new delhi,1600,2,2 long layover,6,45,1,3,2019,"('banglore', 'new delhi')",26480
Air India,kolkata,banglore,625,1,no info,10,0,9,6,2019,"('kolkata', 'banglore')",10413
Jet Airways,delhi,cochin,1570,1,in-flight meal not included,2,15,3,4,2019,"('delhi', 'cochin')",5177
Air India,banglore,new delhi,1595,1,no info,9,30,1,3,2019,"('banglore', 'new delhi')",12704
Jet Airways,banglore,delhi,180,0,no info,8,20,15,5,2019,"('banglore', 'delhi')",7229
Indigo,mumbai,hyderabad,90,0,no info,21,20,18,5,2019,"('mumbai', 'hyderabad')",2227
Jet Airways,banglore,new delhi,1365,1,in-flight meal not included,11,40,18,3,2019,"('banglore', 'new delhi')",11087
Multiple Carriers,delhi,cochin,455,1,no info,11,40,6,3,2019,"('delhi', 'cochin')",15353
Indigo,delhi,cochin,895,1,no info,7,35,15,6,2019,"('delhi', 'cochin')",6442
Jet Airways,delhi,cochin,1365,2,no info,5,40,3,3,2019,"('delhi', 'cochin')",19266
Multiple Carriers,delhi,cochin,720,1,in-flight meal not included,9,0,6,3,2019,"('delhi', 'cochin')",15136
Air India,kolkata,banglore,1620,2,no info,7,0,24,3,2019,"('kolkata', 'banglore')",11491
Jet Airways,delhi,cochin,745,1,in-flight meal not included,16,0,3,6,2019,"('delhi', 'cochin')",10262
Indigo,banglore,delhi,165,0,no info,1,30,15,6,2019,"('banglore', 'delhi')",3419
Air India,kolkata,banglore,150,0,no info,14,15,3,3,2019,"('kolkata', 'banglore')",13885
Jet Airways,delhi,cochin,805,1,in-flight meal not included,15,0,21,3,2019,"('delhi', 'cochin')",6017
Jet Airways,banglore,delhi,180,0,no info,19,50,1,6,2019,"('banglore', 'delhi')",8016
Jet Airways,kolkata,banglore,1745,1,no info,17,0,24,5,2019,"('kolkata', 'banglore')",13067
Spicejet,kolkata,banglore,150,0,no info,17,15,9,3,2019,"('kolkata', 'banglore')",4622
Air India,delhi,cochin,1560,2,no info,17,15,21,5,2019,"('delhi', 'cochin')",11989
Jet Airways,kolkata,banglore,870,1,in-flight meal not included,20,25,9,5,2019,"('kolkata', 'banglore')",8066
Indigo,delhi,cochin,845,1,no info,11,25,27,6,2019,"('delhi', 'cochin')",5684
